pH,Nitrogen,Phosphorus,Potassium,Organic_Matter,Moisture,Quality
7.245071229516849,49.33949472560879,53.189609390634644,116.43132402700576,4.098021408360285,20.281424516985986,3
6.292603548243223,39.926994792488074,40.58963798115198,114.31002669306508,0.582651566493734,35.127024710156,2
7.471532807151039,46.55250085092676,26.315117289004633,221.27029661864663,1.9854810112887344,23.01813152697682,2
8.784544784612038,64.29463455035399,33.06251270200046,243.2206831929999,0.9479280611734286,25.905692647176394,2
6.148769937914996,75.55713310061029,45.14280198672472,103.55587707949171,3.283951591271396,32.17390606637717,3
6.148794564576229,61.409746617271466,67.2769656757239,116.55027837801478,1.0149835018136608,24.410365931510594,3
8.868819223261088,52.034464169435395,32.739705652055825,207.12614097520725,0.5,6.821521416701412,2
7.651152093729364,79.96023540608854,52.07181165291099,176.67599965711983,2.6437839951846382,35.405875045535474,3
5.795788421097572,43.743270538969554,35.0791532398486,183.8214052660461,0.5,37.54928829915052,2
7.3138400653789475,70.61838676733814,41.657031338292036,194.83006474265284,3.388107292081435,6.688839083995568,3
5.804873460781307,44.238744032974424,62.730951238953885,137.96339191279623,1.113555714933388,14.567087943384621,3
5.801405369644614,58.62045916021786,51.4643887213065,166.49849624950932,1.7391303778796583,45.23879617485511,3
6.862943407349051,47.72874870419097,21.380510908885647,162.6096075349046,0.5,27.32034678503912,2
3.6300796330133034,48.882956346943786,31.41287464282614,107.07541998772697,5.475153320712819,25.03551273270365,2
3.9126232512304506,42.4522696507558,58.84332016662039,165.7545471607852,0.8056276695328819,20.736165929504295,2
5.6565687061385415,76.89708062361389,42.12817063942743,211.8855348074834,2.4539981481781576,14.692973491433657,3
4.980753319498364,35.3414792378293,22.767398205762046,133.29333805783193,0.5,23.055823576936167,1
6.971370998892911,35.195354949025834,27.715713325394187,157.62846243704672,1.7464982874288415,34.74422739165711,2
5.137963886718183,92.41987131690219,50.552402840667575,160.3354458005428,5.627732671536315,24.843220406190007,3
4.381544447997063,69.55695129308663,54.91615421826445,135.76677247823648,3.4462151028980217,31.10284085893048,3
8.69847315338233,5.0,40.26782952223262,183.8450618847179,1.9145535055341307,42.65707148506563,2
6.161335549270197,38.69482521579193,77.12970701404154,115.99671843725062,2.9487397805168047,19.19521819553807,3
6.601292307031886,13.760213248758916,52.36228545183458,216.63227593479672,2.159161414970083,28.02874900658442,3
4.362877720679815,30.986186131694897,36.34778395550649,181.31027808161227,2.8613691302586197,35.04393560935678,2
5.683425913212226,5.0,27.764409278509838,103.16156996635527,4.115803078549442,15.670963665334034,2
6.666383884564799,47.260208446121155,25.376735430414378,234.90048424431268,2.5033530151394414,26.780528280658046,3
4.773509633866546,27.16116361677377,45.03131980720554,158.40507306307978,3.3299872108876567,43.72324524626361,2
7.063547027518508,51.19810513592877,32.6683443262989,113.85262413824742,3.354743246472383,21.597496195401845,2
5.599041965121793,17.497574822349506,65.10615630975137,205.22772624955957,2.510781529053385,35.683465380037894,3
6.062459375310085,51.6582370634408,61.994677043767894,174.73357597240124,1.8961110154949166,23.58863122790228,3
5.597440081655905,41.701674437593454,49.49599821245841,61.40201478829809,2.2122249650933092,42.9958701731699,2
9.0,80.03905930377192,22.315057405646566,123.71698413780732,4.048777877302616,8.545321111628947,2
6.479754162893099,78.2271372349125,29.916716911713927,163.9548668610772,4.173625057463176,25.64956191010284,3
4.91343360656615,65.70691206020567,58.835162886116514,42.021666117867056,1.2933085030972933,10.211453048541102,2
7.733817368154783,43.46772438677575,31.554007003073473,154.2535042693697,2.608515998417987,17.99123183719106,2
4.668734525043467,89.70760790520586,56.83212600879287,157.898968635263,1.8706171963464977,17.931812147048053,2
6.813295392507133,18.939294443203586,47.119058845521415,90.82540588120887,4.199928644574211,22.330436928661456,2
3.5604948141803368,21.928827408726747,40.77576827219781,163.5322443129982,2.2931954403301487,13.117086493046802,2
4.507720926652354,48.32433800221871,29.457507805968383,150.37319195625167,6.301385726357052,24.28260442440488,2
6.795291853803685,95.08076217842239,38.58634234712873,90.43529470574927,3.326846084845579,29.604665044811778,3
7.607699869993116,45.95322186259825,42.84471932312347,195.97802734314126,4.772994681334833,9.68096867378434,3
6.757052421784956,46.33509513581436,55.48808347451683,191.89268973839023,1.478083759794951,18.650675099705282,3
6.326527576417639,21.161792877763816,26.71396599049368,135.51314565738193,3.0175832236287983,50.40992132763023,2
6.048344456616067,68.91859170540756,36.05774736210827,140.07093383040882,3.9242596475553353,28.292371388658488,3
4.282217014448859,69.06352508658708,40.67234697898427,186.31319687976728,1.4500496372672997,6.8225879581823285,2
5.420233687407937,65.7815040279982,49.94017536529247,139.96684284440968,3.030514067715866,10.995341352402123,3
5.809041843560319,37.415586543052754,26.373034937158344,53.45458997399227,4.577788548300805,27.25904245372861,2
8.085683339328373,35.86586463253988,20.251453106691773,174.34682786999636,2.5088249881147715,26.00666038574238,2
7.015427434352692,24.137554991900593,50.10947727565075,109.33703396307459,1.7223712431410623,19.1255719829912,2
3.8554397669558993,51.67745003521867,17.23076327579945,130.5078472791203,5.704439183208777,46.933149568879756,2
6.986125954092192,28.391853414429967,59.27469572143252,222.8935283975738,1.242382047530552,51.18728820868654,3
5.922376579375525,26.451669895014227,37.66110853775638,143.3010762995601,3.233835942572381,22.356166401502765,2
5.484616999541062,41.526185661786485,16.787033765883304,150.08674679369366,1.93758549249479,33.729568659267386,2
7.417514433261302,40.21687649631568,32.793696708947586,175.48336377317986,1.5947486417136718,34.23166171321002,2
8.046499283743927,39.2404294235609,45.686854496038556,175.26669719370162,4.112485624054889,35.558731394775776,2
7.896920178674298,59.32889193680523,32.00948368667534,104.04011163111083,2.691696132506193,18.59914678226096,2
5.241173715166042,51.580956043005585,40.30044623236521,146.9850742232813,3.6088296981295467,44.394492172205375,3
6.0361814362231785,44.23687938977765,51.1011754855793,151.80762639629137,0.5,24.31402803765591,3
6.996895147105346,53.66025856622964,36.9671449691857,163.60134483144134,3.75467967294309,29.21992081025111,3
7.963317690683539,30.169459177907356,25.944134853007995,164.46109704583097,1.9191061322755,25.020435102283102,2
5.781238643232065,52.10557247819356,35.51524003942239,279.3720614388729,0.5,23.603138277012413,2
6.221511535004274,53.01204985689267,61.222602046888895,91.20701147063777,5.827109332180763,27.784044599378596,3
4.840497538990958,19.939062812850388,65.27596517999775,199.0045810098978,3.9015202897419408,13.14114426206483,2
4.705690063878993,69.91387508740723,9.701107390865872,209.16879029165295,3.340916119019397,5.288469808263507,2
7.718788733591297,32.37132589546009,56.36541863787215,174.63919869617635,4.874128274609799,22.866195239862734,3
8.534360042856235,51.8061959841287,43.752215740530346,117.48423025634625,3.371353922082804,16.195723630767308,2
6.391984817629499,73.2882348107054,53.85974018680225,233.23340151338132,1.8020789847845908,30.4750367798664,3
8.005299346838036,68.51353515427739,31.74267609598556,40.4008567629901,2.737548584276434,29.33790158711649,2
7.042454037571451,50.68666777137671,13.47604735747771,115.83666513910867,1.9824506802119215,25.13480019696702,2
5.532320368092313,42.75001994235863,48.76733182971193,208.58410986114058,2.2494706607629356,39.81574790554385,3
7.0420934082626205,68.95023817151134,25.885341080759247,131.4944198288741,1.113444501211138,24.9377232113703,2
8.807054849698954,63.493899556172394,19.175613527727215,229.82322624000926,1.5449691362995206,10.418491570541036,2
6.446260941335073,37.6326995991174,20.223979262898006,74.40976276607998,4.341878299003013,22.763557583455842,2
8.846965483721009,34.10212705996619,49.01370673623002,94.3949053025996,3.498113158204872,36.7096776685501,2
3.5,8.552896366080034,42.09178699043796,123.41809149365125,2.2454804212027373,6.157453270394569,2
7.732853756562836,53.08063683367175,51.73699032812011,170.86996387682643,1.4579522033052972,24.059636729500237,2
6.630570602357257,48.34604509963203,50.03612881744547,138.89899248099886,2.3919045317881005,30.75462034558955,3
6.051488974301199,72.72382749285084,33.68599653124351,125.48003737187895,0.5,51.522423345277836,3
6.637641164803253,57.18110186960733,38.94289639183816,221.01982155492618,3.189945899136529,37.082576369276055,3
3.5186466280986606,76.68458388345381,32.328437068261906,225.67224876945755,4.418207222988848,26.326163833644856,3
6.170492168243732,36.05271544167658,36.84508340701764,129.28101171462222,6.550458990088535,30.20759226346947,3
7.03566885726762,72.76300661935237,25.491178930284008,64.51160963351687,1.3451119161538223,6.023046397150743,2
8.716841067112274,39.4216724179069,45.85726440811503,42.12580854063101,4.355703668925914,14.502778140940375,2
5.722594672589529,65.55192123584544,56.12681123472635,161.96450573901782,1.9391828314531865,31.509556711106306,3
5.287259595660219,20.82483214938613,27.750804552685203,182.79778111093987,1.3073155649234813,26.61167396656318,2
5.747364434623195,54.70270598732377,59.21904468102014,153.1498892789273,1.306652806716035,27.88741186597393,3
7.873103176553111,10.306241171081801,41.702822447169126,146.4545946459621,3.2111035896404503,25.34114653677361,2
6.993126664489527,44.657250281164906,43.6161846460872,109.77286926529587,1.6038095644600958,24.949091024184856,2
5.705359694349442,58.80707987755827,14.508557205887229,182.74898969569193,2.0897313430597726,26.029306484787973,2
7.269901149670034,39.58062897537808,12.891065356513987,233.9092689449455,2.3393980038941073,14.439648157351947,2
6.64561632402206,28.991247424880655,42.16174544169523,39.15611613322221,1.8900482401516339,22.710730276550677,2
7.952967485799334,66.92236938591867,51.84598186948011,146.12494056061422,1.7811231709512811,12.558953685711584,3
5.446920359183972,47.93074420306153,29.929293345325714,101.48258252931998,0.5,18.80403543261759,1
6.008506780103348,40.208587059386566,65.05140850874633,75.47670029730742,3.1304299351678035,36.95905009204533,3
5.911837770301764,50.83791842308553,51.024039613814736,93.5012064607792,3.101507234337678,23.192476895024363,3
4.304727577801822,102.73338283891178,26.37488122438022,168.98364278422022,1.8039827253967324,30.95839475280808,2
6.944180415596864,73.07005699563088,40.462730005802605,170.24810987955829,3.5405764055825566,26.1529455411255,3
6.891582908269834,73.2514733637568,77.15393700585119,223.01438805874,5.0953612980985294,21.151083331067255,4
6.5076701849636915,58.71092637984728,21.361539958004418,150.43907735727308,3.0353697492514256,14.914312933915767,3
6.14811929993728,53.32970545154294,47.92404908372658,62.08891850652107,4.995386668734342,20.999443475906418,3
4.376943886924378,5.0,35.158831709149865,138.09152288120143,6.35719788064068,26.831784459805245,2
5.869032015851961,36.42039307073736,50.60344436377768,80.6810463892108,6.79578703368041,30.801534441242598,3
5.985928225209846,40.38851173595051,59.00910469477573,89.66020567889976,1.2176458702349984,26.22336864557286,2
5.296584096167572,12.50215871904934,34.20644366932949,179.02795292032476,1.2254054903719946,31.494803179457108,2
6.258071432500986,26.851684195691327,56.78368407560761,159.709045279721,2.333355004911433,9.79829897440294,3
7.106076285221808,10.383270581547322,73.31805091407941,179.37827977176653,3.193072801889761,33.66662557583501,2
9.0,49.23352328605255,40.99412106016352,132.1253576364136,5.379977999765371,13.717436592980468,2
6.761866719247759,66.37531941697632,51.77333031241278,189.5264781712678,3.9408618316364326,34.83504617158022,4
6.886325586084147,72.13549037248657,31.143388446950876,129.32985508549444,1.1950693054912502,30.02405843412843,3
6.388331126350749,58.295689241584824,40.28888963546819,205.83414163711234,2.082513887288507,6.298104378550338,3
3.6218431770514377,30.73207317602862,37.34987360937636,167.23194697357712,2.936999688051728,32.3696282418493,2
6.460229186826175,11.35869682960081,51.95403888487893,139.65015647576914,0.7662600327817572,34.95097339832911,2
6.59034531491154,14.862626011969965,58.07013903635388,160.60465220880485,3.0205026863113718,37.578784603459056,3
9.0,24.62034845491003,38.35517726323811,149.10696495125413,1.2173466134111317,17.31401715893977,2
6.211458552828316,32.22280603928651,63.00434268599385,229.80532576564616,0.5239182996639422,26.794108420705264,3
6.952321013500419,46.80503004016827,62.95071162342444,162.27188112893947,1.5795220807955785,31.944493830487087,3
6.447932345442135,29.716715637460634,52.70280614769851,149.91936638027457,3.6165315823385034,32.36326867412079,3
4.746982943570702,56.77951787336523,32.25960202417407,138.07545714746004,3.6061735664797787,29.095207618629686,2
8.21423422177253,45.354529944010544,30.82256774890146,192.15921096225054,3.14498087503116,20.733637565433774,2
7.627899549030161,50.210914234820514,27.81427967964942,185.39566695267524,4.487420490811316,34.87943754109148,3
7.68654792056457,72.8050110534241,54.23749105357241,136.3079184843686,4.328374851320151,34.93819966814517,3
5.135918817807892,26.3953653159926,21.823476887659535,92.21792426885956,3.3065720131054164,23.457216939033977,2
8.60419146640415,58.374091565847365,50.15256481166511,104.90159308108232,3.0995727750385567,17.164451959589385,2
4.3972234058115784,49.720535430478535,23.783359782638307,140.7918730228902,3.1943200578301445,17.72096660801856,2
7.380285640700405,43.3302743806061,52.353191797629606,217.44637530595415,2.778532230094377,38.64817715332212,3
9.0,67.7051264173192,40.25829374095841,137.49116853765432,0.5,34.50678384918426,2
5.014195512303967,67.58028309114015,60.004578427897414,120.29381950172177,4.703227267229729,24.799602172799705,3
5.650553405595842,31.07018408023144,57.12181867481907,61.96403433756768,3.596284247840515,23.00826792479003,2
6.6494770476314615,46.35678832284152,61.52598118003168,225.67707178011483,1.1755088312594086,7.318132391443221,3
5.744786518825701,55.62423365168131,61.91228077433669,178.451407299073,5.141724928908656,24.155988956219083,3
4.174004853400801,44.53986503954831,42.15446250982296,189.8004985002929,2.115030197680844,13.08884845445826,2
6.602844462209041,61.70042664575597,22.61810400363093,198.08440259646875,2.8383464960120666,26.58999476491758,3
4.906544429410843,55.623840358205506,24.212154175039323,141.76348856205183,4.53536339335238,36.852472467614405,2
7.210388645952772,86.65122480712026,8.697272060260936,154.22953168737678,3.330209037584383,15.19548447027559,2
5.120863648649295,19.394417281404248,23.745012498578596,224.4300970975997,5.003063762873849,27.38586760388034,2
8.824901607526309,47.55128020505205,41.03235486556974,158.97904446595686,2.4718477514358153,34.97779762009926,2
5.325120061495644,31.82994976975618,31.60518728762257,179.3762645031997,5.536759816920504,27.202953952722513,2
6.016907725691486,62.08214910878088,37.29796593385223,193.52753586002558,1.8332956502512165,19.76017038149743,3
7.720275826054505,17.65656219908911,47.390731291921014,182.1465666211322,4.976433493964427,25.103864052721136,2
4.6537035253490675,56.92625420449773,35.43902112901363,143.5915414866753,0.5,34.572487122278766,2
6.841189901906194,37.39903137303318,23.172567993811235,148.30580785930402,1.3497119229987753,27.62577859897442,2
8.460714131423643,35.31676267757972,39.20149498654852,188.88202189879712,3.446949207733979,24.96629417439657,2
4.088775148158159,21.070035929186254,26.522642698407324,188.80014299673633,2.3993318607853387,36.56143126211626,2
6.776950787798456,40.69848107597988,35.938202545314056,208.4116299509731,2.887877070146155,30.149178699504233,3
6.889824191372635,71.69001060581851,60.14165446634505,177.55484916549193,3.062476380241067,12.970975710500532,3
7.672734307665966,49.49622632941041,35.94242043855738,179.83028067960274,1.2136460878094182,31.31412661981995,2
4.644573933682877,62.55360835748949,66.56436330021617,127.68833166077766,1.3261055776911495,34.49558754782266,2
4.519315080373586,83.2928364393255,61.47453980406955,120.94252444640492,3.348183073212631,12.62683612912512,3
7.282912348425347,55.27511169645152,31.31042037131435,189.03153371757472,2.00050057226733,5.0,3
6.945477009849779,38.824008558753185,23.333143503763367,121.29074659918125,5.0115507884417525,14.580673312216486,3
6.875739275518815,59.3450443036558,39.211687571197096,148.9649498441569,2.7120792668508225,23.97500312316385,3
7.019672314245463,39.114077073714164,57.29991645095333,218.95116204856453,4.078126864660246,35.09788345047935,3
5.479962917632264,39.91154633405661,32.64713640656968,211.02851461725444,3.664277503960661,16.09047965816871,3
6.848380545741505,19.602144007620304,53.62135447393209,165.0894415398592,2.098258414240971,30.551202666544675,3
6.939608709948022,68.52514982168785,58.126599837041326,135.1930210083145,0.5,5.0,3
5.428472872960448,42.27994848701121,28.389615244560915,143.83105448282475,4.777412051431571,26.803067203600804,2
9.0,53.64196491631724,29.85923367567119,193.38300705278073,1.5316363849542858,20.932595461145702,2
7.210749381367681,29.280761427867212,50.6899304819051,148.17503612769173,2.3943629167818834,45.98598781639399,3
4.7130447541960265,58.71895259430945,42.277713244623556,122.0858803494868,2.773736337650139,6.079137127673455,2
7.484830412950744,34.761175237298325,29.70907710184482,210.7887378203987,2.9234826478444784,24.85498517195771,2
5.0379774946590175,47.165825565963516,34.71729327820619,159.08000695646405,4.442937993808528,6.017786483755888,3
7.6806269056136784,67.55652062478252,38.942206709088715,121.13720895041268,3.0087360868849156,19.502922668375497,3
8.237893368511106,65.81518624465059,16.52718362566809,173.94700944663154,2.808968864611004,7.988450343960395,2
5.2689765224724345,49.55939854966119,51.48464659724043,198.56092065962542,4.527683934817519,48.007887400908274,3
7.945064193866482,14.637379345865632,32.819617165912135,99.61634676061198,3.900978557830178,21.44452131939012,2
7.119171390404747,109.85621140121282,5.0,139.97730433235327,1.8966443310290175,22.88970506689983,2
7.733090239991735,84.91717940546272,39.64193547535821,137.66583162057938,1.2792669337817504,24.572662748946964,2
9.0,64.45349649776597,28.876431116597388,172.61435828917382,1.7644503372001208,13.67723207212416,2
6.131917825995695,34.935924368180586,65.33233288454015,181.6004161429929,2.9261703747176777,35.55238733660776,3
5.369395753463765,47.728156765960705,31.218324686200475,122.42630443602573,1.1309193372443667,31.401941454863422,2
5.165728355561715,39.13159140446966,23.535349546320838,75.36244120469875,3.136129570743702,34.17938362671781,1
5.276284572551843,75.27711878192777,47.61899004943024,201.58993772997005,2.8062025353144886,12.820381179637101,3
6.384347435878844,55.25005781703668,30.093289479886252,94.00273647113936,0.5,36.353152152440515,2
7.011727962224966,34.31672283280334,28.308156981216516,163.55921025219385,0.8907372205990578,35.198412793263074,2
6.915036198995028,40.58489801750436,47.64252074236609,143.4009550634659,0.5,22.676069650091826,2
7.740774873554036,72.4237628513981,24.39299038165651,158.12219526020377,2.484145408433536,33.95021075543564,2
6.5195028378168605,82.00195693640956,18.140895127008207,232.56169858534292,4.611020468019001,27.726716232942874,3
8.680301115735976,80.56663126972491,65.88997003141506,301.91408068109143,0.5,9.060004678590246,2
6.103014750143066,65.14064130107955,48.69248106400967,68.32812943006957,1.0165697703099534,23.171940980879597,2
9.0,44.947502623947265,36.03686072508452,199.19530776664618,2.7543931990902277,20.184899622203524,2
7.438501021647509,5.0,39.94784185447096,142.1876113661177,1.4043704567198585,25.854192880478944,2
5.214263665375576,55.943200476164435,47.58796537174234,202.39272568562762,1.396990849399812,35.211262877333084,2
4.893661252908331,49.96342482311799,54.60006174420131,197.86315380895817,3.8123911592597395,8.586586644694545,3
7.223708622864778,52.79964192642707,28.660370630274823,220.48724035990818,2.257656833140619,20.564220919595634,3
6.164805822011224,51.07794694066413,45.49219788948523,164.24824575813486,0.7699126689030278,16.781625670386603,2
7.571000741138138,23.47475676101686,32.39943735684642,105.52117575224881,0.5,17.211086946892934,1
7.209856436860317,61.14817113702371,37.165281332310634,196.38247443548102,6.312611655095597,16.768909511664326,3
6.390756631014691,62.644326280637,42.41039301197357,155.8998788072032,4.692463581844007,25.681703554804372,3
5.229809422897393,63.64677564119319,39.899821404209916,138.3078392432934,2.322549980906975,30.231754528373393,3
4.227729162971203,68.93154007146774,51.03350347453858,126.18880596475191,3.131787017495906,28.483249588895255,3
5.830227571899468,62.08103289843247,47.30629838673391,200.31677845525647,2.2672034068545175,26.856682075591564,3
7.784598191485209,41.799411769221784,17.377461859417334,230.16847460036885,3.765685096186876,31.21744487825643,3
6.821140616195306,48.583263041678194,19.63265189401837,90.23237206501828,1.7186784484231792,48.80326133510388,2
4.631391831932018,51.82249734506754,34.454249728610606,181.09761212394653,2.1852401752847648,26.358914143138872,2
6.759771388776773,52.15398898213237,67.42937893662737,131.38064072886775,3.683101260291745,35.21138402813274,3
7.077976069593255,69.96435311943459,27.226122512475968,76.63638009039431,5.180788656669611,34.64183434571187,2
5.174213845698301,62.87337506044982,36.876659355808705,157.3852910381504,4.112122641993157,42.777941630306174,3
6.730587658918292,91.54686879139906,31.954809595652172,108.34311099052198,4.850870816386392,30.60518864950072,3
6.587313077669,94.12937959769344,31.6893342386788,71.11233860999012,2.531373993733231,16.556838190260656,3
4.7855445532540655,51.5929916522785,42.67359615857583,110.91297638877327,2.065484388934585,28.048819210218785,2
7.036681040522425,5.0,61.011659142934775,98.61130410430732,0.5,27.511387434175475,2
7.341176789552351,74.73664932254533,46.839525998208835,117.66565734683044,3.108297536011926,33.151826087877765,3
8.124576864762915,39.19247322025891,27.947035578593617,83.70579615231554,3.5685705470346605,16.266033305005788,2
8.080703078052355,33.97032156337986,81.2984426620481,130.2429945686893,2.5499919064091916,37.66321073959619,2
4.433495948064364,42.03109450021266,41.17859831441689,114.33754359580138,1.8349480108503982,25.0523714914012,2
5.093262440127316,41.06713906370787,31.3416856542683,168.78069385728287,4.865105159764698,33.39379253931732,3
7.27255290081299,62.245396202107855,61.18144562016384,179.67694931991576,3.947706415794981,28.09673158073633,3
7.270678926368313,18.81128441747549,32.96394073084272,163.0074288389221,4.969238175778518,26.22590778320002,2
7.272571529459071,28.445585084167966,64.94370482481165,138.22777710632454,1.5696313574756935,27.338564104837705,2
9.0,56.86317108394833,26.9403581355,136.87862021538427,1.9376488101779652,31.71992011381223,2
7.35633576603975,62.45888060826616,61.45045583382054,108.14625062943173,4.804765864877394,44.58654794071419,3
8.203348460270899,62.83083289872024,43.01571496422542,109.35026702950316,2.9289793803663136,5.0,2
7.931002645239803,34.25927442133402,59.3657834905365,185.1801934039368,2.1463438324821675,30.400029489240552,3
7.477086876958697,30.434687014675198,68.52648563052317,62.01487006747679,2.2507274643557404,25.43967796000747,2
6.027096133039482,39.86730332424162,23.01089064218119,145.96375308435287,2.983379210798544,23.228934327953954,2
7.638453830739901,54.797455045694505,59.136577311374836,133.82354692193994,4.504427723753115,5.0,3
5.340762178193643,79.70954738545099,18.866441433618927,179.95660506874464,2.7592307218626173,30.802076812550176,2
6.144772089889987,9.051256284584994,24.292234671276574,78.74940082888247,4.185799245266667,23.750293631186864,2
5.7719546782563445,45.58542486083267,27.948858103113444,150.62403527429697,3.7010666652690722,16.655715323236272,3
6.622811209079484,23.346431179495927,47.554549542667914,167.14921706795533,1.6824914397285393,25.424799727174854,2
9.0,16.955146452930208,40.49523815402289,54.76343906880025,1.681305948019315,22.0720976893512,1
3.699102211112378,69.33913290689634,37.49295873755746,96.28360135691314,2.3246001121027824,7.576068329818419,2
7.52939028556177,60.892491489986774,42.193529185335414,145.41050765936043,0.9947435180065978,25.881847191581254,2
4.0809261932155225,58.988670318945246,48.86934383940209,175.70734538171521,2.2287917163009108,30.800735297000138,2
5.79210220131585,68.42051679461987,50.02372185912029,159.124965555635,5.270150125097077,19.507665853192734,3
8.13342589545105,40.40562206467728,56.41250253422697,178.02271264749038,2.952914496258945,27.617128326851233,2
6.596420028643194,41.347249673329436,67.30052219151159,96.03137436796727,1.8503210008688198,26.08111974560164,3
4.88338283310604,93.71461233445149,39.67956441337785,70.56248251359867,5.873616977730716,35.454922225707755,2
5.427044436110048,45.06857891480851,32.183665568036254,154.22529028783947,1.604074020410694,23.96307606331326,2
7.519396623402014,64.70264226108182,49.203041937777826,88.53233808929426,1.557175549791918,33.0109183916023,2
5.404450052424295,50.1276308192663,22.836177756030697,106.73388369760984,4.844228522710049,21.86647244181142,2
6.824687884372962,13.034829398431697,29.81943801832583,196.6139177413187,3.9919770894004794,44.67321961495189,3
6.56835775985572,9.107419923974632,54.99071419589185,159.45497783834256,2.8049117212104204,20.631584013601127,3
5.522599478591275,38.42031560120191,38.13807437773444,121.59275473722928,4.247863349983742,18.150008756676982,3
9.0,71.12202503339978,21.877113124629414,115.09842476795183,3.450900001843751,23.995078805560624,2
7.450878533477017,65.76583313272008,17.652954019522387,181.04607784445824,1.2207113763917614,17.71981094489427,3
3.5,68.28154328448068,40.73075019090711,160.59854678249917,0.5,12.513435661061653,2
6.779681472154142,30.259076421273694,57.12844805452015,89.27216788386545,2.148982272439065,32.27602354257875,3
5.507320302847418,82.31744980244628,56.928186662967796,52.60881334495264,4.627387253847419,5.0,3
7.778650002194336,30.702133996272313,41.66320754339256,244.0900916320075,2.357294867480077,17.82466644000605,2
5.311218892350949,54.25648797339937,70.13364128644193,88.87603873412212,3.690145797523866,11.58236085448247,3
6.327895337799651,49.79295420184527,38.42769451089306,176.38482516500613,3.276728172667601,26.42169400193862,3
7.257480918470685,46.52252359370827,37.921485649038836,225.5346466169087,0.5,5.0,2
7.798632791255182,76.77184276591214,5.0,157.37987844165778,2.390406459440525,30.478508449449205,2
4.699555389416336,35.89778959668079,33.28955576258176,119.97816617663977,3.5383189956698677,31.560899268275225,2
5.998248146238577,23.007894885761438,52.78022552362742,78.6975479152144,1.8192806167434499,8.673819547649252,2
5.787582033258566,50.399909724128385,63.45942005289556,77.99947318399848,2.456192764458072,26.90602702832918,2
5.520006151139432,42.00346531426947,27.546480494990732,168.83474243381932,3.5876206381456672,30.160592838201957,3
9.0,117.54765838165292,46.93378493939573,222.54881614749922,3.1089449987144695,34.40300374416188,3
7.107472566441434,63.5301495287995,55.703185484849314,130.22704516477353,4.570364611387072,10.310706633835384,3
4.608674068497432,41.813188495627514,40.16812229793849,122.2139768925318,3.5755063697452187,8.904053574967552,2
7.876792920582164,28.87776861625827,5.750793137091549,184.8740545405593,1.5662250023969746,40.026492216700916,2
9.0,12.394231788624303,43.709349993613785,115.70263730476266,2.283679929105696,16.781102946803806,1
8.04869789082672,29.49561828525134,51.421459360913396,163.72414538142107,3.0304444263394155,19.72595824991446,2
4.22094505106898,52.29883543518263,25.788656574723117,152.09007250427564,5.007622614771062,31.330945237528773,2
5.773648890700623,78.54657303189539,36.1876820368842,129.52659707109723,2.2897115545765407,13.307989767305187,3
8.400366723779934,72.43378284775838,22.667559368068538,149.22309206317397,0.5,22.341505869138743,2
5.438495801571829,54.58189663292759,5.0,238.15760573249895,3.660850355236782,33.91744292753058,2
7.165729142219343,43.53664668595031,55.40506617681485,180.2266472050478,1.8666026274840015,10.788977826574788,3
7.661951080144005,55.37624712824309,39.94377199297222,204.62504021279892,1.0720480206375473,19.99995670604491,2
5.109604292632875,39.62724005030848,63.96512495057475,104.06528195399696,3.028204519238758,13.732763800109048,2
6.4107119659073,84.36727991527752,52.859832878592655,204.79680738037874,4.459301462712455,17.260645811082647,4
3.5,46.2161963744984,34.68685357501827,181.95102377344926,2.1391791905084716,36.85648580130672,2
4.963418537998566,48.27324283506546,38.75229009843387,75.0201951720316,3.7448608307739444,39.05063633966067,2
6.12114777291026,5.683551499586635,48.49266086155259,176.989536668555,4.022870494563649,27.578341294254628,3
4.628325227052725,46.09130306954472,54.50325125133615,124.33629316026614,4.187694740499943,30.322096846274725,3
8.948616955897453,66.72968275929883,44.840059461130174,72.70981618371918,1.9015915355720976,30.04854901234092,2
4.35478793305905,28.645548459229097,56.583897179342266,156.48878661638096,1.318376913099922,18.276640239108215,2
5.839933269954525,34.98559331014374,35.549968949882924,176.9521295531305,1.5228703425621073,27.381505041835098,2
6.696110865929137,65.85422035467329,25.042846798214704,157.58040343222814,4.186462008183705,12.046916098594068,3
8.661909933599173,20.466855529638934,39.027861196583046,144.54307075771223,4.001089732006218,15.414305100853815,2
4.346206773230841,71.15602015083837,43.07777336104275,133.4707330770834,1.5642740989494979,24.131984535892276,2
8.24474562823244,39.35712219653796,21.9769690789107,273.3294004670778,6.198966039515454,14.39029006352639,2
6.515349591529381,42.22863559017594,19.94916873780067,90.8715305735677,1.385454050119252,12.272729168308016,2
5.027737023428074,27.52243189748812,46.710794447101414,193.64609911786016,4.499196127051089,17.88102172543051,3
7.193155211394906,57.56092520855766,33.90464722944365,150.77114854444918,5.279498158807817,36.463337251918944,3
6.798589543360205,99.19743970058761,37.51238641506997,107.27667468664839,3.1646364089900465,40.57139153893716,3
5.599674684261808,65.62994478921264,34.60461001448765,147.58004746857105,1.8454142346287536,24.67439973045736,3
6.6047031274850285,32.71429476118928,62.809013526448176,80.35336812056913,1.8781829588274803,30.821989245448187,2
5.92202960470736,72.71241170982952,58.926417405925,120.22547965965732,2.606864699455689,19.36505877855261,3
6.670276017876872,43.66640908131501,21.439694649412477,147.6532837082197,4.62130616710205,5.0,3
7.49319601178157,77.4896996285512,32.008101803793295,72.44414707004351,1.2001862809502284,16.064775193649442,2
8.879025224218028,66.13352804328726,52.7500640195439,175.31912692440292,0.5,21.91655967325799,2
4.643276751759727,5.0,49.02904355654863,101.81194795442339,3.5430824858539554,26.409692819994653,2
9.0,29.91840734089945,39.37813056505322,77.41395209932239,3.8724191268886203,23.990238950818146,2
3.5718683007162473,68.8877044567078,22.93599692553647,95.97911320858148,5.951954170198903,22.18354385482533,2
6.272322357446625,53.03314544290035,29.761899307696815,258.7977080917743,0.9265215370999043,19.253669679945105,2
7.382475809726865,29.52488104584299,32.24848648680565,51.09679290655801,2.7977900820566424,28.43862544712265,2
6.921487801602549,37.32820969012374,44.15491496678651,171.80615443848953,4.742756148180717,11.36108221626361,3
5.565950720269109,11.875267598212389,65.55590732045857,112.41818644903567,3.1812932514040977,33.02062711331489,2
6.187816624464087,48.23253424947208,29.69679647817808,132.49359142412192,2.706841216407714,19.13649111233596,3
5.7604985980117505,94.21379452031529,24.6094712866714,180.19654643401662,4.184858245394312,45.670982526939454,3
5.615952864583683,66.09866781464652,38.371202847580854,177.74093574194603,2.100916553690103,21.846844602402836,3
7.7744031455315366,93.80834002376847,55.47608470771088,115.96517904191046,4.277116262931223,20.1982427662662,3
7.035523228947571,67.6479417957996,18.29675549858945,82.1087996683353,1.1196552117145868,19.37313810891095,2
5.460635607109019,70.54958686705383,61.80451226312422,181.10704868503197,0.7208524450756548,20.29797390777869,3
7.849399813149876,89.48157375490047,37.419529568264956,177.61885965046721,2.5896179716315046,31.072280584247324,3
6.960949281314914,57.54526518684453,28.985199965299394,135.75152456059058,0.5,24.57723798609528,2
7.71929317825844,46.2554535698624,15.997160698567608,172.0972191904189,3.127049455069355,34.870816659614924,2
7.444443262885418,70.65315033244025,50.59781160130941,127.70852595122324,0.5,29.644214669337796,3
5.2565074836168915,79.0768047424377,37.43243207137698,108.64812174826059,3.423630780849565,25.31492459483951,2
5.659728439704546,40.40070714575582,42.560582241317604,150.19810905605377,3.2781891571754183,28.72954335598658,3
7.620940407684893,35.56861835319941,26.48782388482954,175.95163705457588,2.898056420752774,36.963468881637205,2
7.415555398150198,52.777120648617604,35.213559486234644,165.46251347762168,3.6546130013071383,31.566959630509952,3
6.468647609053778,66.62997733863324,32.70128130467893,175.4581340038336,3.3062962029211307,27.80556993440546,3
6.675991074963173,65.96182097323123,38.49110341932689,111.97105633554371,2.5604990950030926,29.227425550085925,3
8.416497343682638,21.516647996248018,29.956715104362843,229.09405623791264,5.746510470715698,13.473151643481797,2
5.612642916746255,88.23212134126643,16.98728558969168,132.88095723306878,3.5899660403286644,50.71696186254963,3
7.320646071755057,37.17670141206299,80.9274961794491,144.05421742617042,4.157862130966317,30.281257206311444,3
6.1967110213491585,44.69870006222841,19.548936289937288,84.06720453910661,4.609619615958889,31.279146925550037,3
6.17347819515917,31.946912800243606,42.72188510413808,140.3072421851358,4.002224068563135,24.7130761195538,3
8.148165277980786,103.96657671874175,13.419582573639367,176.61188684257587,6.094249378387208,5.0,2
7.738124523482044,54.84141340575935,10.044288450730377,188.12553063463324,3.2490103272317943,22.34656414735941,2
7.720264454000958,32.9804983863687,41.46739737778401,228.0970368593391,2.989557981245908,25.759471360613155,2
8.458218210731493,67.27847099924892,42.61551381652455,176.01174479127303,2.025641868290077,16.7716217811382,2
6.531505762449139,65.38271558620066,58.92248486203576,163.84565978998515,2.6155890951600274,16.684467918658605,3
7.522929456942446,46.24545952840232,45.99320261523559,127.68524442428404,1.9031631464232568,21.607480374407164,2
6.034599865109816,66.81213425566767,37.752839218813136,116.91297958834966,4.0158178695023095,32.71528843548048,3
6.986249528732663,33.49416078338271,25.75599633902494,198.51242573340778,1.6315256290220423,37.55754275040819,2
6.304785418448473,40.141634501014956,62.48518102350323,197.55351758694542,3.1106882548471915,26.709629549396922,3
6.6454939474890775,9.79566690867874,53.93276869075336,96.14936495756137,3.8393204014535627,19.32621274099062,3
7.39273553815537,23.520978315608744,21.30505783377363,186.15479435767406,3.2254858298928313,21.37615459854222,2
5.2726689751497915,86.15261611341371,40.56945592315953,182.51918456979212,1.6561276866451096,25.995340022600445,3
9.0,82.82857255444628,42.16078347289745,94.30955574929028,4.048417371008977,27.180301243425408,2
4.9909739277504475,51.31577297297925,34.81519515091496,177.02284023945884,2.871990437196079,29.34959186174099,2
4.6787170808184015,83.25862894379675,51.577757287101925,97.52267702590963,0.5,20.606401160835322,2
8.237166310250101,46.798510267833905,52.47599707522266,28.53535161632557,1.5249724641249203,30.29291132504799,2
7.687494040944404,45.13179394864184,37.142714532923414,141.99487931539753,5.1016983546041,29.50237234758344,3
7.436179725578233,51.130212969311124,35.78696131303512,162.89073526274944,5.226482762272026,21.04907243460884,3
7.44251826389642,47.50156809352869,62.48437694001298,144.24645975584434,3.789166815097797,7.8050897775700925,3
6.481629840729628,45.69607352879639,53.992583385433555,293.3553408593987,4.176103465437496,16.1506331846806,4
5.154118442771253,72.86796214299105,41.08540584862577,168.9425614617487,1.832559028113203,40.675953261274024,2
6.613706837290589,53.002713079124064,15.561864413799196,157.35709096493503,2.6097833718914116,8.064284069515104,3
5.484257432731832,64.24963528867609,45.16000159457554,171.47956516570454,4.853049900689456,38.17522241973222,3
7.962679600126627,70.62761050554661,50.47125197376502,127.93404977999512,3.6388728638431114,7.714190999670855,3
6.279413927746792,57.76371591309467,5.0,196.47395310467692,3.097422575830578,17.268497729105185,3
5.261754204811233,30.594573481835223,43.77804172477038,168.05009730885507,2.719787185660471,21.252810137547822,2
6.01792123752051,22.942682220719224,33.749620198063965,165.75858519462454,4.761708001852061,42.82303082953106,3
7.1193971814134365,52.9756126961461,36.687185798056724,118.79398885665304,4.68304823032522,25.261309577001807,3
5.654413170794038,46.57487390350131,26.38928570855019,71.78348367754533,3.9745076261531427,22.859948392383036,2
5.266669406650353,51.747828578402434,37.77716064394537,124.93069554613547,3.099412599123842,15.646539667729936,2
6.865530817237868,49.67891921502827,60.87987364271997,164.13169281299463,2.464865271349818,30.219609467559167,3
6.867449856663084,101.67147320333135,33.304022517767265,127.76502601275268,4.039520579527069,19.872815554290284,3
5.739585236943306,23.39547488717324,54.48360338189776,164.58635835336855,1.3471352325382795,22.70996107556431,2
5.7934425415725155,10.201074603577503,27.905031716805844,138.38190615718474,1.6581452286201868,21.416454950147877,2
6.848074906036454,56.64753667039219,51.38134288984058,171.52897423132617,0.823362958822591,32.198621745858794,3
4.3278734877540135,42.471548908236095,40.02483783432927,101.15879370623429,4.8528446669896885,32.617875524805854,2
4.388804338435167,56.321357394599026,45.28037243183921,159.64450059425405,1.9190000638059828,16.09611513835664,2
5.422333668121346,61.67766044568002,40.10729884146231,117.95229268243014,3.6060116801274376,18.727420085927815,3
6.1798292724322295,75.68209390357795,49.62437848661813,73.0858528934682,2.811663718935709,17.74121374655889,3
6.966361348397007,19.85548359232123,5.0,141.74229384858126,7.346308485182902,26.833520377540836,2
8.713034325424328,38.86564204285674,18.702620298136456,226.81587869090234,3.6628581810537546,34.06694852458222,2
7.786489434803029,58.57522517761528,46.25620747012967,77.07117960770088,0.5,26.966653260901037,1
6.2600922050548595,65.40927191374453,9.346924691556463,155.96961251970998,4.763153634894875,5.0,3
6.471475688145967,93.86899100576771,32.04129466529186,189.8788531632112,2.4192735545914736,32.597531862669534,3
4.996205953043287,69.11407942227734,39.184887384450256,265.0015342572226,2.698608297076419,11.510091321128904,3
6.472230296011415,48.86422808227446,27.577897935806547,125.3533508776656,1.9912316054849348,17.847596095460396,2
6.067012041619792,32.19128494114677,29.626578959593395,118.39996976978435,3.2934187779576933,26.98431365050421,2
6.984077840507134,38.71420294561962,44.07373300230388,91.66539020303668,3.273769706512232,24.16114142764107,2
5.259153584671516,38.14594354085787,55.13942433669714,207.02581674231095,2.0317842335270573,33.727352006941274,3
7.279019771361758,63.10467257027521,25.623259281177884,106.62928353804624,2.237783219270357,18.892473677010724,2
8.799108369503866,55.13994891171661,31.374127057189447,131.4701784112325,3.151929199632475,15.333862171099575,2
6.3368597773147135,23.527008583156423,29.031085400094327,57.55310613143723,0.5,21.8835727491425,1
7.102567583148412,41.28197061819134,5.0,194.1985921339263,0.8377537942444468,34.77019335642814,2
7.535215987566669,67.55095106902841,42.12567685476263,207.9129140389013,5.504988144147028,31.29672871082154,3
5.898169292171246,57.03324709948118,54.020766187427384,192.28875317921825,3.4917314164803623,25.87148007922417,3
6.836138722715625,61.37289232025541,55.24964810973823,69.7337359323141,2.212636519888831,38.25963188002857,3
6.5188886011726925,57.65843420114526,26.938504353388918,180.3575520389653,0.5,36.448562428051574,2
6.646514147823248,82.52861469217719,21.224529272197863,66.36648076379996,2.915525752580284,32.884822361427666,2
5.3404853242168,54.7208612764874,40.32408321387527,152.90201510321202,4.477788137671658,13.220161766514156,3
6.536765261388414,42.27954404258604,52.43910529849701,160.25387899918985,6.958809156974912,32.83239037307871,3
7.246997436868175,31.684899177328788,42.32275672465576,165.50916090541324,5.838084637493546,22.97641753541821,3
8.676715411692562,54.99218916419424,44.33956953810642,176.73182663187342,1.669592969807197,21.050557692909155,2
7.93890623912781,5.0,57.1274639160435,149.5983198220364,2.256300702923564,18.17448528722793,2
9.0,46.314219963345764,28.912951611539448,51.87852436357238,0.7927511546449919,23.28283436115657,1
5.348978655667926,45.88320280157312,36.70044869990455,176.7560504399766,1.7375174000640727,18.742462448492844,2
7.808480955081017,22.710582927654382,64.51908267641802,154.88040705638738,2.680735255312872,26.697542999510716,2
6.7750130086075275,31.434683226880082,37.04783315353559,104.86901043143834,2.4492945050607844,23.270568389879962,2
9.0,66.19315060296482,20.989945510501432,71.53012894316956,6.081850959869147,27.205384926450627,2
5.287552571967273,54.61423498149925,29.95965855624558,227.00110929621792,1.0269645862856769,30.53271537988068,2
5.240417236728836,52.03576667414655,25.927302231681367,211.56502691453414,2.932358326218154,22.05634828478184,2
5.6009110318339665,56.126950678640455,45.35743878551906,185.29787036537272,0.5,17.62706771950633,2
3.5,51.85255175897847,26.560794946168315,116.18500443826484,3.4963361707316003,5.0,2
5.711367467478858,74.8572512571663,44.065513792918665,24.15022238942413,0.9874419889860753,32.70653716567502,2
5.361301007669454,52.46858363407298,28.959021721890252,188.23395877176176,4.653939462574188,25.78765263080486,3
6.725590679714312,20.83573772362499,8.14932192402658,168.33433869275376,2.5634611604770625,23.238236195883847,2
7.012633963665739,82.60259929748821,44.59929680472883,131.26688454639117,0.8970235975756609,36.719163825273085,2
9.0,57.40680534657692,42.22695522320333,206.2403153348938,0.5,12.114788066146755,2
7.925635757279076,38.21492538409865,47.766367235632615,192.3998766981425,1.532043767085493,25.56239761911454,2
5.634644516506396,24.93196563409963,29.90519171252115,158.80477441154247,3.3590713361142575,15.359413595294015,2
5.152377992977463,57.91828441916091,28.30683286960935,151.75292089355568,3.632270470734693,31.56005854176216,2
7.237878757259758,47.65655990051249,46.02200287722319,152.54838587998407,2.25234302824009,5.0,3
4.519650189469036,81.48293572064817,62.785293587964716,183.99699364173728,4.388695565149454,33.04015662735865,3
9.0,43.081854386663444,40.16752014259492,107.12618267285059,1.2963856606573938,32.626601871662736,2
8.269160181081931,33.25238420635066,46.36877644070717,171.29915608925182,0.5,15.769875668645902,1
5.796236521842943,67.91592436471856,35.17618473361439,103.97045277652046,3.423830476113749,25.663397090694374,3
3.930298206363684,68.50563785433663,16.845542171894728,216.8277585876117,4.935143719025076,15.984766599802747,3
8.530808561248119,53.37302735220391,54.511441287310866,176.60642857876172,4.949000510486615,29.275964606120688,3
6.328190232121073,63.52714095349817,53.62621358629243,115.58858691805352,1.0502861390769977,33.20229107712669,3
8.356724467960193,49.24625758515524,50.66161037762791,154.02979120148748,2.1829602190176627,14.950203341623974,2
4.108358511808449,54.67730202018494,37.27081842486372,107.31068099859796,4.085730023610761,12.032513431231802,2
5.6009374655693405,73.29981765127846,48.95584149607811,225.2056418850398,2.059340838061844,35.96437150700237,3
6.507865549577275,62.50636668043006,53.40642696081746,231.14379922356048,3.1580772909127406,44.41170591511461,4
6.570470890647113,46.61451123334751,64.30238027435061,184.8111841281424,1.9253401562845769,29.94447056602092,3
5.824901792781135,77.04725091852302,54.82789156971163,227.83282838272885,1.3659168638079395,30.68441488492121,3
7.434274898521248,5.0,40.957318375504585,157.58979744362503,1.6554395228898642,21.679594208411515,2
4.898569355926108,91.04146622843871,20.376201168634427,188.17562835873986,4.433587789426848,26.80028005880193,3
6.2864307724680595,15.880818102185295,42.33487446507612,211.23622609548778,3.0206741469463108,28.507212852395693,3
6.680443447567848,37.45814350455408,43.848660937739616,149.71282022420414,4.9078224576083365,23.174270642051837,3
7.271658251088123,49.18164929609862,50.63544662977456,153.55519286586727,3.78063104243163,38.49860522014505,3
7.567422317133335,47.07038658543677,60.308377889851386,196.68283007144487,5.409697847221414,26.76744756034496,3
4.813036862243196,70.1282208005311,38.57274231914831,182.32489827979964,4.227102289438104,28.056000101482905,3
4.198828743896566,28.843267627795314,71.51480784719666,112.22696398994736,4.139011245370057,23.380369496601535,2
8.416515232847765,55.215336349661264,13.610694699391342,40.65853143642654,2.819268152046477,24.396607245658895,1
6.998471017969387,38.43575803560492,46.290128086924376,141.2235968701476,7.513809864744975,37.18710271142301,3
5.37727019516517,55.902819586748336,28.02219411723958,45.15429103874105,3.169047329841802,26.459060310282215,2
8.826727963283783,48.70455480404247,11.391670004667958,100.44913319472258,0.5,26.692950525119397,1
6.673511951439288,51.85871305365956,36.97338435551262,106.28565213998078,3.40205030942095,26.822020778927445,3
8.26894577609574,39.00150335071309,18.14240952368565,121.56788445299368,1.5265616351438547,21.354873630858272,1
6.601277722115164,39.79872099807835,37.578581529507744,191.02190720817708,4.525532282402423,10.920599843461122,3
9.0,55.74545028054854,40.52153872141685,201.88397703651302,4.088725137271408,40.72574147111615,3
9.0,68.87431011512089,56.77812114003924,175.43703599036036,2.7127295251010226,35.68294011900027,3
6.12655377728139,38.03441331604304,17.386222978540935,181.62534880309028,1.6681604798352587,37.490436522848896,2
7.957356426431533,32.6246491085418,53.62667748468659,182.8060228184323,3.219638590081206,14.274811309474542,3
7.468063924377722,62.26920331343674,41.47120675419691,25.15850043895381,2.0381492882144174,39.44920254642602,2
8.552947336298523,49.34992213884621,55.43273730414391,150.50988410035583,4.181705989175755,44.66870787025279,3
5.052614809129843,66.60996267971905,33.52373237453308,60.17706394149974,3.8340235713870685,35.44822414272791,2
7.529077189997659,31.884055732577046,20.01633119854832,175.45697378357704,7.403949888740153,41.47822412520313,2
8.087636730274381,14.411221491531386,21.737510106762006,45.34459263401516,2.3323281920236125,32.97848608259771,1
3.8618907703653287,39.339918363473316,20.62288819499326,140.97807323246505,2.5448615572730335,16.53392396620052,2
4.725112231001337,34.67294781469968,47.167212293809825,177.38848880097933,2.76783648909484,30.076318704322084,2
3.5,48.424231998394,62.15383033322049,94.1121025841844,2.833521698593378,14.79657300224767,2
6.095889748333163,37.26309571459221,31.525727100171693,198.085798025661,4.54061840694222,19.02625861500286,3
7.576313383693943,64.82033902672899,49.43702947386675,175.33110849758734,2.5854815324068015,28.16280428589269,3
8.753535578144042,44.23699475154967,17.1483691279657,169.04123479189548,5.958572574215243,26.82018470880098,2
6.6111421706296625,53.00948997547802,42.70481873765949,184.90007937552662,3.8734126645885527,29.63075406336063,3
8.942923318356938,53.152691168818876,50.0284392450569,132.03999561166722,2.271395928017963,7.0791100627552375,2
4.429847812677663,53.899101848243745,18.27812837084697,157.59594318784045,1.8881314725289933,23.457620532424645,2
3.944926340967268,49.51741779090053,36.941747965302184,150.50257861170996,4.561308290112685,30.489984976655382,2
6.416678451655072,60.21201380820627,50.738757107283476,149.37255276919277,3.042780227830216,32.48373672559242,3
7.076098173408961,34.08689732348385,5.0,116.39844616764614,3.0135900806351326,33.13772980583268,2
6.45095787785886,77.98835853307766,60.03179592552614,87.87339426386471,2.1022796603638216,27.512582610566238,3
3.5,45.26925233262929,45.30519063836572,133.15708253552623,2.9078314786192387,21.20775850022544,2
6.3663199407308175,23.769017242026365,50.75091471576014,130.40260464028665,2.041567723795842,30.014708851760382,3
4.54329574924272,53.76146713983546,33.80921081207853,113.1634506241555,5.042567184338997,22.002868847097837,2
7.504508823245057,32.9763903510503,14.159162776519668,192.6026890905012,4.0755902283830965,34.01056386898915,2
7.049897369145272,63.306690690177504,48.01094434475428,91.38966910721935,2.737846741048839,29.273079532944656,3
5.090180320508967,94.19211152084756,38.76114511875232,141.42454205543794,2.715797875420904,24.38277853212326,3
5.72919962399496,34.268558168843,40.48173183148481,208.3169855780626,3.1382612523588262,17.310048822424825,3
4.911179717166572,56.647446664479695,56.314104777984305,195.45646762997762,2.9916896416918006,36.19475440538089,3
6.405981354090242,14.889888225907448,51.43095810793897,210.81469425486412,1.5645957310362486,30.5904944634186,3
7.932713480751858,59.078104588826946,68.8185612563442,120.46097113128864,0.5,46.02969676593723,2
5.0214109304966845,32.2857240040062,42.30781343310248,189.21440628638535,1.803449000338457,30.26219263992944,2
7.256069773276766,37.50330763131035,29.631813433133242,96.85148015109343,2.807223764002454,31.099168907834212,2
5.704613572441339,27.97427020320344,37.17374729636911,136.20630220917297,1.8932502034237637,10.347311846030003,2
5.310690751606484,64.6430245210947,46.234950588079094,140.91220946099034,4.229007045593354,28.104843795280605,3
6.339454460068163,70.14608714946525,55.23784778489466,121.20798939009948,2.6562702961488687,21.834717466755407,3
4.947136516370939,50.46770429317015,17.99449072841922,131.90930059577374,5.81036036254293,33.26432288409111,2
5.669526041979227,32.711465893285606,40.12806422768753,125.33120362513236,2.157758612656276,28.346844431590824,2
4.703183161116727,81.79046072207726,64.14312485557554,100.88030944491523,3.2110751980523355,34.85273181025923,2
9.0,34.99179744490688,36.3968669349622,192.82067530028957,2.5667073657453234,46.325951139619455,2
6.552895327957593,6.7593540014512214,53.96517782303657,140.87749985628653,3.6596670866022336,17.01637694547768,3
5.450411738011121,59.16778019914137,47.39676290824008,160.0718271958643,4.598626693495565,34.46706559525387,3
6.820969866101333,27.904506527169666,54.3379090978747,158.18884355964275,3.9124214383906444,31.83593166810359,3
6.331507925463756,69.7721758699835,27.853591876001012,152.73632125550108,0.5,44.79294787882198,2
6.168545600700165,42.377246066531626,27.918974949016288,154.64022730282142,3.7497924157093014,32.05384570031603,3
7.4212500500651375,62.074264810883925,40.30407838183432,134.72913899844892,1.4836827865784417,31.014103947437405,3
7.636261565070958,78.03000693104316,17.016673191395327,220.91984342574312,2.5353462323755833,33.51453231028983,3
5.704248278584209,25.822822707585562,35.95389090082514,188.03723808176795,4.033993780256006,34.21266108967,3
5.63627263903298,38.68125738215189,43.79314986273501,150.91910163855098,1.3203586373774407,39.54370152260836,2
6.087422454272534,48.48657854685873,66.76953410424659,127.64727820169684,4.733922011227575,16.80621470613513,3
3.5,80.75102638068687,46.04077283904733,144.05895786354597,2.4699211506731507,21.076612222746746,2
4.227213406702171,36.83234564119109,49.37842706309654,170.88107581858728,6.256406059377172,42.352861194805044,2
8.550311401166788,38.10992608101986,57.46713770575009,224.9970046268156,3.103016738690643,5.412850546039177,2
8.967451570251924,59.562811511116166,25.530136166574152,81.34762276674778,5.558014113977655,24.152707558018744,2
6.126445940665432,38.45542548578858,37.523760064435216,182.9887379320889,4.796518836800264,26.49559986384167,3
7.364835444583649,53.050517657952334,76.38118887705839,206.33618183893174,2.0833423769182535,23.230881202621692,3
6.966875231815304,18.969251580637465,38.81316666423237,75.6640765047384,1.0474639085497168,40.80948033140319,2
9.0,94.28659885113193,56.74646123173311,140.94245616343625,3.1704410418563187,29.759377820015793,3
8.179362367151866,23.04581539381193,54.456068157596604,96.77410134584805,2.1260353222167376,21.126858953547625,2
6.30812361277885,43.56494592019583,17.82829428418466,171.5264805838517,5.369578170130509,18.65590689002785,3
5.066689339099361,49.350379283158105,44.657189155089,132.08245338222238,2.629711242491066,27.818255784930876,2
4.090330519613641,88.25376268713592,42.20121208307839,143.49304665599374,2.5493940622218387,36.659540372027664,2
6.805195453800835,23.503084381345197,44.94938181760652,129.44720963607628,0.9061523088944718,26.384081113675784,2
5.365473882073545,89.67408270957503,28.6883128031341,186.00817163841344,3.628825519619653,23.655796657421675,3
4.366619435603489,65.14353642204046,23.246207321317613,161.45164802990692,1.238666577079751,18.047163111553047,2
5.53014067363621,58.34190648846492,32.85984999968723,161.5463382019828,3.663655369321072,28.740388380893002,3
4.8776779945784074,30.30732625964089,38.53307504373696,158.0310912540727,3.8701375897470047,28.185705223709228,2
9.0,61.42282484076148,57.77476671400474,178.62454402260684,1.875487332038453,17.757814339038138,2
7.822459635424176,35.530267551604,67.25966229588411,136.90140725718385,4.434869896526569,35.26416175993122,3
6.488041038025074,75.33322506396824,60.94896769334767,235.03873937704634,2.5876868410631424,42.06043309253779,4
8.71991620833504,30.578759417845337,52.90277816172766,88.26026243907401,0.7931344561436702,25.48997967865377,1
6.616052461471427,47.73683011087832,24.934896065506152,63.70407759151756,5.317931010470538,28.021376431126534,2
5.208073698007604,38.89453823973657,33.86655737515757,59.565971569571346,1.6147941388885214,13.950653792857954,1
8.784686115904485,30.249540751460106,43.14889078619497,46.02059403537821,3.76060581189972,32.37189525373758,2
7.3083650655269885,64.82639633815829,30.513414428857374,183.6584907410126,3.6386917110708663,29.64174216927463,3
4.944130768510315,60.70917494819267,48.658084787919265,177.56838496413204,3.583777010886517,21.73895520521009,3
6.214491982874588,74.18020397801995,50.807291623814315,210.38882458877976,3.5577928738952034,17.56507481048,4
5.186572619922864,14.402497835836655,48.044350938482026,97.1680892647239,1.544718545159997,43.47570243621661,1
4.425800403553496,71.28341404682088,55.37701906836372,187.27307273727502,5.537024402254081,28.827702360730008,3
7.8892663212974625,100.10897810713787,26.43113179430389,152.8412031074653,4.43437372530096,15.823287041192698,3
9.0,40.967178216461065,53.99243056138297,158.32932495779295,3.7125850968756,33.55544292415305,3
4.402148639271289,87.9029722421794,29.565318248197055,181.28114476748038,1.0005356467265565,27.29657312807796,2
7.344453855035856,44.73677455880347,25.88596071035672,112.18591244687781,1.5324481865168496,25.588923303270583,2
5.524036146317259,22.55180524877386,47.98174201279573,279.3624567702244,3.9861849400337457,34.785572955377006,3
5.769311924352956,43.88735115186409,58.238103432984715,216.5940152137677,0.5,5.0,3
5.611409113641696,70.96407935350553,47.320202295640144,123.41470230023198,3.508055789910556,6.929603888823159,3
5.204013845480276,33.23647035336937,40.31206035658816,95.4630971138326,1.0032348039215684,38.79218724536627,2
6.572782441917241,37.99322681987026,44.652307391522605,145.60479190976542,1.6979523337355809,23.710778835529986,2
5.253574825383444,61.87078864586382,42.0464037710092,159.1129221791021,0.883398588498606,20.732277191213342,2
6.905685238669758,50.06120233477146,23.110736557969087,203.28076298541552,3.3691596236734536,11.622430116673254,3
6.424642835826295,61.692459049734815,21.36069782582627,91.5639544215837,4.674542177751446,26.93849349149304,3
6.141577929700386,54.75659081516672,38.81761180789818,164.2743471599583,3.5220262857190274,28.172558056765595,3
5.138654506937604,59.59250639103146,41.19785253653956,73.54924877926055,3.6867495733833704,39.40814641995163,2
5.634843004147501,41.353976283809175,40.16998567551601,171.81787967055595,3.2519383442323226,28.724451751893127,3
7.633086838738635,54.63461884060785,50.1415242047487,144.62478897709747,4.024040266305958,21.971921002815858,3
7.251375781436571,31.45253988608133,36.767849257534905,246.83398811428816,3.700628421375021,29.056767518696176,3
5.033667132802173,75.76867245006777,48.44468772857284,72.69987278901615,0.5,36.09488562244609,2
6.648998458143839,37.314505663653726,37.83119849010328,218.53041907450523,4.359460106492467,33.91219680519052,3
7.627080685057684,72.5769497509878,67.350384430547,64.80843324168907,4.201727942941352,31.214347913217445,3
3.9958920783179424,45.32786078034269,41.2107059008967,83.63948627967478,2.4565307540123897,27.745818493125526,2
7.315040288569903,54.03998021514643,75.11083917288516,66.14527207639173,0.5,19.186727878495482,2
5.50606436158123,40.100708982185985,45.280173866362965,162.5176304225527,3.3637110384516102,14.672011875048454,3
7.355898002889739,29.680091376639417,36.79484244117676,91.31505946231331,3.489991206204748,13.08993927622313,2
5.355111265186225,15.104792247893968,26.508280356104883,82.5834247359731,2.339274776158734,28.93966287875058,1
3.7926768490032217,28.89351682815081,18.356671389134597,160.13838008116903,3.280049586520037,29.982800699350758,2
4.058686343175256,43.52182293568156,25.12836573405765,172.58876929373452,4.6077603869555555,35.94304482603898,2
6.572127419992073,54.237583576577684,26.80590536254015,151.9924652075163,6.59628257744275,30.617318522498614,3
6.889583752582222,70.20758626566527,45.92230030618265,141.88904254892236,3.220355509373799,35.508714491459585,3
5.143525062343388,41.084850804063024,32.107519434097185,241.4454816218589,3.5008705220298633,23.69453369358081,3
7.457888688166061,32.36078471465652,42.803905788317465,157.29181331209853,1.7643166872219096,32.7084246343632,2
4.00771990659656,21.14570427994575,59.22967543565029,190.28457369611246,2.247911931035132,14.985294880696475,2
6.400880302029025,59.60127235808208,38.6828747254772,157.14610628449793,2.7959360544427807,24.39814148124075,3
4.683475700356315,77.66389030658686,71.18735047700207,95.1061855872658,4.766577053085897,6.685143957614514,3
5.522245838296762,75.32660535912578,22.36283529491203,177.49438409510083,4.228436634042088,25.315846561056695,3
6.571098006974621,64.19865496294474,37.74124677437608,117.2101344265104,5.894030016011944,37.247864840410315,3
5.209379952074071,62.77086634535198,31.91030614583532,145.4506930980382,0.7646607365096862,25.702106500827732,2
5.923166683655262,83.95247559418682,54.047599090855115,165.2701340946713,1.0143975440265414,32.218249921732244,3
8.009439213821661,56.641629228336214,6.403125544508185,52.92909665566785,4.653124402853898,27.731852140913215,1
5.634662195715277,62.92259352048343,18.353270662332832,69.52489380541356,5.173290564471733,19.29574187360639,2
7.7535381680977125,43.58432276296002,38.389797663235555,195.47295862487817,3.0496921825063987,23.133521896487615,3
4.805439718013573,22.75913258290485,63.270665815142394,116.8126776700528,0.5,36.79684493650852,1
7.294706266872924,36.32302199000847,43.38762751055961,119.18390054455695,1.8847062571518787,32.16674055807872,2
8.66235293098685,49.816819229306894,19.726788186036494,158.32191986854102,3.503240478224085,18.824041995466192,2
3.5,51.21570745002606,22.042501109646548,130.71637014390654,1.6508805201334007,11.125284541014846,2
5.304657116794285,88.52571709710787,65.09484554267429,170.87941908213946,3.2776892354065734,27.068465835644734,3
7.36560819077081,51.62554335182137,30.68297801805639,147.4439105633478,5.847833173307965,19.18120176230247,3
6.195431920935511,73.57686888051288,25.85554941325354,159.93014750902242,5.139199229392501,23.225649902367174,3
7.056718810056963,41.29845516847368,62.1605884094629,114.90708048788737,4.213338368055208,10.455774169055216,3
5.594022219926269,43.766482284695314,55.16645508380486,159.6797411640464,2.903326081742764,35.40752857511295,3
6.62988468120935,23.419847255531035,59.110894649001935,205.2544543417722,2.257997913149412,24.030221927328217,3
6.266484146911881,35.153439742468564,25.749371796012753,121.61258919429007,4.136626972916211,25.546599711347554,3
8.25167309248971,60.53962782727506,17.12341538478459,195.76591501360758,3.038091978750341,16.67069784604832,2
6.881631264951819,50.151203607882664,41.99749734044058,147.42198408386756,3.0895566590585553,22.226152941403814,3
7.006403993112803,68.85877239794468,45.02689199610496,186.7240827988969,0.6731765806784593,26.22459776327268,3
5.882184550816299,53.62507896690101,45.469027055572475,156.43856591765555,1.928204426661161,18.867427735229878,2
5.76859066389126,42.95092536724516,62.17275903458503,148.32945399510368,4.127790700975222,22.841382499333303,3
5.851162718270569,92.96593727573918,13.993493649876278,167.4864841038183,1.3483997388771192,38.86291424553325,2
7.091678213567445,48.12192862573906,52.895425769466485,210.67987811511244,3.398560647903686,7.4995803036468836,3
5.868523278769605,73.26001939410608,23.550624337790232,161.80486471075378,3.618755392296209,26.845617010613342,3
6.934662285344619,41.97581586910645,52.836029812912614,173.92654154541987,3.7063317236310276,17.145339330485093,3
9.0,64.19198958767133,32.87564943217934,131.57575432116494,3.840396324536534,38.36489989834383,3
7.806687055147538,68.56031318303374,27.790423061642326,228.5443236997513,3.9415890797100976,23.192726991627232,3
6.010964701748239,54.16983941151162,30.851459395761967,182.01685554648358,2.064310361936206,14.528454256084618,3
8.301820883245917,5.0,18.315846988351563,153.8854230012503,0.7985181545082396,22.84389962314336,1
5.887886940467673,50.36504921712226,40.60643409750201,143.86731638726627,1.6896968814249747,28.496342577353136,2
3.5,74.60920095519951,28.409899140093145,198.89541346365553,4.094881795357367,52.75622457576957,3
4.987870533623894,60.549616660554605,51.794473463504175,119.68979614773703,1.198730109306458,5.0,2
3.6938121184612163,58.91677750458493,49.60084121549376,60.85624918643336,1.4390839801732396,13.008838650155672,1
5.9727297739380365,15.554861320849618,65.32235579354186,153.61997997122276,1.4307839988634892,38.05218880468048,2
6.527627568784328,35.590898586498824,45.494912253116155,209.5002286557172,0.5,9.910403573672756,2
9.0,58.22715262302878,47.81016650620111,229.5654405592337,1.2794934508023008,25.09631922849121,2
6.990391060646244,58.20766553573784,61.00149717741721,144.635302828306,4.500595369985505,20.166351209617492,3
6.1713492067867035,74.29333560265805,30.585059559599557,152.17938319708918,1.9248530209266586,18.595759532251613,3
7.7441083717752335,47.102664897078114,17.676126807654512,175.97652162579774,0.5,23.278073843915124,2
3.5,58.116481733476284,43.0014108869259,136.78252905681174,2.232534217628126,21.673172788407772,2
6.853421837162849,50.32748483862587,18.66049796178394,175.82029741955745,3.7658208238405013,35.57061614219917,3
7.65629779083045,30.261145269968864,76.80908009388085,145.7299124465866,0.5,38.28294707443032,2
4.282120631330238,5.0,61.83247438118415,200.56841285950898,4.429965464649017,29.263039636607523,2
8.215631064810394,58.62019384260154,72.4596449995237,186.14902565489118,0.8385287769613816,22.63927462161633,2
7.0077446112416215,53.47894416825623,40.93670464994694,190.51139161512162,2.4067745415199715,27.584698708084172,3
5.877068129148798,37.636499157996624,48.25860390552397,139.7341177598956,2.3876023350065747,33.05025566744435,2
7.449172799159427,17.6165388696827,33.10786852071034,246.29636602511306,2.15783983986671,35.016983064041796,2
9.0,62.594790288174764,53.24387208380128,174.1955971189736,2.902797452277716,28.700468469850126,3
6.772799382587743,44.68159851608896,21.766851819234144,162.36470267434157,4.167840530965048,40.27661552042685,3
6.872330879450504,61.13749444736291,5.0,111.95285097165142,2.9387976280451866,18.834879460751548,2
5.810958650689634,87.28097060823517,28.1393407076715,145.1464089925723,2.0914895098601054,36.39956295784754,3
5.225233445802813,7.171382393605903,18.167897865740265,155.7189880351318,3.686023027141343,32.04359862760637,2
7.745503724816368,36.00798382595272,62.16890104239303,110.61613517878499,3.3108955929337593,18.899996232646284,2
5.215874261136699,45.812487733761735,67.23516182620475,135.3841427115456,1.9957446601097613,27.32685882677974,2
6.607349355829089,79.09652348293301,18.956063913803337,141.7099990948495,3.0634521331265487,28.01429578297333,3
5.783513829852325,17.271939615870302,59.37573411281859,152.79603304616091,1.8714862451886158,23.579675596433177,2
7.2184697386195875,88.71722051361209,54.27077475251156,61.8646504979198,1.7013919074045856,23.470645000621282,2
7.000493157930422,52.71711803132581,16.453349729216853,143.23647296478677,4.208701821224858,9.751723683144046,3
8.056309916386848,48.079986765322836,34.14598703602573,131.1326908460034,3.6704382098537334,18.10732786998863,2
5.73497540171788,46.03880473562187,31.297544168132205,148.95579251875503,4.155569452854822,22.61627867810474,3
6.095187597059943,41.27473935639942,51.219930979408,201.7638283090128,3.9526927517272665,19.274316103365997,4
5.0318544263265395,70.9623351853831,21.568309736424794,252.61977460606028,1.6691711114189212,16.443359315772668,2
5.833560109885832,28.629584918351224,38.51691061510776,183.91885998223134,4.501922895100188,35.61091353119015,3
7.0659507395672785,56.90828363287707,29.71098244075573,88.27889139668319,2.553589334577117,23.960749133553204,2
7.635482924968028,42.31636668586049,47.10011775077715,132.72965240837328,4.393826734900824,46.66741720536433,3
5.116752013733562,34.757331029718046,36.74811952468106,179.79816544155457,2.8123250850430557,27.22747499066263,2
7.8044088801584905,101.71950351367792,31.971314440894073,174.16452482145115,3.4697446318189837,35.40155192684696,3
8.533456788207427,58.3810146950692,36.80055136551883,199.36628677265372,3.5148418934205266,22.918779550317325,3
7.120152354835551,62.265310893222875,70.54064249260168,145.1324502854702,4.219800577926585,18.383252340780274,3
9.0,72.75553561337324,33.746505458209164,131.82498778172473,0.5481808184866934,27.62849205135794,2
5.339316201344641,21.573001093629056,24.384921725743197,237.62120019580195,0.6354034309358596,37.955160707611476,2
4.633017945032874,85.04583818244063,48.75150353733948,152.93353016848187,4.007566297653264,24.109275645456076,3
3.831919626643582,5.0,37.84712995865565,99.16628119894426,3.5345436974900446,29.46778183781193,2
8.744066467233775,34.62467179922959,18.77149103700291,223.75668285164605,1.8365345277170682,27.57560431452393,2
7.4815484845310865,40.819366536421995,73.47244502803699,75.19522543027776,3.5464633635251124,24.019990777401883,3
6.416622993634317,61.63446729941012,34.71281581620028,20.0,0.8880596848441487,24.531755345887643,2
6.919952939479731,54.37436532282975,34.33195819057973,188.46933790187867,7.896434266303515,15.015253712797584,3
4.811766429052435,46.66370518603213,42.39753027862146,195.53504855123157,4.967357080241914,24.889114664967536,3
9.0,49.76005310744552,65.95175153813258,170.70064709723454,3.93345401611181,31.53293963394331,3
6.693831772962842,30.439539529548636,14.803820102215067,84.87719580039752,3.1134455560162304,27.957121181436992,2
6.664092191907339,20.055352110316534,44.1397877413081,147.05650723788395,2.0719079327920547,26.84180527636454,3
7.5886499358480375,64.5302324467212,71.30908242690441,136.09157132230644,1.034720640981189,32.25011446220862,3
7.2215138476050695,63.87412225072371,41.930930211094726,123.13554945538053,2.8292660587658642,26.94934910351883,3
6.835826036418697,81.68988750314116,21.469990310447805,220.60347154046397,1.710359046457313,25.139159388518205,3
5.314288316832032,34.199658063695836,30.72404720559021,97.66669706841554,1.7978372270201313,32.35160406961032,2
7.207202535703994,63.85630420601845,43.103237946351854,165.80522265532,0.874865040338185,26.365996183489678,2
9.0,44.32586543270536,59.96205873459793,209.70234918312875,3.3744945778966575,22.63404705857558,3
8.518130069232466,73.80949970386965,34.90996233375909,169.0720762659519,2.4345097412656593,29.682702551469347,2
8.889779939959094,70.43925553356283,52.399776961486474,212.0559186247687,3.8026073622388044,24.647815944327785,3
5.733176485353223,54.224187984489134,18.469467594296663,178.18573612144647,3.685648190482182,22.184865428127974,3
5.0155927696121285,43.209396866680265,18.34422445607418,171.46748352460145,3.3441969451194935,26.55422225200744,2
6.3113196198505275,69.21864357216523,32.75798966972576,168.34174344160735,6.989160387081273,26.670908459207315,3
6.583587368433042,62.93809046513132,61.570430828098935,180.67216333250752,4.235558270348316,13.963752760650154,4
8.141287277706423,36.311191958276346,41.03311959270654,130.72304512938697,1.1091509840251528,28.33230467300123,2
3.961303055427771,23.44402653041138,44.34716793349929,84.90630740636067,3.6881046718822037,43.4651284908517,2
8.79432547919092,44.229341986364076,44.17119393360291,197.70217057316546,2.918971885547266,15.203888081914958,2
6.262988152131516,80.30827630696419,56.63811973880096,208.0871150252883,0.9877041437602996,19.974242763615123,3
5.85967839507887,72.92974317466076,30.84668961193219,162.59894054530218,0.8675506798850381,52.80026223238948,2
4.981843437109749,27.753450606588387,50.324276627323485,122.58121901828149,3.6798043759193533,16.7786731167847,2
4.017714992201346,26.64485168200158,27.53676004217305,72.1141441735181,4.046321302317848,37.86390077163001,1
7.734755875942872,75.49367699358973,69.7490898388114,154.2903549961694,1.4306142010132104,22.712938443092668,3
6.609976950782606,27.287281904843418,27.994133435549653,82.55248276410143,4.455250579791967,25.601399923097222,2
4.565058650388419,60.18590647284016,26.764160453820686,75.55062486810372,3.427371595222925,23.688321929465058,2
4.557381841904576,37.67857569327353,48.24504720232074,148.96342359921536,4.793788735413779,29.257006214806662,2
5.9963229510648075,82.34089849043366,41.196826471484854,111.81152494059927,4.634430597508865,9.202468235010244,3
9.0,34.59150401724242,44.90278609391402,167.26547780823853,2.7623446268955116,26.862604573981915,2
6.110612972954593,72.86723060411657,43.40970693238477,142.0352198719063,5.453399595153142,20.96638150635436,3
4.2452855703228405,53.697173081207296,23.64411701788842,119.6682716888695,1.3138258648192997,6.369261050560038,1
6.131385403871084,55.04389708468573,64.20038393619225,64.75424596355171,6.585441757426043,36.20889027689222,3
6.090914645378494,10.593828372971984,53.403133088336645,107.35559370848213,1.6818214792711577,5.0,2
3.5,5.941732935885625,60.38424926900674,109.19317549744548,2.9279959024834796,46.48446230392711,2
6.418557700223282,45.588681194653724,32.07503666334364,88.7346163242519,2.149217552080856,31.169531851542082,3
6.153598204686983,54.93812126833223,46.24785317072757,133.54778523788076,2.434813518180391,11.390042112222831,3
7.544309547220127,27.496043445245533,42.96052693352037,92.63740044126742,7.385330493770944,38.38093648017205,2
9.0,28.226131790473158,56.92003939302262,141.81286263543925,2.305918968883383,17.49620532308237,2
8.189847544321637,61.22945259652266,57.403721977444285,162.0205606834328,4.276662558439382,17.951761171198335,3
6.096666964167754,61.25708960914261,42.89576204437172,108.6915022805411,2.6468956330703746,6.990296872307432,3
4.840211136887494,47.24517879224146,17.230733022351224,171.27043147092922,4.404825644381621,16.360371001069275,2
9.0,65.6040344237215,66.69492830631533,81.93210643761482,2.183760722443512,17.538312281015394,2
6.588827651021733,26.51595408559707,48.33981150535209,94.39113008018546,3.384198140488757,33.18146085625209,2
6.5208939378694195,42.88130165826058,30.87344437913287,144.33913511876153,3.9430474507091136,36.67193866129257,3
6.463812369334995,82.95755211567347,46.098132074000425,184.35205459443193,1.917282819995278,12.592112213557563,3
6.797127141151782,51.366442598796354,17.33359677321215,193.36997707446332,7.136588886338387,27.705399693578784,3
6.283459382114087,52.526250291739984,55.83029601206566,230.61953110787795,4.0214115648506965,6.597453467424948,4
5.639506989679646,96.11893171935479,17.931823835812704,131.17055625912448,2.6610435682239357,27.743447748886922,3
5.679711588139412,22.013156683024583,36.68748261944376,143.62493406608476,1.9541482247239612,46.620801807409194,2
6.450870094676002,65.9286073328422,43.66681674408325,98.36622354910065,3.1375845354404728,7.201875711958024,3
5.684862843299353,83.279725596162,55.582595679731405,87.31168340044886,1.1760029840797956,14.853334578331667,3
5.430731325984254,43.502841470029075,41.59817014651561,161.42860431637624,5.673442895774914,32.27275214573621,3
6.659645341537845,67.19261573709693,49.52444310418825,111.20642502768786,3.6468806586016207,33.45194474970161,3
6.117534173868717,30.359610055781904,39.57749637325671,211.61896000086452,2.8680208988829077,15.588832549259946,3
8.755989482874032,36.26535208865297,39.51721073583576,76.88071340663046,4.568966781535069,39.735817353580956,2
3.5,57.69932832095269,41.28215875522446,174.31766029123483,1.9177278328710488,16.84421567527327,2
8.137260277883692,65.9713334622118,37.16413118721438,99.71303805914854,1.266060620354344,41.734676076029984,2
8.369127788746443,72.41873024812492,14.701446353778465,108.97757666139583,2.8048003924068934,29.68651688040924,2
3.5,81.39257173878985,28.475147594550577,176.95560326260153,3.191315474204386,37.7121505203703,2
5.985968608879476,48.651068828896356,43.67162261667548,116.20597819460458,3.7958793098891546,28.708281262654612,3
5.942838701006313,73.87223510345176,36.26318494766922,124.210796624005,0.7855831253516596,31.569641043543296,2
4.388732457923268,43.15390313101702,37.6628637672714,109.39208182242157,2.315524754971152,32.10132526579237,2
5.333274968613687,68.04182623176536,35.14969495841927,239.2514895806721,0.5,36.44786542633394,2
4.834136231801256,54.14977595704364,27.04602410902273,119.12568444599952,1.2264762436408625,24.671721998425685,1
9.0,58.913558141638475,32.60350808535559,152.57761087163817,4.072892300550607,16.000961649145516,2
7.903517589721192,58.47015748044075,35.39752383417108,139.90431998594627,4.441538712862102,24.210608729970033,3
8.407332642491237,17.905899804043756,40.07714710812774,161.07085308621305,1.28699319703047,18.325121687590666,1
7.582508096064853,27.517562822784534,45.900675167045684,119.26315265170324,2.5130931763884363,18.979278921624353,2
4.806422343174156,52.05082879635045,37.29174563671391,139.9591382729175,3.038409232691991,41.547772398004085,2
5.71321960058034,16.25441840717663,24.55517116461371,169.69760044969675,4.617165208263166,31.227278907563463,2
7.234061841841877,66.62422206399512,19.028769401218252,106.84964309985041,5.293642299775485,30.767374822329145,3
4.666808286662082,67.43111932576284,78.96155811062837,204.4660678314077,3.2296233828345335,35.72643542421126,3
7.569497645258582,56.5434110575558,23.052774546031554,209.27402595208162,2.6090750166266523,31.17510492765394,2
6.139511902762798,27.577319744841557,32.220624981034256,180.32463130793698,0.8344595869490483,43.67077494833775,2
5.937768788675604,77.6027787773703,47.75500453770903,153.49381917982416,3.1621038518415903,5.0,3
7.566439952305237,90.74421279436716,45.412909143485216,20.0,6.112383752235399,15.024073882032223,2
7.16639496722906,52.94153654891948,47.81298538842359,171.21455663272314,4.935288824905978,17.99328151826829,3
5.95855075127138,60.21070756902473,33.35924395701737,130.43347973855677,3.2622874443883574,11.242835225291028,3
8.238994705046371,54.034773095920876,43.57837105959321,137.686279429123,3.4550667130501655,26.129227713212927,2
4.878405008600154,60.60738377997598,40.92015496361295,55.13113347385918,1.9672254578219155,26.599326954299652,2
7.423903410416395,47.60882486747208,35.31802948688069,174.67942429370962,2.464296556835216,44.75336238618879,3
7.389651886952576,49.30871520312393,43.6811461265701,77.57094765865227,3.2213987633765235,34.03789141852706,2
6.035680341029015,68.11435200994731,55.8304832012606,155.92122729956972,3.225951510477664,19.92473568511924,3
6.989199533363177,96.91248323792881,39.66699664847013,195.23287409549204,4.51612489935459,29.943594804974143,4
4.623329635422046,21.998575311965226,39.76679269534638,126.53359093412239,4.4431243991119445,6.730198795713562,2
7.8860405288103514,47.923750311940665,56.02241552313976,210.80258626142202,3.780850170316624,26.422552264960686,3
6.222646795335517,26.390790295358357,54.420405397282195,112.65048108964098,1.5012807327010669,25.887873146119727,2
5.715915469221441,81.84049797152167,63.759046614452245,180.0216538365501,1.5578770182272956,15.979026026350322,3
8.073513838755334,38.245240613602036,13.656546482806348,84.76071242707363,1.6681627945731217,22.988026312710453,1
5.443484464185861,21.13598412428412,53.57678774754084,201.55652173402618,3.3532804338099926,18.07462510723483,3
4.38730805545466,62.763739976971465,49.023700681032686,193.7995191289645,0.5,15.67454681777738,2
4.165056239714144,84.88622229486222,26.71521403370102,173.4178961481865,2.990587391303068,31.744991405278757,2
7.409014927018459,63.27195737121525,43.773818769982675,130.33579316930945,5.112964074681205,35.33911193815004,3
4.579355971255575,54.09595754563834,55.76682621636998,79.89996882859441,4.0002390520209605,30.09995540981479,2
9.0,58.18281845551988,27.562616162719,130.46798423902712,2.4739085835813244,20.618953305804165,2
3.5,78.29681325651109,46.63843643534211,205.51535878740614,1.9526168793753296,18.374464034013148,2
9.0,32.516014599717,53.07030513596526,156.49809357845578,4.208572927165023,20.93000017313568,2
6.816526200803928,47.76305791827374,23.93470656202768,72.34815352437751,3.4590830490784095,22.799921058113075,2
6.354930332194411,40.94619702980933,37.86571461332278,93.76361802900294,2.630351321125889,16.279097418082095,3
5.682621369786576,26.642693854165795,44.51452564963617,212.657570042614,2.116453681640788,35.53823987176021,3
7.098704171528106,43.43249481166395,28.05802741685568,174.39563760639427,3.114574484530911,22.977262686095827,2
6.443547946362727,72.15442191964897,26.81270201359681,88.2999939630036,2.545444854019517,32.64880849978405,3
8.154952823024782,61.332042967854505,37.97433097205839,61.70842519127032,4.176569354875072,11.000791575944112,2
6.67134147299306,62.886210002164006,52.02459575355538,118.74789326999667,4.8617536439680755,18.116595086720107,3
6.725452642192816,52.92951223306636,49.65601001788165,57.432064600504035,0.9491252582359255,33.593933971525686,2
5.954581681679216,60.466475654571774,27.07880906220487,142.20827549964997,1.1612706412067406,33.73545976417361,2
6.414581564418399,33.98819315303789,49.78251827673529,272.58126859181516,5.022084281473097,12.974700551911564,3
6.961702653338088,43.80980228145542,27.460903357502374,70.15219621504141,3.248728413995933,28.03068875997446,2
3.9347474110150618,53.84008473937354,15.847453030098485,140.69871683968924,1.3025240448167374,28.293142785518118,2
4.4777218668414305,55.55031717763781,34.49284643429153,215.59632876656255,4.474877409990963,17.917866212968846,3
7.614896141034072,56.40375709843746,56.844540573786034,187.45439291500475,3.512527649833249,28.569979930295506,3
6.756298157191913,47.23329435967244,49.8394082821206,142.5629642600431,6.304868642887339,9.195483003087993,3
6.224024995470981,42.45153197739341,39.97642288940209,142.68256649159014,2.6470474841016878,15.73108147029366,3
6.52765089959809,113.15542566088595,33.749417746134135,92.20451087877103,4.663055995603069,30.98957945656158,3
7.021372558042507,68.13574545864797,34.15356795825353,136.61721149972232,0.8267483413008598,25.295002587002895,2
5.690360479535958,58.26294951905245,41.631773587911944,162.1720357120065,5.0940413252453585,25.81420327585318,3
5.332542911896531,45.33583003587212,23.973437712312567,205.25567716370452,4.416240087316732,23.249173152143747,3
6.793767882646522,40.97562346112247,34.77838982198054,118.9912188242622,5.406521150690659,30.369025815324164,3
5.032440833577452,47.38398812546089,36.76645807960347,140.50824359682687,4.665870476263104,30.850968934130137,3
7.112379133571707,55.856576871733665,19.733883123227535,102.53932596216588,2.851427721186483,32.91498112755979,2
3.9461245936432396,12.39128911873837,27.423276236536374,161.26625897702525,1.243310153944712,26.25669200261843,1
8.043733455988466,18.612208092506325,46.15760187229572,189.18897251544817,2.0969206494539434,21.115881595694702,2
7.208896223619565,37.26235222122085,40.14267759911491,181.48240067149473,0.5,19.429835904803436,2
6.884044601470814,54.14278873557137,35.36857313209926,91.49064622788222,1.6186514532244352,14.431533419437088,2
7.974036475918271,45.214537056962975,26.32858843693054,157.34316047282073,3.6387920238126488,20.972101786314788,2
8.998211666693866,79.56242452198968,63.65274738383825,116.13437358749059,2.9283706817622206,18.936156769571692,2
8.021555097527196,20.352064260084624,27.430311779810225,200.55250078264166,2.6646147898016683,41.01578754257833,2
3.738688653002532,34.97309060793259,43.77389210892606,141.9343638613231,1.8103456260787532,14.530624088189963,2
4.580634549896448,80.40183481982203,32.68196367889307,74.02433308794578,0.5,35.37362117483397,1
5.562772133456482,52.62238649350294,40.544189389575024,139.00986471961335,3.273124669855875,22.322620566751787,3
6.539136575316251,67.69685165602317,46.864146129105585,172.92362845994407,3.5687402887029656,22.93527045909491,3
7.276488530703684,91.02493886538926,19.446151161881712,162.20030315713998,1.5126546599299266,29.011880906113923,2
5.411384280269802,36.123911641963545,39.90075633769768,124.41019931740098,2.19983959475442,10.814624478768922,2
6.780150146715617,48.01371324415936,57.86092973469768,120.7363305064427,5.3132001811341425,17.000249317198552,3
5.366925601470016,44.551461981382566,66.42252840238004,100.62478008918418,4.7392469303604505,12.58861220048715,3
5.582723295512078,10.90813991033449,38.049790401173034,130.26251898323468,0.7733631574065738,21.19741697156457,2
4.390008354727667,43.79206392488062,40.625218108253634,107.21605167370987,2.873045419153866,15.908048582201506,2
5.115150130833643,67.6212437476133,73.169995429023,198.50429930886574,5.1824335235583785,38.17143177305793,3
4.4724730915755,60.81179083624482,57.02386422398797,104.94313046341918,2.6753685040387207,19.16656525999238,2
5.036190120534001,62.3816633877602,30.740731461171716,156.11422311811006,2.5965852173892556,5.0,3
8.080462694911759,42.48982038721001,30.715248236708156,152.71519516631665,4.639106440114615,21.655672094019582,2
5.0759016667520855,36.87805527988717,54.34824192680903,197.28337239424556,4.480603866412824,33.074554219267824,3
9.0,75.38511343797241,24.83444304931404,204.46841444791855,4.4029550180709,41.30268451456185,3
7.239976851321334,40.053657072846605,56.3159012700828,184.79849716406642,2.6070228762388044,22.705067797139606,3
6.7772541855423105,55.881640775864284,45.01449945626513,167.6464171645065,3.9943320244125706,19.830999319634504,3
5.2124633297281795,53.26669361355077,47.765811460406084,97.5676926952971,5.242118270932831,24.85548038399473,2
7.550464819113487,79.23434032514237,36.1489929477992,96.55649561308712,2.9251894522971345,29.150561395351033,2
5.636543260643339,69.42824715344719,30.55262793630385,107.71545901175256,2.3948855680294945,13.7111599279387,3
6.683014721968042,24.094827586657583,61.92989246302481,187.59604998139577,4.8451089586344525,22.555496385155152,3
9.0,26.248936664499197,36.29894079169787,153.66649641253179,6.0681597043456845,24.504654363147903,2
6.355910150413025,61.57819636138268,33.835973851392076,193.43286203677812,6.172507325348733,25.458032558927275,4
8.223909989428513,48.71324705241667,38.79794398180286,200.14013671600415,2.4382327503375745,23.554570153012676,2
5.445235362311169,40.896564320924725,42.895331990769144,113.7024049850376,2.588939625754662,15.642179945041462,2
6.447517264254557,70.31255767988941,24.537623099208272,151.60371637785937,1.4562565002951757,28.38742658437004,3
9.0,53.749187641778214,31.526927586896328,149.3503160658205,3.1770784866221975,24.554272339517944,2
5.559549413318349,51.04914773778888,30.729518891409132,133.61061551878925,1.3888216028137248,24.52995449904471,2
9.0,65.596572815101,52.67920456910272,123.25785727376443,2.210049837438759,14.174718541106738,3
7.561627903183213,42.49782010112871,26.71056148000166,209.23777517055285,4.051694697243585,31.401878224903122,3
5.656299836158599,81.37037970945109,13.663482133629195,152.59858633577505,3.5849661152090952,15.520647104822476,3
7.448611608583281,34.239047535339836,10.49358155640769,150.6572394279884,0.5,41.164379006973945,1
7.958831674440095,63.13858132684176,17.944297979864242,109.86111625657021,5.355438447411579,13.207454301607086,2
7.432714943325795,78.6766567731969,60.42307304272167,183.76062152067522,1.3695058692723951,32.62215943520178,3
4.144662920164315,22.454090214558,40.24309899226078,99.74462495809925,1.5585991141814945,5.9181672545525785,1
5.4092942362626975,43.13329648295102,47.51873630210804,172.74527644223411,1.1416167723533261,5.0,2
6.128722046672743,72.84414785771116,48.04731590681994,174.1114680027581,2.008074992153986,19.452329056585764,3
6.38834985634993,73.14489095462051,40.8427587758848,129.37424753382157,1.6547904320012585,5.0,3
7.4310081463260165,46.570087992235216,38.87828055023038,165.88260405915898,1.6913498382166463,32.297231505807616,2
6.7665515013998805,35.30657812646281,55.66789644727211,159.28347795222436,0.5,24.78196540888642,2
4.496983461934848,69.11871644661525,42.189938714689596,148.0319687594925,3.1948910880807206,39.01030628051153,2
7.070296776508945,73.6709820516321,60.986462188951215,150.64719900726163,3.3480977517233397,23.328066019747332,3
7.415878617925735,26.706733029752105,49.31244917934799,153.08909115967606,6.366610106838316,27.431502476666104,3
7.33968567189656,25.921727020672396,30.73305589778458,156.49558363360242,3.7295114964983407,22.318054532509215,3
8.121171088331932,54.50513363967199,32.54298964195095,153.01210156718534,2.2551164704227817,16.26069456023683,2
7.750883231823356,62.58721266857784,29.088027903185807,94.80679048939291,1.198927532289868,20.93225649126278,2
7.188770118842655,44.0186182953989,58.26322032926073,142.38945244971976,2.855585310301107,12.960474747582182,3
6.394751432812029,63.585876399646985,33.924235705816706,163.2474300598436,3.673084334088839,28.874185903062067,3
4.008558599726013,35.79726786325236,28.02290804800551,154.86443642696457,2.2449770710214323,21.92152583397325,2
7.144427328698879,7.706128018525291,44.796670616902304,197.68751296975694,3.091524039522858,23.997524101013646,2
6.811531530744666,41.52197855334808,38.542493404412454,181.00432947497274,5.846031141088231,53.23730274278889,3
6.9073682557930605,51.26464293026202,44.41852768862746,106.4795232473432,2.423834809441255,20.96950211145547,3
4.584877136269536,44.48320080207087,68.34720855840766,141.66864459728026,0.5,28.137587919397916,2
4.878415189387606,26.827934726810298,53.6960620889329,134.4331673276406,4.310230181087152,24.458646234491038,2
8.079729279999356,13.687020482423648,40.4051583145286,149.7825756686408,3.4714821687225803,36.575942566363544,2
6.440667269215018,39.718223912642046,18.873649236909873,149.850930008065,0.5,27.384583332778973,2
7.522251046058937,67.95311543299488,32.500562541870465,180.57608346199243,3.641465515914442,22.28577288807011,3
6.542477564195692,75.12394878827365,50.665691538179544,158.86641815705718,1.50320467629338,47.925165737966964,3
6.544634209243617,73.7542676827691,22.434384405072755,211.52725026042754,3.6619836035466093,16.403153547547507,3
7.907425708963997,33.68180929702894,72.1145544449553,162.050156883118,5.860895263806437,23.061608267555712,3
5.725932907673939,26.92587352739272,40.21624843953323,108.47047398313617,2.734545998485168,34.164824334265006,2
6.644181165411475,59.9326922995979,40.73272589814227,126.63596899158901,4.624906798554729,16.81866013753158,3
5.806587066942436,62.70200023195851,30.00032210563033,180.18945353658793,1.1572690232214342,32.65612091935401,3
5.848255658851526,58.00339210400995,47.451066351635774,69.29158677471573,0.7208712804934789,20.20528517830735,2
6.036241814797041,9.718734515244734,22.62997290216652,82.70597926199774,6.026055708593507,35.03236261145048,2
6.833200657450569,32.66230830233067,72.47338883652186,150.53486035626153,3.4617225203345057,34.77011522845254,3
5.781877067504784,49.40622419428043,59.76026956978017,197.5461059260583,3.955004911742006,24.099164720084797,3
8.383634188360281,59.74436389260855,54.76444667795569,215.3517715977439,4.728033454268065,14.995267507971054,3
5.158089046670744,65.34614725204973,19.143564913152858,139.14471264891142,2.2082777853030637,21.08524348235709,2
6.219692533757962,52.8850704456408,43.08119905686626,203.0414343492942,4.237674539644001,24.851837075395046,3
5.840403412588738,56.61567613076472,58.13629597021007,153.6133954884449,4.010316243463226,33.88271211695033,3
8.6704668265306,51.69730916722208,48.89658099036609,73.42925088783846,1.0577927688264535,28.2058007761143,1
6.794832164767362,63.71238748436966,24.968363430493376,149.59617317608152,5.26947796711903,30.379075419978648,3
8.047766809202953,56.25731302981822,30.24859367037017,119.05459376892244,4.9602907739693,28.493289094784952,2
4.271659440444542,51.314753200945745,33.22095792991014,195.91154402388705,1.0744241414434077,33.46219015037842,2
6.9005753988038885,44.63262401725238,30.94843248267089,148.71623698227566,3.300429662192692,22.99589017478828,3
7.834446193435156,51.62582850084962,62.93168253565461,86.10434467217648,2.6533803946305845,26.648899605739864,2
6.623425983913136,59.6918275767855,11.184802917651158,75.01425945457204,5.127461204888906,25.283750620663167,2
8.098220562598026,55.34950777796122,49.83878709488255,148.95100212927744,0.884081990822084,20.620443644527484,2
5.724067324849441,57.61652836690507,20.615449376073233,28.989126427014725,8.0,35.11707307880034,2
8.61402116027837,76.85443722702371,25.581227688233984,124.09173550860496,2.7382737459421884,34.90641974019505,2
9.0,55.30327845493175,9.853999496969237,161.55151628714208,4.107667749271786,37.05788803983,2
5.955742159340511,37.02002959053685,31.76418353261701,97.14917479723209,5.081247498004204,17.363005440635664,2
5.831746217898842,67.67213571988339,62.6609747730882,199.6993578452665,2.7060009852447835,28.508091510775305,3
8.680076715676552,22.67603324662165,43.97236363697167,209.55032748753462,2.827587171607082,35.92367044417093,2
8.86935821859607,28.37173238521426,22.024576795013544,99.16495236240242,2.245753659272058,40.02896423254235,1
5.7157099592700975,56.716945294401384,55.25721511568969,135.09779129017568,1.6718015608033232,9.913684181264252,3
5.869719774356215,60.327933355731574,58.46956395353028,199.73465756607357,3.407788721689081,24.971138198604372,3
6.077323086709239,25.0989755299201,41.56069721558628,149.93462328724556,2.797099979737568,23.107837761657038,3
4.4833242334485846,42.343650380265004,70.52123737228885,80.276071095049,2.2359387025117563,40.908405694101994,2
5.122022080273703,37.878323355606824,52.32346186936921,142.83394657178235,2.3235540779494475,5.0,2
4.993788849871898,40.26647354236806,50.23978760938882,107.35358388520804,3.864350180839714,14.526833726367126,2
5.348303652343807,68.87195552545892,27.94931939250565,205.40989482129427,1.8036547059741834,39.33032620096368,2
6.447972668919828,64.13010927094506,49.41097728432011,180.29660471622944,2.6295528474116554,20.30280094790558,3
6.851322098804781,49.61755640292585,43.2518691640674,134.3121527367186,4.3480010876836594,11.985401203069646,3
8.825750739221116,39.08076145770144,47.7974350400654,157.10740062650203,3.3708382051039494,40.12037141532155,2
5.0024689388918135,23.00700659559719,29.73121571288004,84.59392115137568,1.425661100462086,10.681853027745627,1
7.976483597714876,78.40369877563897,41.9214832653848,112.31112707211942,2.964193396879545,35.22036055656248,2
6.1790167336617365,61.84227800569837,27.74707749677563,227.66395938462466,3.6555324317144535,9.397438704912023,3
6.425804435521351,35.86661791853719,7.793018500509518,152.67573262898335,4.483908286854364,10.574686899296228,2
7.512229238249906,64.39198995249782,54.97456852867575,196.50429023956826,1.866931999882649,27.001413229795766,3
4.815916967656552,48.59552758850749,17.46416527465724,161.6006544204014,2.162205415948298,16.51690949769572,2
7.073614619276076,44.257809902753145,41.60779697173624,215.71409215147622,1.9572600169197054,27.723350667617915,3
6.749678312319584,58.704230565792045,44.9950319417356,50.05812337003901,2.0317197009123174,43.020449082849865,2
7.238676896012223,35.170035001745504,44.89844523794582,140.58912079904968,3.6075070735456727,23.44986109236365,3
6.933752965861727,43.1248696097978,35.753813896026244,232.23908231081947,3.8917336948254735,41.27787320393982,3
9.0,52.42922128399092,44.0681721291996,197.8086717780322,4.576355239324625,28.242917543207614,3
5.543390023623026,40.01097614229573,47.06450604677743,216.26861293950958,2.863237636386347,34.55872424424036,3
5.703504567497274,63.38170420535048,51.02447223627977,149.66177031717547,0.8920155678307875,5.0,3
5.565289210362853,87.38133007356521,66.00162009076394,123.14467922933082,4.004205246686195,31.36304696348848,3
5.666784321259618,34.914037347857146,43.51291227247308,98.64177701560358,3.2387155176113755,29.827635854658944,2
5.5439193090402235,16.69749407391911,40.960732675265525,95.15359541692449,3.0899542189740044,21.39930748014245,2
8.283524796661327,9.965196650474766,26.39906551974859,190.35302811042595,1.0748947675331668,43.95530906215256,1
8.630756371984782,46.99063717010036,46.539194858490056,175.6605525210426,2.706246204591989,20.067916156801992,2
5.643880559375786,36.73670819747635,50.010746547108525,146.67132753348199,1.2095178208114223,8.9112577814467,2
5.251466640343657,54.15721002134161,37.11545223577559,175.40953274258402,3.722947482668639,32.81957043746741,3
7.207123334579606,52.65195344052202,48.169187562760555,157.12258795260306,2.3551589569442397,10.763236875650136,3
5.671665433578543,17.935663067718075,35.612257096759876,198.1108850699742,2.2206984054531627,25.765868073138403,2
7.449397726633266,13.702323410371882,50.06488978133386,197.63433774540852,0.6942667753664522,38.39864262917084,2
6.804384531276949,55.9186648069219,53.68903471044615,96.70629497575788,4.540643804526064,29.984783146000044,3
4.2263838275041525,52.70857669439914,53.47941800095728,163.6822993734895,2.612153053155967,22.52611817959817,2
8.821257801995092,41.48364003266897,41.76766489211951,66.55666249029589,3.1304711555066365,21.488737550151043,2
9.0,16.85712829735391,24.40047772574423,156.6510369045298,1.896764863961168,37.653426286639785,1
5.580816964273421,59.427825255299815,30.821304210372688,180.21521398507926,0.5241374100500185,12.800850231089736,2
5.918447660096024,75.43799090847887,48.927359858270925,84.31403276034196,2.202561617734119,32.750550727479954,3
6.928798086087357,55.55964880437845,76.73218458610341,129.1768632269584,2.44268799334093,46.93608772597702,3
7.001685184980538,33.05052218869871,34.88918842701877,150.47631886099012,3.439140031372264,30.434367549207174,2
7.487816409009246,50.891043311423026,46.8375651758221,161.69574581866948,2.467451383666302,22.61981620814819,3
9.0,22.6777183813263,31.65921163780895,136.06981483875825,1.9224767104540814,23.399345964548182,2
6.234579158758926,71.15921427677586,25.390494336263487,91.3855923797664,0.7449909042864991,20.196196213854993,2
5.302554133192319,51.63688669059078,29.85526204633956,147.2996399040371,3.0726802431341227,18.489549340869647,2
4.4310211579782095,14.636861764935361,8.762920349459925,67.38782165295109,1.805159709343699,26.17775697459391,1
5.4036049400871216,43.986512791126344,60.30152594361626,138.36792816589275,4.981209800648547,31.794845339933275,3
6.450309540689305,59.26603020468462,6.5480462062807945,127.93131931515352,3.225219992007153,41.10773492265386,2
9.0,43.33904758048955,36.042576543990506,143.28671632802897,3.843154260049486,5.434600254117726,2
5.723583051445743,44.48208557119652,22.328081569749184,122.03390112621585,2.6268170005662426,5.0,2
6.835681927458348,25.511955859054567,26.73429676956693,74.61595809218998,3.3019204346518674,41.300794320935154,2
6.475365655890872,61.33081974163312,60.647839896080015,131.6828339705244,1.66392702634462,25.571367605834276,3
8.282589910172126,37.030615999617254,43.01600485047088,196.54100625186595,1.2326717614955913,26.095087628548548,2
9.0,6.871092459899344,25.519057612274494,213.07304019944024,3.022696616022835,30.01295788638452,2
5.703696840619519,42.57485258659212,31.157243012552335,271.9667139359633,3.8555874828016137,23.131403181829345,3
5.765840836222667,69.62299431140707,28.517781693368715,234.5825204198832,0.5,44.75156588979516,2
8.066241315603609,42.26141106800105,39.34681491881679,90.15310366659479,2.2513447637939388,29.918287176232802,2
7.522837234439467,84.75969970247041,42.59337527181539,129.57811993636702,5.763183161832588,20.523997825992247,3
9.0,58.57935897097034,68.4336215984284,148.86071825811115,3.7188413275049323,21.418173949619234,3
7.375892277988946,56.775163245607324,11.255488510034397,145.722008288315,5.306469050535747,23.564689655131264,2
5.961061863819411,47.43203468164782,39.477815278630715,153.4766664948113,2.048932572317123,17.228941882524925,3
7.385982246038464,48.63427584471419,35.266484611982165,270.37957107737793,2.3131413525083397,41.894873704713774,3
8.163055370874362,44.73152729760992,54.19822791575174,95.89742271038014,4.450099980516761,26.239584061545802,2
7.730723271796046,43.95461215834947,45.322271772675904,114.32344318928506,3.9352805330674885,13.294993997713576,2
7.260911046660946,60.61734324134298,48.85543312172418,232.19129650445464,2.8584231359104724,29.05202064230748,3
8.100012034383731,31.28337540418869,45.17629279022624,119.2009328457574,1.106226286097243,39.390429845792276,1
8.25394338566851,28.482123425514807,26.020133120746905,169.67903251678578,4.735277943340366,35.608163737223286,2
8.57323848655629,27.536098982492447,58.168982447395194,201.73286849341042,6.765342221291567,17.401895144918903,3
7.473064831384464,90.91309095354308,51.977573569235034,174.3249508366015,0.6422007175548705,13.90928703861382,3
6.249322879524718,60.6068580334116,53.73294687587114,159.5882816551246,5.105428724624158,39.27322285178036,4
6.720070529649984,56.089844033602894,58.96075255760747,196.93053848469918,2.297548286013943,8.756896421917556,3
8.309763449762535,28.84970659413137,46.2651265097794,105.34657217475149,2.4997970234427753,28.709175592527327,2
5.274596493519146,62.46684601349657,62.21488606176239,125.18184352519994,3.404459231307501,19.31474703207037,3
7.053009963309352,47.66857307093343,45.66459357679962,176.78187942325818,1.1917150812900041,38.13643045869971,2
5.909991781508959,54.283378822634994,36.71412117963087,46.528037039287454,2.944292332583422,14.45265772202239,2
6.543117234402226,30.46759368272888,39.900941342749526,220.82919116723463,0.5831195582967457,17.035310602288423,2
8.417677793910947,53.20537714835153,39.642343477958256,165.16961875988906,3.7141237346673073,31.17028496869505,2
6.786648602029855,41.523329235870335,32.209130168641856,157.6515876390575,6.350583056944753,32.95515864276804,3
6.569654822234223,34.687776859396244,64.47833272555332,68.47435611794714,2.0407027662545065,38.595968005046316,2
4.460215788530121,64.68212671614498,44.44443048255501,85.6695437300131,2.7468849925624323,29.72927136769616,2
7.619380349040831,19.245843829399952,41.4210771374936,130.07081678495692,2.8207827358908775,28.494846076126723,2
7.468226271711613,61.29552528628301,45.824113823896504,190.37149251477996,4.479702890986504,35.491161392938835,3
9.0,63.689722671059926,84.6978177510572,46.16919939007073,3.608358553577702,11.293907219442104,2
6.038332647570499,32.40712648897519,23.02413717100511,189.41824003886782,4.380519015527893,16.203486016390485,3
6.828725491495908,33.59343077735065,27.324422324255863,131.99843379458167,2.240646997196441,12.132034506155847,2
6.874075525566133,45.53948637467195,19.291434738295056,138.8288263629174,3.6503535072296946,5.0,3
8.866179919645212,55.64072420924441,36.51101142346771,162.67964708454033,0.5,33.42157737551249,2
6.357056701419572,46.94290016371549,43.68277664991041,163.4658618923206,4.001193857983544,39.29685115397497,3
6.918532288655509,58.67124920383759,33.02016222488384,114.37857050317014,1.1733109368071055,30.559949643768757,2
7.411844764574809,85.25959305074798,31.90409802772345,181.24550442344213,2.508609177750112,28.800741404996526,3
6.779913684734537,39.845664617005724,42.136072999421984,34.030093005178074,4.1178766629663075,25.849624384093552,2
5.830349578174207,15.696400585931592,32.46838262755454,127.47905567161726,0.6958652510701384,25.55143845970812,2
6.791134989347461,66.51847166061306,44.652637407742574,157.68408815884519,4.634149197333038,41.95223431777242,3
8.110447624789657,83.6662915185506,56.71351520113906,132.75253423927626,2.8135427830669135,40.491849658795864,3
4.960227050883409,57.85536726102249,50.15545704701209,58.65448480170092,5.179673229430858,19.149694236470648,2
6.699454511220314,28.24502649292664,53.215200207478034,187.90136893802355,1.64573376144632,36.088023426502644,3
5.44981877759124,47.52215273529598,56.28877617260079,87.58060939364739,0.5,37.29427469532294,2
8.292569943387264,27.629530315767354,44.242422401780544,146.62429962358553,2.9565799269929425,31.50393329745637,2
4.215219642824338,62.85710987925896,37.620384609353486,157.65172985338114,3.8806141017708633,28.875807127828864,3
5.661617229092617,22.97419194603131,28.416203936752066,150.99135768826835,4.006405408215333,28.53272953488237,2
7.065817812596781,43.997424263436,34.132327545464186,208.45054629319077,1.2967677961091462,10.179856384309094,3
8.84828604385151,29.91324347412187,32.14471700984658,147.33687200031565,0.5630503948201335,9.293166543593632,1
6.401374608390518,52.53649370269924,50.97508489931367,171.37277023484702,2.5315140391476527,32.8329138781036,3
5.667200709960202,42.67316645724485,45.201738318912945,147.20479834243795,3.774665985713386,13.996207165717047,3
9.0,53.53524206500528,50.45136794071452,180.64780420831374,3.698680173159481,11.107146336413196,3
4.3279791493756345,50.44701109932731,22.594947158497728,219.67476485237614,5.358189504708217,5.0,2
3.5,30.266819445517793,61.476242263616186,156.87709147360968,2.4398171978738743,20.242929382679353,2
7.1600216750799985,62.537541270580434,33.595294427398564,189.09251787914997,0.5,28.7433617671253,3
5.746918663471083,49.0246869631377,23.49975036888006,222.76644674410989,4.794999657426353,29.549208133138944,3
4.96815077430393,30.229419842681992,33.41173352767281,217.85921234871358,3.2927929711661315,33.50595107559102,2
7.56253467094903,94.81853112411585,77.25648988881262,130.73552981943948,3.4232818657513664,21.08501326806707,3
6.865701070656798,59.52860333434249,34.184247002626485,201.82161778725836,4.150635588159876,26.072791129184598,3
5.6538820538949075,46.93478893201389,35.12355292793612,162.43855800235963,4.895465385552992,33.45818055223318,3
4.579543401993659,78.30409053403648,37.118429790554856,205.8614998866957,2.9654700237746963,29.639780298262558,3
7.808685992420217,86.83631218773215,37.77069424852817,178.4317291781475,4.764827449992104,19.151308939917264,3
7.475301766937991,47.0930115537223,28.277859012981185,163.7834038018094,3.8282043962126773,27.996449766567142,3
6.351236204330926,56.94794972869524,42.148196248091956,171.69860401731773,2.0166264130380016,5.1576859167273135,3
9.0,30.23994363994118,56.133923622974955,162.76189780194656,2.6501422917472333,25.001230548709344,2
4.894872850510771,47.05614498463977,44.714339732180605,164.7166522568255,3.9251160350977585,18.815979892650123,2
4.211712243612892,46.0187489248026,23.332520516500217,142.05838197090455,1.936762853634157,40.18576712984057,2
5.462137895178134,53.69654067243308,34.834811425994374,137.41378296962415,4.329688653204679,15.227758848926662,3
6.431620975466753,56.655209572740205,31.727088998475555,238.15874646863347,3.2372752512708103,26.166785854118423,3
6.8650091739840375,61.196568976561196,40.79409202352202,173.8763955555592,3.572427358649727,20.711672483621108,3
6.138145913215505,54.75285312599918,59.956775073434756,121.33475388843001,5.160757985325229,19.417749205122377,3
7.028083094771445,25.78514746741671,37.76675805968676,136.12912842851782,3.534850316364297,28.77331875521489,3
4.622690863714334,31.230657885178303,38.67767696694414,202.81292267239755,3.1071177808729695,20.817966736951174,2
8.665646906109888,39.071847610726536,66.66467228229143,113.19066449556902,2.8761173053378166,43.51990504651932,2
6.376773232411146,44.35518816153542,53.14308987507491,75.89861590944946,2.798014560328887,5.254070906140203,3
8.175943747382192,71.01548580944227,48.61121923159803,79.57754296989778,3.4684490463054107,31.311707921621124,2
7.0140880195665565,26.74122026294174,69.37197422952664,63.55121998976061,5.044984476174622,24.152052403439022,2
7.185129828730676,42.851699036586,47.347168821910195,85.0592570867771,2.0823356094987466,24.49684154404264,2
7.3546509203483055,69.060189964281,10.202092870337164,90.95670300995948,1.9688142919935552,28.021225079297455,2
7.171562840025972,44.00245051006775,52.48998636820541,219.26186898040694,4.927559842797044,34.977527504875965,3
7.464084139801316,59.20831299685648,16.119873143220246,147.69103936703658,2.1507795902121694,27.65073050732282,2
8.493728795198647,47.20915914144193,46.78008052873672,131.83682304316415,3.324142299529056,35.01329969708019,2
6.794781754552205,55.13566514649446,14.2938463880614,77.82934684907131,2.1123038027762013,25.46402030451679,2
7.563505636382768,45.430549123809186,32.99716884400121,142.843680126433,0.5,14.658902997068804,2
6.36539645856916,63.34130945456708,34.54323205585193,63.133596871790374,3.2973377899379424,24.1085608825887,3
8.66017582317421,19.098871851871294,28.4482133915237,131.52914143568177,4.6727518410390765,36.52925954489292,2
5.485411546911095,42.7337598322291,34.767220042131996,253.22471949218374,2.906917722310913,20.893187717717367,3
9.0,55.93145353388616,55.48842580540828,183.19017893531824,0.7775121551156579,14.171963930902189,2
6.439763074033485,60.67390496012386,29.2907063176067,139.51009198227348,3.163605874575623,31.19454490366728,3
4.353837346822928,79.85905245507655,48.17711319265811,184.9061802703178,1.8660729170319117,28.366115208025544,2
6.692156622366184,42.179506662688475,25.515255405890496,123.92284109362159,0.5,17.291263112419298,2
5.478422513787679,79.58963523721746,37.15750635411806,109.96611285604061,2.8786744174146897,22.669423571608657,2
7.760965323483086,36.81952346680659,44.85758899491175,235.20648147664213,3.7765262908320487,23.183290722848035,3
5.521064031046413,76.57292823089287,25.052073750721604,92.88626730398633,4.766558217197875,25.0638193558555,3
5.83072485017783,66.34934253396744,20.32419350633965,132.29393821613246,5.635282109943211,31.46565709819214,3
3.6656889035817035,31.730828407355546,47.37817225868332,165.3016641181755,3.976403516079764,20.947967347953302,2
5.821540521126385,56.140784745036434,56.84620599010958,103.18828971212758,4.400351112908391,31.982442943655425,3
3.5,48.97528328935617,38.81402470768942,182.53024768157047,1.0731518248829002,19.665107395690836,2
4.124145764771415,62.51169187350001,33.14030640164944,134.67027376788738,5.432738702319381,41.663074130470044,3
7.6406219842164464,45.53456823133381,42.335130815325805,183.19551637834283,4.901040272357326,41.87853785431082,3
7.678700237976249,43.85507548676537,40.832198781480706,179.2992089875259,2.449326772550215,16.435936753590298,2
7.1381863426774474,77.38189165525702,43.64353811066877,137.8493934687085,4.022490187931765,12.744979385141583,3
5.049535785306181,48.02558211088654,5.0,235.53293362954926,3.871602275172915,34.782078138323236,2
6.42843296578703,66.52844648383532,23.963435632510553,116.73320982832793,5.20532026582559,27.578834697848198,3
6.494596191364147,45.492970299116,27.321548418447193,217.44352352743687,2.773338341760174,30.51668207101681,3
4.762452966211185,83.33326518455047,42.26301442767344,208.74666213140205,1.8806510434499826,18.452448028032173,2
8.755097452650727,36.43330741329013,42.788168254333996,238.544110383022,2.2650024455079842,23.675460138437337,2
7.816043435863508,37.7171293750563,49.54270733026054,158.70280196715103,4.345193975045801,21.55165827189613,2
6.168553739255504,80.49034362231806,43.86372623815655,110.5707144036005,0.5,28.042009855514745,2
6.540328758491796,41.101072182094946,20.488973944189965,253.83982926647735,0.5,12.542799850063036,2
6.812574211921329,82.02148612328784,61.705069263775904,133.2649266011818,4.341373510451968,24.00665553975858,4
3.5,67.83681159189626,59.07877455133549,109.32287136472323,3.412208196232949,12.442215651582178,2
6.129233926219104,46.90700586878333,21.12704064959611,140.51066270475937,3.0276950044547664,19.84436222899258,3
5.477023628003302,13.734130559656833,44.99057941561274,100.91546419214612,1.0416800580173158,24.026521877297586,1
4.997569985157627,49.61363391456329,31.068634221354763,176.3074412561673,0.5,30.07433729777521,2
6.078349560671068,52.03260107066849,42.08295983800822,119.71658091207438,2.0482063747527213,30.90320251675352,3
9.0,73.34435466608745,55.79965419462806,135.6257915047564,3.542542649054522,32.609148171608624,3
7.461264291900514,81.76894352480224,71.95156399481438,198.3889430832481,2.121366430849192,10.172099371561604,3
5.643231515325805,36.30025641712505,51.26916557713915,181.18466050880957,4.350150300363033,37.64086396123399,3
7.358874172034238,66.02363527976365,44.42402102665204,150.77922862848294,1.5689109869695623,18.552005475093644,3
8.599033154879002,65.30804312026699,34.90268247537554,158.5436764373491,2.220982390260624,19.282084018275043,2
7.886950524369153,71.4682540482089,42.732023065167645,150.61277153157707,4.054801582026554,27.687475485672095,3
6.589445554880261,59.97379824271089,60.39657839992471,128.44224667913178,2.4346274752731505,21.62998545639792,3
5.529594833441639,11.150046180764605,39.32936864860622,149.87366695761062,2.5089750595161053,28.618258197149963,2
7.547334970420385,46.8915513494448,26.708310229785248,174.5420812746472,2.034767319526781,30.473925660068545,2
7.090228078132625,26.885848501661695,15.704652017250602,143.69189355105803,1.756588888795728,17.36824336830517,2
7.842789830041598,45.94788454163852,47.69571801115376,170.9883815115137,3.531266030844315,23.16273947851598,3
7.4527577025229546,69.60008472267788,43.70932188441609,108.16656107884765,3.725559441966938,23.458830442215284,3
8.074329072979003,56.10301671749945,30.31137740106555,119.80531744271477,3.340722656326924,34.58272582314827,2
5.6971471826591475,72.96181732794865,55.39021188560947,113.28397483630124,2.075724591669838,20.348371327945795,3
8.476091098451489,56.83507841427079,33.67334703418554,121.74343141037969,2.697762150129941,19.913045332025025,2
6.796399407038599,24.033481206621946,37.980338622628075,214.35905233530457,5.393902175131764,14.783820454938454,3
9.0,5.0,39.75003800053085,186.30193965551803,0.8683749343506495,15.904860074475366,1
5.466218272865648,52.9761752335918,34.73570886792868,96.15384406578272,5.828836920642959,11.493942566455466,2
9.0,45.72147067297669,43.537975986243566,171.87491482042276,3.14957976917632,17.96936197487011,2
6.796866175193972,30.461085212362356,57.27272718899502,130.4708843675715,2.729810415035244,40.93565011358714,3
5.522872994578328,15.98745500697244,22.862771528223657,115.88077072642173,4.430067508202516,31.909073425043566,2
5.774171248918518,35.305135730545814,47.327802077110135,75.71302671387465,0.5,37.773463422452195,1
6.019479037708519,46.11017030270448,42.58238004409662,198.59593469101222,5.0704793618696264,15.498492629292324,3
7.136248919602875,63.317556474127805,42.30645744317059,81.80684251664307,5.786588743422572,5.522692317090268,3
7.284253232053249,53.7726216313596,53.07766854811136,147.40184109950627,4.631959301188649,28.16381998979258,3
5.639449994092131,82.16134494345458,40.73946137825738,102.68443771375655,0.5,43.53597894183562,2
6.463468111608526,29.287918879092114,47.20343892858554,188.79219735349625,4.146251696700723,20.146642746645703,3
9.0,67.62117784114866,50.73796944356721,133.28240868430248,5.468997837028025,26.018163552823324,3
9.0,50.94597486257456,32.434521994290904,143.27686722398278,5.314123181603633,9.304648437767582,2
7.154485504511048,63.89338248237169,44.487751912206974,144.96328685349837,0.8878661291604093,25.282064237401517,2
6.557005217252301,41.26970273468913,36.23818589184052,165.12851674678916,4.5245352474045095,23.750122146861425,3
6.6800469900773916,71.43360747781179,38.009773304201566,150.65023819916547,5.693355604168721,5.0,3
7.4202769590956255,55.90449516690485,35.16907905282502,147.83634055194418,3.044198577969029,14.62663639701386,3
4.9658111522023916,36.411100301645014,47.06620606145329,124.07990123726111,0.8209481658154192,13.832698673335297,1
6.113935193864982,49.759519421736236,41.2246706352738,71.26353133289534,4.242978889087401,9.202734828669366,3
3.997123889183616,45.20888282125801,45.91816051475011,94.07245202290723,4.5807869529776255,17.751453164399148,2
7.098834683907919,59.783567012755874,39.73723955656377,185.92398693403229,2.7911877535111462,30.087703666647688,3
7.470793909554112,26.404465012509828,15.938184812945128,134.70902683368513,1.2139148162042632,18.668175417667232,2
5.775220306550939,49.41296595768611,40.47052624149563,116.79951111387601,4.472808126054245,36.484892700483435,3
8.860980144935048,57.906145052986616,40.95306932735225,79.71359277909775,1.846786701567363,21.372403369475876,1
4.661351505496488,50.66046614386067,43.638939057301904,64.01764299548239,3.596020089808306,28.262181682959074,2
4.30343767968527,76.93882488777992,31.09406209471387,114.83965599359007,5.337249532519419,29.97479682042904,2
6.836677727839958,65.48045548142105,22.067954250017323,194.40264270226285,0.5118028545719708,40.338799612259706,3
8.070647453918232,49.85038406518507,49.36909967341417,122.14649031888408,4.3616459969538806,17.838900549196588,2
9.0,54.33378194995346,35.895901651987465,170.0242762620724,2.690126954520299,29.423595074883224,2
5.81167360569659,55.91331102963999,42.56866071527494,119.84700853010212,2.729020074023137,15.533732474430602,2
8.118021250146944,58.06599208333648,35.77809880167557,181.94333480144246,3.7714746517992404,42.22095688094408,3
6.4422372957489396,13.486840086707844,39.90907261339608,132.41245990956654,1.8429239528787642,14.603110558590192,2
6.24105905008877,43.969474084613054,33.26071978096287,88.40578772247518,1.2374712946070356,28.836762291566473,2
7.8254899062300085,20.311218636131475,25.47874616269258,136.55234660502782,0.5,40.594603667315525,1
7.478484317620129,75.56561894918973,47.105974911529856,241.70002091402037,4.847644064128822,13.034783038303026,3
4.135411764523626,48.783009599941444,30.9531986766082,239.49421577754273,2.4424917223365545,30.95097206740535,2
8.714810524588843,46.13318100640755,42.45927221342216,174.32666513896822,3.8549106185360493,15.072200326376043,2
8.570137031221178,67.9359466406647,46.15690332853117,143.14705922931486,2.2724518876775175,48.283644517388794,2
5.561655947735706,58.446495948997494,31.197809265953772,165.19509010475417,1.2573592449375663,6.086288763381226,2
7.093705300156113,27.427309712415855,21.941715484405226,165.84261693666448,3.9784689149087096,9.826906564290878,2
7.2410452794241085,48.58189274945262,76.39128420779579,148.00566238164492,3.4919438605872335,13.784784500506618,3
6.891010648735861,43.296660535472306,32.08342186081861,172.04720099613084,2.644651269018861,14.1068035125796,3
5.674542269231869,15.10934222787892,49.351257379017376,160.41134310767816,3.4528440951622024,30.20869966079964,2
5.492564948092923,36.19447533525591,69.09195324355186,134.20138073178433,1.559273165633995,42.99680272842923,2
6.461668893512832,46.329193559670685,51.8486162028084,90.23716003081785,4.590899661832967,36.55129085509945,3
8.259093528889046,47.70098137016315,35.493357867586724,126.99703788899171,4.938591957801712,27.339022867541495,2
7.3154002318916485,20.355371526453826,38.99325418697333,189.97594245367983,4.138956857005381,25.09582895676391,3
5.944078501870841,73.03331166094951,27.510891703917274,148.42688877523176,2.4420213613594948,18.936377113297596,3
7.657548065972517,47.95793882217122,53.22544640436613,165.01434457937526,3.0890201920251137,28.91072990535438,3
3.5,50.75106153321126,48.494060620880326,135.8492236147794,5.353254672202144,22.911961767504803,2
8.223148550558156,58.012832766796734,32.283612726073855,97.02012474946876,4.921749326416766,26.89410906004752,2
3.8904293318328507,34.238474921926574,24.367377893523333,138.06851425640886,5.990803635763088,17.59095068580244,2
5.956338587895302,59.12711946265392,20.181493935044628,98.87720496253243,1.8292217200302392,12.981713977288024,2
4.820495158060784,42.65850707963634,54.797710057063014,95.68554131982243,1.6946815740193013,25.25469343796856,2
4.5579777864186415,32.068289187056166,41.80559693433341,210.28183044347048,3.201555431373164,25.03369825516319,2
8.241240181067779,61.46894986710798,43.22476804499127,128.9956997532892,3.6103436359444503,19.040671376479313,3
5.798448198032163,79.83347717603615,27.655770612064643,112.92576372699833,2.786566252410656,17.334899071831078,2
7.019755822596074,64.49658746971663,18.047453450433906,230.89798421904527,2.4154733582468912,30.584062890741365,3
6.429619131681224,68.45955130280862,54.43920362067449,190.74925177021208,4.901092774243694,29.549481957543748,4
7.215561240834682,39.58738786875402,40.63058555495846,131.4245387249081,2.86390186417929,43.76550156639822,2
6.615232836590383,18.047605416630873,53.60851990086431,171.3818162776184,1.177182873122514,38.809298264548595,2
4.575511663717146,79.80275044199682,34.21100310226654,138.21058408696487,1.350466369596713,13.061575234187103,2
7.99440022917071,91.0902977880952,36.447732354447126,115.36601603602001,3.3705964877002526,23.091741741101316,2
5.759365125258031,80.85613547539364,50.699472649309484,173.73456122425023,7.503978727367531,11.3523128386219,3
4.165127152010373,43.284281220405006,50.98522119475787,133.78490573398986,1.536084384382232,6.607641309304732,2
5.857827258551131,26.907313225423117,51.96348434028931,153.77490044997018,2.5276888969904103,46.95489087643388,3
8.751139685951467,28.68634604360867,35.57198120345956,201.06816174498357,6.607207162899059,39.80296503778487,2
7.77533261317024,16.325348647719025,49.21820856476302,195.56065518976882,2.2735789052422963,18.701960845705194,2
5.977021798388211,47.852427631799095,56.63649198215079,122.49533540719618,3.683191261907108,37.43376138952611,3
5.976113443522356,82.11355916164909,38.42841982477699,174.3015801143543,5.813866083886847,38.917203126451085,3
6.0175474231739265,47.166747362555135,32.29767454338919,93.6071876927122,1.5727819786442665,5.795358298677932,2
9.0,56.046458006965494,60.14121404975148,172.52070806578524,2.5361096669676586,33.506036570172505,2
7.07290317834733,77.51193928608417,30.183313996730394,157.4247652900553,2.2734510995481894,20.08346398841417,3
7.145062470786605,41.918093763352005,49.44214745671715,168.94896811817154,0.7231569555492126,28.830950283776453,2
8.045425181047763,90.7106291343919,39.12366534220208,135.12776226778837,5.354048918532939,55.09862195787916,3
6.85818373853977,89.84188814994907,12.376515752731592,254.2035636826245,2.1218934922952015,40.853624054214315,3
6.111436781268945,47.377773226390346,56.9289110121787,104.9350146189843,1.685631486267162,23.71787870990333,3
6.205475226372533,38.44931471961574,5.0,198.5775855484231,2.3333491678943674,39.216735039955736,2
6.392598110878904,63.94476092780626,10.238078998635867,98.41508401158342,4.393247107731159,5.778888613616779,3
6.444166645235238,43.04950114962284,47.90995119221007,175.21720873146606,3.169340305511821,30.035728310766526,3
7.59144431545547,26.868895658653273,47.90606798017173,178.78949886258914,1.8125005418544544,30.274767230286628,2
6.577918828710949,75.62477307045961,30.436302131836964,152.74879357811426,3.6137247673725788,32.05693031290509,3
7.598960115823369,74.3289477455416,42.217331354548676,125.23377947281479,4.218892046622859,19.915132541427948,3
6.378925129837127,53.11023207527121,5.0,157.05674453726493,2.9643531181458647,28.819737701216162,2
6.617952785474136,24.742704925436442,50.60463196705899,163.35051667150873,2.6478586067015106,33.55972696794431,3
3.5026989732018388,25.409474975652277,43.74588230580395,239.49682431531414,4.52381390757333,5.0,2
7.874491512053722,52.14458576838305,39.315357199993066,106.3829857349852,2.731222130229838,21.838232278696236,2
7.019732713846989,40.00257930989935,40.31262223206658,122.2043251842999,5.412287259435035,15.96687732650478,3
7.997015164789478,43.17814135716784,47.39881264289548,164.2367778534668,1.8635476918645322,31.621395504936523,2
3.5,70.43926310120007,39.56647714753208,137.1973104802374,1.828629801358812,38.778383195048036,2
9.0,64.66358634845116,11.889167459031697,144.99794811347,1.6443048298734813,18.88147304183955,2
6.290615557767239,77.56285360995226,72.94498351783784,203.51759176818803,2.641730314965026,14.113064648762041,4
8.162274225106275,30.18753553245485,58.01201229142677,20.0,3.003756092049478,26.171639454343108,2
4.940141109311703,43.13616862626576,20.725830070677578,120.10253274910943,1.0115461356407789,13.467889882066896,2
7.419160857593854,65.17963390920225,34.82294154285114,62.881538687437526,3.1451359018712783,22.73567022986237,2
4.919876655239516,58.961566820257836,36.45948714765939,90.20917815479648,3.8480312809289337,21.68117776275433,2
5.564346558956292,80.64760765175244,56.18274349763445,270.2312246036235,0.8017626678104559,30.801027466016855,3
9.0,58.410734118081386,7.61096597020348,179.90840669763782,2.2182428604286715,28.151955847552014,2
6.21397639885498,86.96218208211104,32.514876033553165,197.57824625290522,3.85122859285347,26.613969135784465,4
6.826149309769584,60.800356034462816,13.590453349937444,145.97351751067842,1.3658711011861193,41.36850511290463,2
7.805101596033131,71.2433489517732,35.723567262574925,187.9356912415955,2.5260322171298055,27.697295270874616,3
7.243522831958907,43.529701064310856,32.912486603726435,61.671774623987545,4.632275353400695,20.82162223887815,2
6.725628357715364,50.28574423767978,41.195411010740685,201.91492058848004,5.692774144689027,22.0480958856356,3
7.047441503699338,68.21888807678951,30.92688401486225,109.007794072005,3.659872816873691,17.35695249574223,3
9.0,82.25956341186108,28.734649129142134,123.43420903370435,2.7461200712585794,14.81363711335933,2
6.413571804449622,64.58473898621506,49.294850376447215,175.25755352273262,2.2479029690464087,11.106575795148474,3
6.801648570072452,48.33656456130761,46.820091114138705,165.82233792911074,4.366131148157321,36.34232446706742,3
8.075981594011418,77.54670059056684,48.27097514167363,154.23100241967745,4.700109598673505,17.81692942713216,3
8.158288899436975,6.160426874402383,37.34649864263736,81.84519232098407,1.2653463043235278,28.159154751732697,1
8.28054545834057,21.555309969862527,31.42392126662216,154.9906834410821,4.365640223915899,22.00133766045912,2
7.458095333043777,63.63268447336778,38.21721276968844,198.02806767416143,2.0894305474106685,24.70776004744102,3
4.785492630904274,50.2821671250625,47.51743105102678,123.37564519501029,1.7106663390716357,36.53801118063922,2
8.950147298451643,62.110273022483305,7.348304485422275,215.7468522670148,2.769533694674358,26.766564283620493,2
4.780481910471968,51.28815044863884,45.91167895556287,106.36540320429953,4.487419863843547,15.773252501211687,2
6.953953197858549,61.418913892077455,44.63707281002197,150.32739458591868,3.464107987259508,19.358874612130094,3
5.368586224970963,33.711943580136186,40.9322635912859,226.76638666883065,3.423497497186225,33.59946027953388,2
6.4037924801105115,61.40972172159381,37.76029867192487,115.93000436501953,3.5286624809995217,29.83178537434971,3
6.993143615455221,69.88829056415169,5.0,202.6992741688537,3.7014870280355416,34.22413320805741,3
6.982035823175409,74.41101207862465,33.40220105349391,248.73261811109046,2.8287731737103026,22.614985665560432,3
7.132881131352927,90.27108589297399,66.8415806661606,158.5522034462075,3.947833148087979,11.039561845855982,3
8.920566903587972,54.88196887004773,40.193519433524585,123.64915063083465,2.0104767060374464,30.066479886912482,2
7.18030145227097,55.47822173694358,35.39065241987923,111.36305985249882,3.976511476418293,27.52818904941981,3
6.133765047064027,19.536550716523045,40.25359293385169,215.23013516736626,4.285478021750983,27.790088871604645,3
7.946130752432536,39.371771977231504,45.32159302942013,213.83470996698244,4.048704891850469,11.182563586912075,3
8.284205733386962,46.13835851986775,49.88230367034197,222.46545614343376,4.126543247541147,18.59783533765741,3
4.658588277294511,71.0063910455271,36.566797552630874,148.35808246720265,3.6972984603452175,15.616317490587505,3
7.396100104774787,37.77997751820742,46.373794035905256,201.89034707635525,4.760164373013922,28.993666430901953,3
7.551759113466348,65.92680039497665,65.14976204142039,147.55803044369648,0.5,29.33794074220146,2
6.053654744960012,49.9675656607324,55.09376199149073,105.84724391958204,4.280618936347743,24.565121087677962,3
8.563560219967428,46.456637697704764,75.10450323785469,206.20883925561765,5.963186290736814,34.67584718647162,3
6.27491661945121,54.97787938266513,30.148444624724256,231.69351391391024,2.0671567875617125,39.90711656569946,3
6.688364680207314,42.176872554943145,65.14284261253023,98.96990136093402,1.8994052124562444,28.530563726781374,3
6.240392263574195,41.41925503814669,28.13989540116108,98.0284518549665,4.929478519460705,31.710710299242912,3
6.523368571372202,15.904281884197708,45.30349220110695,151.99909671150624,1.6098909907810768,19.584499601753798,2
4.855587369657197,45.04091585344221,50.98714793857149,197.80643028705,1.9999135311368212,17.745715183803256,2
4.339923676108558,40.40063707702547,32.338342121432916,93.30904031230233,3.254922779546695,35.097438857396305,2
8.891757594837458,39.68038021301841,41.31946416211414,161.3507868477953,1.8015731847704088,16.25257742998363,2
5.229557977522508,58.3374612518008,53.656916536777615,120.47865229701242,4.312536752990338,31.970633539981947,3
5.012911475815539,63.172639055810194,29.34593652532138,185.0414549912501,1.8137968166142306,42.19471166538944,2
3.5,54.643890092846554,65.0407518932147,110.10565892520549,3.540950021560021,31.534818781035305,2
5.541557378465747,69.90830380898949,19.231050629089765,188.59015001370898,3.426723694494759,24.190675415213423,3
4.515365309888752,61.51123851660731,69.09537164092576,142.0892594591146,5.495832108612705,11.596757376108195,3
8.963022740204554,44.09887620388716,55.01989202199388,103.14297381594787,4.747952799443593,26.633027911462815,2
8.014725634013951,40.7428742857124,38.65411635508332,153.1844977713444,2.205708687819519,35.090961343923965,2
5.4677744822334144,56.25644473533693,33.959976831449026,53.101334275582374,1.1032613902916317,23.210400571242502,2
9.0,61.47534219803802,32.394576058134646,122.045271394753,4.256953262966154,35.214939278517775,3
7.972648230487391,77.95688614062996,37.96306539614478,166.87005351623307,2.01991374787001,28.650240292301433,3
6.012752924737066,73.82346089880191,39.272562076767606,61.41226104840524,2.4964848931443733,27.913405485865777,3
3.5,39.17053986985662,58.82839369951873,21.44315734472943,1.4102584649045458,21.832117382159815,1
9.0,47.95987439745477,69.52981150576876,33.031634009341644,4.018517896180249,10.439561693834934,2
4.415641299854606,63.4203560983554,42.99069880981011,216.35642777501852,2.030260325343738,20.74889162339056,3
4.031901879564662,71.35995556117945,27.315572680158937,146.16204936186352,2.947437467545817,20.669456758611666,2
8.03385564801446,68.77938937409584,31.81410939045709,123.37673029964064,2.9707454011613015,30.754408260860394,2
9.0,48.722443343373065,37.25363823083073,197.2577367833415,3.2753409298708664,24.847753739279256,2
8.576409227765778,24.91954695142967,24.548168420548368,129.77751587654444,3.9924577525794716,35.831680212249,2
7.34586368007854,30.021272475088175,22.31587896838932,163.4230949933366,2.6357694421586686,27.813530234994985,2
7.392131512497929,55.45267028638828,71.45690818559541,151.28776754616314,1.8878586271701863,19.95650176860865,3
7.780123338170462,56.84451158848691,44.53920288919381,126.4500289623511,0.5,16.8512422351661,2
7.638392884680147,28.026412531312303,27.503002994794798,164.7072941944553,3.153944444051505,18.96625309830636,2
6.921787135954064,50.89139221778543,52.24905355536569,188.66306107100723,2.764501439072957,26.60768935992868,3
6.656301655927814,62.624487139435665,22.324808127897317,140.7546691491506,1.9342907548185115,21.27206791679559,3
6.4061103081507165,26.975466849857117,23.559819281934196,126.97222134226925,3.093828693228804,14.235607132723121,2
5.369053116699986,72.09994403608829,27.954363984036323,132.87437960002734,4.283974008922328,35.0671585602219,3
6.078987384699839,42.4493770288035,64.8176992129755,35.10437336071341,4.667832127420769,26.523113577999965,3
3.960564778706922,75.15226225153302,36.20679901332439,164.1529773254456,0.6972938723634128,27.74719494960107,2
6.352490559807875,39.330951084481995,5.0,89.54443555057243,2.4587080484769976,16.77376235430613,2
5.017113339273624,29.46749034231642,58.1509889976339,181.4859362059462,4.441537818597641,14.58402261044213,3
4.844616024176344,40.83726020316561,35.40427953756464,145.4787949662353,5.394061551784535,23.377640101780397,2
6.769841226730218,48.0970375384536,12.258879911823914,155.25605482652202,1.774104520262374,5.0,2
8.588003429516899,42.23040186457038,35.24974768054885,185.0164585303101,5.067484393848866,32.79813309964342,3
7.877474909003469,45.67997156853773,47.81505844907355,103.67381168295326,0.9748555766480718,17.95976626121818,2
4.144249094565234,56.679302993523805,46.06073749799454,168.46242216754786,4.722426844679918,22.322952560042893,2
5.015557795144494,46.57641260407201,66.9762246874723,163.38105262813323,2.5773655016919874,29.269192982526018,3
7.911156781982324,48.67775212095986,27.208482061451043,140.76095836786033,5.344234898465626,22.753649223939295,2
5.0262689096925355,15.815472015948082,40.700801803974585,103.5906899618231,2.303953175617059,13.316255442281648,2
6.163050275004463,57.83396032020946,29.50646082132367,179.7619182027582,2.5351639098594916,40.05700359810788,3
7.325078148536828,48.21593404616664,16.867106587191657,185.1727272209658,2.7999110561942278,9.674179914639714,3
5.047483317704547,82.20585960965741,53.282910584589324,155.68010129889421,0.6944247679156597,5.0,2
6.65806325921894,31.208696654920836,46.9490435372128,96.48487921426776,0.5,33.74600336121388,2
4.498961757622693,13.834093430009709,44.25517674548279,123.62754835372729,3.7652312895610676,10.40568809452485,2
5.597948534073179,62.36136987860084,46.40185289887967,146.98336387899667,4.482693521030036,37.527828745341566,3
6.979672901213806,56.93054036626001,29.717907209673697,184.42472749910468,3.911366254261655,28.76888204378321,3
4.1105093997024955,29.831339589377084,24.9145736902271,70.82552994434417,1.1190365787322154,27.830037258416617,1
7.160712106940599,19.40502089991817,40.56471058254041,121.80982678478117,3.720283117608063,19.30971699035687,2
6.470543301609978,80.7479346136858,57.418171036174215,129.86637200288988,1.5146940394444437,16.74599548538531,3
7.328734931625721,78.28220781213564,64.12115703180321,145.83892102984854,3.6114790623354973,21.237458275713102,3
6.835871201096992,5.0,51.931490602111495,84.93373579875765,4.696948717803656,16.227821184951257,3
8.546210644960766,40.835539414869984,40.43761640152144,139.12336108133334,3.551200280002528,37.07668004926862,2
6.687836753971861,83.28384109567799,44.04675894099904,134.4758217843705,5.202800853362898,17.57251238484679,3
5.855891688312121,40.47874884444266,40.173907889880574,98.12040642551716,2.7750187929708825,30.06347260571182,2
6.683446254548426,40.187755319466945,24.610849904508576,144.10162079156578,2.6750260180434524,35.052077281313814,3
7.314947043554582,44.34481344741263,40.369710673158146,122.9415451607249,3.101026946671171,16.188154599799024,3
6.573290105488557,27.582060524636812,19.9775977361726,174.77930712548536,0.9860383743018875,28.765914184165005,2
6.560887536805824,15.904485115439115,38.138841608454406,105.73362194978307,2.3955733865743234,16.06120184892818,2
5.447012468289866,71.05094621469497,64.54157665894479,154.49170610642275,2.5273002453899025,23.264742761668813,3
5.5056486236735775,13.141261875046489,52.342888341750275,109.58055813853659,2.5740000850696787,20.41365063549368,2
4.39609209230046,54.94542904217512,26.153212236452056,120.01228809205938,3.4024367507451188,18.045594955265507,2
9.0,67.73158985515299,38.91356395536575,164.8645813852703,0.7795063202650638,26.577863719157467,2
4.6342051469130725,20.975474021976833,27.484355323678933,161.73588664210777,1.281579024209249,12.858831647095105,1
5.460642203306139,31.514631948098568,39.062293477341846,129.148890871082,4.698104394957706,34.292259122758274,2
5.422389101646203,74.26358376783179,55.61661724786845,136.52946908336662,0.5,14.184622982716332,2
7.842386565416662,60.6578344045408,49.795119074648554,77.3196777445238,3.9245566033092656,12.329114444178567,2
6.057575482561958,37.654285862422256,77.26216121118003,220.138215529035,2.439660478803475,22.477034643850732,3
8.371613109010601,74.04498006722342,57.88716103761357,184.3728198939014,3.2401837224951775,21.274976459830135,3
5.4897640636341976,74.13071446908604,43.06000571616537,182.57240254355534,5.337148178000909,28.555572062560536,3
6.918491243335703,55.38105386031414,50.1572496119994,70.24838915218923,2.8032258212020156,25.84832425656921,3
5.246979420110364,31.996795442526743,36.96335238724996,120.22550037553566,3.938082008258654,8.726395163713352,2
9.0,41.731025930564094,23.087436293702556,133.27269855381886,3.0878504515228733,34.86566824580625,2
4.718602371455731,55.7277348791078,59.58664867431281,53.446925398299385,2.835935745370043,22.22660543459529,2
6.964731065340541,46.228103417050235,55.13487215397472,194.49750480380433,2.650237053239456,27.414592986001022,3
7.450665321398148,68.77914356469702,36.384186781090534,222.69422442740682,4.05158752275934,47.0215521966883,3
7.120698646177248,19.404518397813277,44.10903605397007,253.0967478001807,1.9025972008179886,37.86442279857049,2
6.222068511683437,20.114729418675225,58.61408781077209,97.70580862411317,1.301965217173105,27.10529263211001,2
6.305268950399861,53.617422229648646,52.6952713930903,155.8661748417137,3.1117124601466313,11.269301662902054,3
6.565717207968665,40.16911172386191,18.05348123125452,216.14091345752107,3.289176005382743,11.436650298958961,3
6.279496997557267,37.459027706045184,43.65430032234737,137.31907605265232,0.5,36.620443375078196,2
7.945818675192364,14.638865616512057,37.485527117674536,121.6506043078661,2.9842688570840044,20.98184252679808,2
9.0,50.390916895963635,56.69501048708021,56.69911632277545,1.1596846181782334,23.3158514213793,2
5.66376232248825,48.944897839984684,55.46564108173992,206.63112288858747,3.9402646611717307,13.545315318646935,3
4.445295530631383,63.069579639034814,59.77911742267067,149.03696219633176,0.5,29.45851227868907,2
6.3675769274731175,51.37812266241944,23.231584919196887,113.53290705184688,5.887613744794633,36.4141282042628,3
9.0,47.34791843519007,28.23832698915642,164.192864491443,2.492702375046259,40.23550125821329,2
5.294488148045404,73.54001273580674,56.71123654203158,157.65026865893324,1.7025570772690313,20.518501807694342,3
8.9586752081661,23.750653931029003,31.125312769863314,158.41295511772958,2.57554130944771,31.448784658791357,2
9.0,60.727784376951526,17.17850528628539,139.14509688366624,3.834406287950837,24.049131812135702,2
5.669617637438008,16.577056704093025,47.98894731421098,231.1179079381683,4.3357051338524055,33.80278567846083,3
7.353474618777913,33.23276239998385,31.791723396010408,143.3170133368789,2.5885330349627447,24.96032799406237,2
8.942594934692806,25.746857347533727,66.846861554626,230.96610381616523,0.8419643777817143,16.75873903817141,2
5.93130838851877,65.63885070903837,44.44276830982695,178.2058463200099,1.1815542995667287,38.201575929942564,3
6.194629459846458,48.69179532809212,42.403889299624986,167.55850713808655,3.429581548111118,25.98539154278229,3
5.627478629077034,49.72993510814047,34.461341625763644,144.33626233609223,4.480990694265678,21.485402472564203,3
4.9778649039606995,27.86534024541098,63.86253000890457,198.69783467729604,4.6762128773761775,26.777801338919257,3
5.526083682400989,44.006130081342214,45.378316898347315,155.64958837889975,3.2521388631161727,17.63359695119057,3
4.664089599856615,34.73069393381777,33.872507227656904,103.39343924432342,4.450949349272134,29.152521265530698,2
6.551125202388839,57.66910029708432,28.088744400918294,101.72539045009822,5.868523826388001,23.03700257203429,3
5.345040153412038,30.178177293367728,38.89790418153673,171.1242310967136,4.7855215691044375,17.05205093401289,2
6.850678867686121,76.59588730410152,25.335297442677916,104.63105574167521,4.383056852106558,48.768993329564594,3
4.166156530694559,16.48839100751811,55.43316162518416,146.88844715137503,1.790164225361574,14.927076722581498,2
6.996320348321685,33.86960335086877,12.874869189636488,202.85922692755457,4.4439294306420045,28.53283671415523,3
7.750293442413387,83.54401019932192,37.90728957500394,165.1985088947167,3.6918487168331207,25.567965388712977,3
3.509396536142817,41.297225040759315,49.15200317631901,113.89325648356262,3.975968442550708,14.744027236546604,2
7.061084854771358,23.702426711911762,45.13179130164485,220.499375580807,4.891659418416768,21.62669309905003,3
8.341503488709938,54.38143125075337,29.24075540476497,177.39376184973509,3.537836772552286,11.574484415202477,2
4.685538471963191,40.492155155709156,49.903880600598235,200.8896493602045,2.846180504007805,45.66489219939673,2
9.0,33.282594887633884,26.709409174211387,36.62208283953487,1.39520128850862,22.320423751632156,1
7.1285285140490675,28.08258378402565,39.66423015254785,166.5426439131373,2.5552255235320125,23.171867142294523,2
5.442482216362387,105.36747211251887,49.777623579705335,192.10789181899466,3.319278400744026,44.4520299786176,3
6.416346383513441,44.968961996317276,46.9436916923967,235.0144321148996,3.416429010273793,16.760231455917015,3
7.337490368782584,11.48865279334246,29.87441482870798,76.80907079244793,3.365814448005486,37.94409022560713,1
6.614008087118617,79.87419518011069,57.962417748465455,210.30572945972665,4.439264789641566,30.92526478922906,4
7.308133988669554,62.221418102211416,41.30041857228301,232.21901428506223,4.298047050325682,5.210147769217805,3
5.11898961038095,34.670671379604244,51.14493116408727,49.135551136051035,2.9068676378151044,21.2890927629423,2
6.754041236054117,31.337618226277165,62.93651510009871,173.92955549348713,1.729106838816078,29.36605991264018,3
4.37942825464253,63.46945592316462,56.762808231619104,180.8810407170351,3.5750369051663577,25.35571828175812,3
6.33316090797695,45.061633450210905,56.801941094965656,133.6496168674047,6.369506321423183,25.38260063775848,3
5.1441385378028155,11.480443631097977,42.890198947742086,125.4952769966855,3.4818641629185656,18.928352578939887,2
5.39670508611535,85.74479929209338,51.90902681365765,183.3926956643911,2.5561140714401707,17.871275067402234,3
8.354139762815656,41.32019075568086,43.20394861846474,119.2509123294684,3.803754228700741,21.915932761569884,2
8.136965180891403,79.91143472964853,21.860132983323798,139.1375335790951,3.8936043881419096,44.61309387544953,2
7.413707181360765,75.56869915931429,44.54115688757564,190.62174504119608,3.876975900608664,15.923244292077653,3
4.861530852991132,29.979809110343716,43.845414756076984,237.70215251634323,5.059320292568551,20.177943199985563,2
6.025387325457797,70.66379728726295,48.75594042282729,176.8992136271009,3.5791394354302057,25.288464693195294,3
8.319646549968775,36.97114900272638,38.08004537179907,156.67422477072557,4.988118353115523,10.368463400377,2
6.712575370459857,12.665988263921165,28.57816664854224,124.18012576696148,3.3453511706062655,29.319482231390587,2
9.0,41.50803667955715,49.84759124762841,99.46999796744718,5.26874740126331,12.119953750068666,2
7.089976759091558,57.95275003552558,20.30091569121628,205.47891207504748,4.810102793609406,14.127577883460805,3
6.788073674735047,40.745267040073244,61.882287037847036,142.32750744365578,4.38269911732935,13.64745815043009,3
6.036325303696248,43.85903318149797,36.528729081925114,207.53516373333642,4.183778603644351,8.594189606666134,3
6.700311357173423,72.87132089857226,43.68292258084252,133.5224061002269,6.452276515605627,37.68327952580539,3
6.271295245429184,52.12987960580184,48.37837229922358,117.53556693194943,4.6149263829996485,30.215887638018593,3
7.562163015032885,33.134033774300946,48.860320672662866,171.0399444413758,1.7260244930632318,34.223872319110654,2
7.935053475191876,64.04060647334653,18.865235500723976,146.17320303658,3.3688508272024813,33.31263034379197,2
5.321015809238076,53.953511339084905,52.36129870816396,89.72356976946313,2.602924847659107,23.31889805828336,2
4.503150569663333,5.0,44.5473074256441,240.8684164890924,6.096714475196925,24.704791393595006,2
3.745691940345055,58.56705827542898,30.471079231620866,118.65081131141812,4.877156339393187,35.13712573983531,2
7.261986990368816,57.83657415432203,28.754995735811292,196.37957605871068,6.047926536931628,41.384291094426764,3
4.844950090739189,50.4024225916172,34.989203769147316,192.0928314698241,1.8600082076478264,12.419093591782174,2
3.5,67.83401162139151,20.51887470084262,87.02686175428215,4.652512017824944,50.199635512799745,2
7.082867906796446,36.55212831346996,65.83401086480538,99.88061776917577,0.9532065254459514,11.843488015145303,2
9.0,56.729995776418015,62.29226987715016,134.9245330149936,0.6118014987930263,20.380449511238623,2
6.49089363269016,18.660812576652944,46.775503014639085,106.71767277108417,2.404565801288859,25.74068291774699,2
7.757736161677463,58.141807667976636,36.64902375486864,236.32281859393441,5.268562706243557,26.659047143638425,3
6.622744037821348,89.06119391079793,37.04338018093907,139.99121816007442,1.5110774385691321,44.638320867398775,3
6.351665520213286,30.10287295064918,51.37098559260952,194.4874521407034,2.974782229765135,35.11907066492378,3
7.878614724481653,34.803957360244496,66.36740349252926,175.6818694500102,4.7832643023088295,29.12834890857594,3
6.064588183717023,35.79969114216895,31.444048906048852,163.20112244981766,4.269619741738955,35.35493308697269,3
6.901088471107855,52.5999645160319,23.236209360650136,152.01606053697938,6.324279868069289,28.45752269945576,3
6.98254670929402,28.739274542925635,63.214611603929065,211.85653538943484,3.005057988314791,18.245848954942176,3
5.497864319535427,58.4249475738196,13.192921186233228,108.74535133324918,2.3375556830539987,29.856384675098283,2
7.988063524304784,66.9367989093833,24.872037876210307,236.31676552282931,1.3582783783815344,25.675532590189633,2
6.237560364956887,60.68694426907569,36.29713161233721,85.63884097479524,2.4480000898239,16.571442021949203,3
5.366382260760733,14.631691487238555,16.593497982924532,189.0755862811212,1.3446015612211435,37.627902398516255,2
7.304764765355605,69.90335330317212,56.68223594209897,79.74180700301086,0.5,24.45544456879762,2
5.152298027313444,68.7473482850736,52.853579057576496,134.214722388652,5.945088872013132,13.794993291893107,3
6.542271736053692,66.60322744692608,31.378101591770243,154.66549690304834,3.0733601989130888,15.373448704112198,3
6.486321505033695,57.4568449731165,59.19421178766622,125.66523255852431,6.887200306843692,30.34996035371664,3
8.128843348747367,54.40378628410266,61.73938642605739,140.91652151915545,1.7410673449912744,35.49432290007683,2
7.2120473493199295,70.64778796252793,38.30244027564905,80.65147760346034,2.356787086943985,29.81652284156514,3
6.462459561882284,88.4702697520691,33.23997733647989,100.62747656382243,1.8369464823643424,29.86231418351737,3
7.726649448800431,30.939190732703004,73.89403041613717,174.91323535979413,2.0388659025108535,16.89676565163918,2
8.58531132352597,71.56250791589544,50.81742733126232,151.48359124887224,4.310405616314165,25.928845499949794,3
7.3367154595277935,48.275658039850946,43.8448697945328,115.47359870892464,3.849485949396562,21.698896903690585,3
6.515528929765071,47.406538959427984,60.45318919959419,216.21388815648356,4.313114138126643,23.050338203972515,4
4.532245651474761,19.26938619235923,44.52895952504532,89.0034550004892,5.013407388227911,23.882077432778082,2
4.902329505386941,44.3042118096921,32.41569121121217,131.92047670679688,4.661032566251225,18.40064256778538,2
6.042162943467998,30.054700840631693,41.2023964073133,124.71718609107641,1.4872653833370197,32.5166656261792,2
5.5857316967610755,40.722911409881085,55.57981430979603,180.75188138805223,2.21427215449646,14.908840632469989,3
6.2195430455218315,28.036272324437004,10.117216504761796,152.4081845568597,3.1822242151074565,12.013720481547603,2
6.584974887345661,41.02183225373987,35.679538908411686,144.59173767327016,8.0,17.147972894201708,3
7.294539131535096,41.87779285953194,60.745860978724075,57.789164806638055,4.1586002131970625,33.833951060241766,3
6.394251832911364,51.935098368776,32.32197398359723,193.25172403160465,3.1600332126101844,28.391585626647323,3
7.229752465739303,17.70500275417338,63.191628406471146,139.10870925841314,4.0099120826186265,7.1675809600333515,3
6.596711622215181,21.089637045093532,61.22115729039719,155.783050880521,2.095328918383718,30.972736873011975,3
3.536800150469193,57.23828541461053,39.01706326766573,112.57183899530614,3.3936382665034572,24.51491920477862,2
5.090996909271869,34.05123765859802,31.47191042666499,104.70856185914636,4.431993277215109,20.82617329872003,2
6.283868666417577,71.49059580459863,35.689616887755484,224.96438792378433,2.9565064731879884,22.580199770179476,3
4.685457885738339,54.50539444030093,79.96921738002152,61.33807108687937,1.8651701189292185,11.663710590412597,2
7.399893094994306,62.13524300412814,68.11636670399866,97.29004861086142,2.8831889209804618,26.732407999372935,3
8.796126248515545,78.2138464084179,41.88086457710107,224.02460763345402,2.520635087105725,12.324484940690754,3
8.328142777545974,43.80578376386855,30.87769672569386,182.0373190499327,0.9643088704936544,21.499939693958453,2
6.179835693604688,38.510265891674486,41.755615533718945,133.72687341287903,2.142671759711088,21.512896208110607,3
8.736089205274927,67.43405171197627,43.65740389925147,212.32981571443264,0.9107808205043333,32.699094249540664,2
6.7230011858031675,60.19027127859372,21.34961893585969,172.34300581980045,1.144807664255963,25.3974424918683,3
5.994371043322941,46.253393803573985,41.2006190382289,161.63300459872096,1.2885832682002953,32.05991040842705,2
5.579896004688591,77.82915933911885,59.83606487217595,161.2781008551209,4.430176947338793,13.042574029202802,3
6.046295470267808,45.75511380320139,13.009649781752898,173.2619108607247,5.233747595039251,23.921998514095883,3
5.917734772188156,50.65547275111563,52.398759477058725,175.28462506487264,0.69588048444266,30.303164449240874,2
6.755624333563231,50.42445301668517,60.621969550821696,259.7986526447978,5.3702754994117345,37.42299139799932,4
6.740860971574797,31.308122102030577,31.59163982358448,140.2553594163664,1.3101087405591807,13.608145115547686,2
6.504569030230122,51.55170778972782,65.41263637286585,141.7976405925898,4.120320140958537,16.590486643362965,3
7.155407254619525,77.93520354796982,29.64494406327482,88.1553406214643,3.387837856149458,30.05286979703201,2
8.285969412179512,58.899366307523515,46.61623992790606,147.4051306589491,3.9537773170692803,41.11593296688629,2
7.9243312031619855,50.62126852797863,35.39840973004554,243.14434497724096,1.2513854207835566,27.858798162263767,2
4.272653047325145,46.76465437668662,35.39505464256095,199.22425012173284,0.5,13.900392821937844,2
3.5,56.61734056812703,30.740513953629318,122.8166128062336,1.795637384801143,14.095558295300737,2
7.90147986685891,64.9953325697837,50.47863221293029,151.50206822606424,3.640302974940986,26.348452203842662,3
4.449681952376869,62.18477661779506,52.732081865971736,85.17808122075027,5.93535626322879,28.575766284824105,3
6.162851897160975,43.36270276356042,39.03366700634217,101.54403278508468,1.4554146034708808,22.787264027097493,2
4.744830460910961,56.49563188220229,19.60047679491589,157.47205763068587,2.8517437700275345,14.209293071515983,2
3.7970293436299705,59.59879482296557,46.047552499515845,125.27726985897736,1.8763812022355717,36.01415234165472,2
7.312194092307182,29.856100249460432,46.33021539116041,97.7700105310791,2.974160725835484,21.51280186463911,2
7.63873274045397,53.364610823673885,36.749274829203586,174.49203823689462,0.5,30.269651677681463,2
5.635234398909921,6.773922273952763,68.00846930771213,145.8874956673338,5.2470650030848525,7.268320621892023,3
3.5,59.6506741964237,16.54106102649019,71.62248141544804,3.0360541174294586,37.011544059282954,1
5.680633327621276,63.20686109125363,6.740744346196479,46.24265169161059,4.375748495979128,18.151898451035997,2
7.08770600810382,64.95092251572919,29.037476504534936,121.49942507128729,2.651696964946338,38.446843754471786,3
4.281632646838807,42.09906295660865,50.65636801137174,70.58674282792362,3.285942114190415,31.12737523877673,2
6.775039879668734,56.18093670048069,24.16233043849239,56.55442967646731,4.69330873897012,10.712600374732109,2
6.477035226240507,78.47907691082334,25.28543622210887,206.44846007010426,3.1975752346413366,27.455267456396644,3
7.3689372494016325,78.27539296582518,54.26532004267232,145.11445550673537,3.251559486173183,41.565327455597,3
6.67937055262123,49.41654601546879,46.93821884196625,136.72768108872484,1.8090884360617518,19.02082650291092,3
5.040396588677667,52.78639261459119,45.655913644426,140.57970919246256,2.1983646574813505,41.58325542600289,2
8.294857252496737,72.21822289468867,51.721433791982925,93.10839246035151,1.4807765432385969,28.85733543693469,2
6.262205640459545,19.983959694756503,33.62210570090674,170.54880825070842,1.8929736172805023,38.40357753948666,2
6.459043190735102,43.53848514645951,34.31523888912713,143.46498366337298,4.876843665696251,26.59485764198089,3
5.100098061390206,76.71140911073513,52.146689088421375,112.1295672010294,5.712913965010707,23.760240763702043,3
5.835076623212735,69.50401083369532,19.826698288282007,119.61856577375002,1.1290876730559134,43.37162833292089,2
5.172795928959649,57.385275552998095,7.859202304021807,88.62706433938523,3.592757677555163,32.21401909225129,2
6.240580910114866,19.88335189338759,33.500737395582185,129.68785635490826,2.523462914699334,22.646779670707502,2
9.0,49.00179533917676,53.963099335985376,138.0186059608743,5.095452850073644,29.23886918296612,3
4.442148285602966,38.20169207500134,43.83339548480205,128.3858335435018,3.202290327266879,19.351545495861394,2
4.079657903184888,56.62077805634427,52.859372561845234,152.75772786707932,2.9887864428886974,26.078839071566755,2
8.706755491240413,33.81306630410239,9.755585343652523,146.0744147619122,1.8828460317603966,36.9562181921029,1
6.186014484272201,29.485532100507854,44.73245212485237,161.53842693323037,0.7023299413613779,23.38146360099271,2
5.496390892010125,8.702694446327172,49.807967569635665,197.15485184607974,4.141407724124232,16.254788864683718,2
8.059857031094115,74.43609369953403,19.73803866083973,179.65117386065404,3.5294678621271656,15.331173316673137,2
5.591576690394704,42.00458977113885,52.93086385819817,197.72949202551678,3.5661662107806444,25.736180902345776,3
9.0,53.14291567405069,38.327216552413105,107.61328850868856,2.101009346012103,16.9244688844716,2
7.516888807008904,49.955237670516375,86.07005052409002,124.56925529556713,2.7813473317349433,10.67258945741479,3
5.768132887781446,28.651321340790012,7.341458966548963,182.6798341972984,4.186606479170376,13.01411772316718,2
9.0,24.81870177103613,60.53671551512126,183.5738835716043,4.473168944596669,36.75099703890044,3
5.591427615494992,29.89369748005529,34.087628552108896,116.06896912315591,1.2322925761222048,23.57627597432576,2
7.613143058013961,35.536631223412144,15.742724283399347,180.57919628908712,2.049977894247904,25.577638266530627,2
6.948938870609738,57.3321249402761,32.09567284652512,102.82339416770292,0.9151748668917858,15.333907963249587,2
8.452611934098197,34.08564672958777,44.16218862006199,174.0527862070897,3.301896618890048,19.18505953313593,2
8.842266795090278,84.92981263189243,55.56200004347565,148.68518995671795,4.326507468154842,18.862453565007385,3
6.54800622359865,70.54302071786302,65.82946432198264,80.77821980468318,2.5819267244258715,22.232308629356442,3
5.369873194480725,66.16719099331416,61.32839633056514,128.29630891202964,2.0057150535004284,8.416011660415538,3
7.189958214408675,47.606821950537,25.519269689432583,259.11339048477464,2.497047219292063,35.896749664445615,3
5.483426945371841,80.28561471440968,56.95247038399175,160.13901814024973,6.45946997246473,24.835748556956503,3
9.0,45.63988737757752,45.86927435681311,265.022498835913,4.787892149885322,27.02086084962041,3
6.704802996624106,49.37477171691508,30.18095468606518,77.80367350624819,4.096495759094491,34.143383840645924,3
5.952017673031837,53.39949079498539,36.82134109783779,187.53708963319212,3.4801018433740083,33.37742547228285,3
6.777020458797363,64.03646081086688,29.352360108329144,23.28319040964422,2.980887803071427,19.249190744675367,2
4.479310565705456,62.73816158005971,40.55638512904684,149.98822575426084,1.640051753856931,31.04467424761067,2
5.042578942234023,40.49749443110794,29.055131765588197,181.56086888256604,1.4074643635379522,30.941788379063773,2
8.300620861916638,39.34012561148093,24.580088901738414,191.89450474981382,2.148133985230183,28.15980931617266,2
5.514658581542906,62.79805914304169,47.18678691674158,110.03651377097935,1.5693301802969495,35.611206775426055,2
4.92963352597709,64.30473167782465,49.43095822389456,201.9545210988368,2.088280556970232,32.99532161067395,3
7.304979128790929,42.13297750354254,37.18604499862582,123.31426199776527,2.8471565608206335,32.27369613253087,3
8.278556231994495,18.25623860643092,60.514769559039586,141.79513744438017,2.9620476171555628,38.65281122986243,2
7.5784299659976,45.853678079835106,36.093541202573306,128.33388903216832,2.0694280869232884,25.28659457384663,2
7.994071528708725,62.47051597651718,35.45838182311692,93.18053246338343,3.7428143319603073,25.577688993577475,3
5.364807367145809,86.10833692839562,49.90733473518546,228.48597937104293,2.7164904417774247,33.19203518220634,3
4.367283999887235,26.04084075318676,38.01361622584995,152.40089085790385,3.3220479467672703,23.215461749399697,2
8.75200047793323,41.46857494338853,41.27196593539215,204.3659189329314,1.8831144225996386,29.81607672147168,2
6.015980241736797,42.21192876949247,5.0,202.23556208823004,4.039308831765011,19.398926929857588,3
6.123750475317429,77.11610678863002,40.250610771069624,101.60298928635085,2.1977308496226238,5.0,3
8.492291212773587,49.30116999082735,12.592060937931098,210.80636238358008,5.4128313551079845,30.97873980215495,2
7.33434501410099,31.853468812554688,21.68574143501694,175.17071217746613,2.662512968863249,9.513196627435399,2
7.183831658122411,61.17390565843638,19.970161918667426,97.95490677635554,2.8579739077582142,18.00883872597541,2
9.0,41.90722959918107,24.361252696992608,172.44254156707524,3.8903827295133406,33.20011738008773,2
5.534722654429785,25.512254532840913,31.767192105516205,98.85160575659663,4.217775290182479,33.317625979147564,2
7.891760192121856,32.14453385447699,32.70261076681772,230.32291839893202,4.3793905202869965,36.75271887688007,3
6.585519687345627,84.68083908845239,49.96412806385688,190.68933724610483,5.663382049520955,5.0,4
6.902888418294886,57.68418443298924,43.33581721202046,146.44257189044825,3.992828285106051,27.960134184756356,3
8.792702639618797,52.15520110905086,11.483883567730214,213.24018091085918,2.899520266732927,22.423147660532564,2
7.261753634434435,45.00212528375908,41.24941956320212,70.90061776482311,2.205531126897274,34.88215965494644,2
7.307444118574449,55.842976842375975,44.77382869875141,112.53293499399793,2.7992575752004827,39.76359921560609,2
8.108761005964704,55.60471892004988,35.071502256205626,137.37901391298143,5.226024735643326,11.910850370977366,2
5.952570905685672,55.843376564146524,39.086710346399464,261.7842340712759,0.9195505454664472,25.15882641187132,2
5.2411854989914906,52.29690180555506,42.85465188095585,96.47585495632973,1.7714878253113588,33.32632149486551,2
4.93278620896845,67.37596676611099,51.4689939645337,64.63470291296632,2.671519884699657,21.620016548365424,2
3.5504651159359972,50.46208692001462,16.37680018805898,77.78072427508647,1.7515267956798903,42.45694719613615,1
9.0,30.441223288947224,36.33524442040527,195.31079346028005,2.3868420227367775,20.985304538788633,2
4.845187451417475,37.751542181982636,62.62504147086594,120.29038647305715,5.7093518075197665,21.997982633430997,2
6.1681195646213425,10.419626130205756,61.24991962446934,142.04566678156934,2.552860440555061,14.266925443470928,3
6.084780050166619,90.53634232084785,52.7640539166367,188.1416320837242,3.617472847744417,26.539206526669396,4
6.961110046713651,67.25509183905373,48.05237025933514,142.0957686021044,0.512704725006397,5.0,3
7.723605818808945,33.398590097415266,64.81952122603133,160.20733022540279,1.346344096022305,22.52235652481436,2
7.7907102325396185,44.363103012058005,68.76772002409999,176.76075738048476,4.399025414433002,37.68969485925403,3
5.625383842146592,37.262470515871335,38.06380017929721,128.46618040198922,5.502042657817334,11.032336507264464,3
6.249317429320382,80.85094422748234,25.458513350675197,141.6841470035158,3.332115895932786,8.816973130512565,3
6.92386992573245,21.60245671458142,35.94561523563257,162.09777011605058,2.5409756109155017,36.16223347587762,3
6.12696331072468,52.28952117637559,86.4504327065808,193.40896365266101,3.744242446333214,37.51702855879183,4
8.911018364029989,47.82944314870304,16.459654859122086,110.38153679096754,0.5,11.443124783215977,1
7.2364624274573774,66.53677261418228,32.94191290705874,20.0,3.3436820152770643,42.32746025064756,2
7.602316679074726,47.9198154455061,18.80963271261053,183.97915746928234,1.4308340998387479,29.324517648460606,2
7.494321903001119,14.835822466891301,41.87145794316078,196.38579593750424,4.191139473336063,35.487438634907626,3
8.260210786227987,44.97764330715118,21.959634566576987,160.0017081065086,0.5,17.081301683685048,1
6.77153233805556,30.5567556411335,38.36873465749573,163.41466094782677,2.0574360361360795,39.8905898124211,3
4.55475207806623,51.591590931131215,10.748572599718614,121.78450529299147,2.9385362428380075,22.319837434202153,2
7.099531927628963,78.68354073040653,49.26430997626976,175.0091710767462,1.8573132255660691,21.87965077447892,3
5.522964659312256,15.211495115354438,58.33517884701962,192.65834098420942,2.4367733997177865,29.823779193062624,3
5.707074977375365,33.99554529200192,34.24084566904811,152.8248170709242,4.356651526014762,21.079748730971843,3
7.37954602813264,38.94614092433006,37.97304989386447,274.56241650036327,2.963255978224113,9.792937583143154,3
8.357424607150453,42.36737809173577,37.548891539030315,71.81294561643102,1.6041287925531376,26.317674922588548,1
6.531907365104092,64.80251328210488,42.71366012837538,158.14808354281735,4.410600099011687,21.8175696521469,3
6.963249518898445,46.52911164877225,39.427456195503574,91.28235188413427,3.3764713036067437,17.32088719476426,3
9.0,58.316054514408904,51.52175428646041,193.9922961978445,3.438731219377495,37.405271549488134,3
6.861129769232853,37.48453912536448,58.495587001764186,70.92622859789093,1.661233462157844,48.92326680825735,2
9.0,54.59848690835875,27.78893166261726,83.30392286411508,0.5,15.808748108235374,1
7.348264468447316,65.5559526175543,35.36007260838555,118.34065297253977,1.6408031499654414,26.974410847669414,2
3.8588558612662736,35.354009005258234,53.52429173387117,163.29160849276997,1.4881971329467751,21.015604049441183,2
7.630012431656799,65.6271623961303,18.674964279114516,120.22643056691913,2.0800545642289174,47.8839937600098,2
7.071737577324167,51.04745537455137,10.439180772316451,120.72793687004534,1.7372165010115423,29.91734785385462,2
8.434629131124119,70.90920480964505,43.39473929347718,140.95547725369573,3.169047763570449,34.269557124399896,2
7.509772026904938,45.97160199846053,47.445196166057386,137.8879920469247,4.321316206568555,36.81832557152932,3
6.292316024024339,57.62489310324197,29.165497180696114,224.37246941592622,4.614242141029319,26.301538548366906,3
4.663552645565952,49.1878753664294,31.320234188193172,184.2955559834484,4.255817787545443,23.13616659300204,3
6.186465114070963,48.07575475918842,28.597115173886518,133.7711630107678,1.653562536282443,40.18932314652006,2
5.22421931868605,55.178608564513794,26.996121409833485,254.8505955606807,3.0883511899797584,32.778883761949054,2
5.629214825292916,60.73614938449808,50.402437309069,174.58305874280046,5.347748772255079,16.54100491730052,3
7.3828676066309145,25.008701761519898,22.29252269503542,101.55189723432257,0.6228985005406353,17.757886361160793,1
9.0,78.67267217635757,36.01715707849977,162.82568699959222,5.022345066637696,21.10346826469563,3
7.092007294734472,12.806739189004034,26.419957487277212,176.77562724326572,1.5058449954154811,36.59218557216441,2
4.7061754069472235,36.30375780522208,18.170665361481767,115.61876404693258,3.4406479313761245,39.73447476566595,1
7.166904002330211,48.11461858470199,53.052672621201566,97.37455445969803,3.6191776754535434,46.51728299090418,3
8.294947229968477,58.24711938171896,32.20262166739692,154.3229545021221,3.2848695548542057,17.91296707337753,2
5.585325643520926,81.52345055482758,42.82660120631135,131.98891143469822,6.342709341303868,26.40206524206207,3
6.298974249990623,12.83417023549785,17.378861802984847,223.95639442277212,2.548752149293061,20.99798216790436,2
6.522032292093796,39.84611743220579,28.870908193652863,187.05779120424575,0.5407681876145376,23.17654323611039,2
5.32265253037664,7.463330244014692,51.34131821042509,117.96123629567097,3.5346706012902676,34.298788543797265,2
7.472420650765788,50.63243947820496,78.80907183767965,171.29690554742945,2.7449400229133105,24.541209894781982,3
6.318577777088327,55.433671690000615,10.356759034145323,213.35640713623698,3.8322018123287585,38.15857671572816,3
7.129298665860541,81.81591484342505,36.983383070658604,80.30977770501751,4.323142862810599,19.83701552755838,3
5.16876173329685,52.412695217869086,46.1842089721525,98.86108795061239,2.9494654924433057,32.4141635074452,2
5.843812549514884,70.88050258884759,30.758497701410747,149.44156913602345,3.6544656459634473,20.572433824776645,3
7.583572036741657,61.67674163078118,52.742829804911864,151.7800983952517,3.2163568983555457,6.62775699576774,3
5.940750271862349,41.29503605989663,26.999009940095306,147.39012472685698,5.687831166112067,14.785315329932253,3
9.0,21.820785064159214,42.30771490324962,134.46114106061611,2.444157370698502,26.241297303465217,2
5.900545721578096,55.500045965836215,32.168921432524606,133.69698387739902,1.9693947029852057,44.21497821301494,2
6.837027088627829,20.157959657092725,58.29146624432158,169.21290684108143,4.321096354666842,20.404124540637397,3
7.898886247809635,75.90414145339288,29.854532454465918,206.69712768195865,1.6062302769859251,23.30811571100519,2
4.372451400600452,46.75875795926352,34.72189305570226,125.95236351557867,3.588236708373819,29.89669758794837,2
3.858786782028836,73.90354823022832,54.185335562457325,271.91996725853267,2.745616269496269,19.005786803265075,3
4.211515528144858,40.39571131735201,24.579420113607046,248.03457178701584,2.8480189731871,20.16240928467811,2
8.393876155140774,55.37701572801984,41.031250851453585,216.4627814790041,6.655956936015254,25.721144778768462,3
5.672212781161329,54.18697714669378,12.661984844700974,181.12416672807808,4.851130117383351,20.63433663755037,3
9.0,49.09911763978152,23.680998120563878,250.39940532350778,4.532369299979147,7.170070978699698,2
5.653628602013917,41.34680973206816,45.731969138362054,135.49423175002957,3.7958559607154596,18.4982996014593,3
6.776826954795555,57.8491203694104,25.139537356956517,108.36977940048828,1.9627288178397369,31.14919686557977,2
8.813164928851814,31.476734730335835,31.831406022643126,123.70139702980079,3.392222530106581,31.460030941292587,2
9.0,25.811293420818828,47.396296030719064,99.85285984549591,3.874986451243005,38.36233700359301,2
9.0,74.85653786653656,31.312207882796045,156.0900661156685,3.298478145209053,37.55536011984254,2
8.312549345889714,64.54335977784201,52.34263109824537,164.99152320638717,3.1421254910159417,15.99812375668898,3
8.036093788717194,51.3178321720448,43.23494181229096,160.04199193405535,2.4038260518158925,17.545835508891052,2
7.388790423801774,83.30284765087563,46.535246678867544,149.37843239091,3.410187974521924,17.987189068377422,3
7.667541614249957,44.644689625503105,58.61448398107798,156.65772640858077,2.21164297281971,23.479383794816794,3
5.6732214255072,76.45406439977958,44.797345939210985,236.81619044249447,4.05513476935089,18.76729884009997,3
5.272701674866539,53.511481698516434,63.08270935704016,181.0025933819542,0.5,23.25472966820452,2
6.494938313883572,29.504984998472196,53.66893424556736,196.12543983024108,5.038115349674913,16.278030087774766,3
6.244723066212607,86.960803835417,32.14821355248315,159.5394968343394,1.0325011471981655,32.84405430785199,3
5.820157926009087,69.8142169324817,59.39722112531907,69.22056507659613,1.3991174638956645,15.519363716406621,2
7.544581171185073,47.57957937980871,43.95799031354418,59.305876476524446,3.613281278432519,15.024280833769815,2
7.932957812855766,64.54342519067899,34.07980437009245,254.14049951042574,3.809912745531994,30.202291191911176,3
6.632610329437771,41.92593132004186,44.17578542981324,123.40888623843892,6.117416964606553,32.2229997062405,3
8.716295121582892,66.58298070119083,56.684902365853944,119.1624327924034,3.444426793963689,22.748776181455064,2
4.787466328799742,5.0,46.825676413633325,162.28316206886245,2.939317851010749,33.6898815525303,2
6.209510811080423,29.603973326108125,67.33589248827096,177.52014891649637,3.2869490678142363,32.96787606398358,3
5.424766519095792,69.58519488573926,56.29795836848233,183.84310686672063,5.385731641931667,43.991387901235186,3
3.70019507439041,45.006889235621614,47.84740050103244,238.7209266440002,6.636599985996569,32.32926134619272,3
6.375978971235951,54.150845897774836,24.608978758882635,225.03681913289705,2.722799551636522,42.07203084781463,3
6.3173787374250745,23.064286757691306,37.30401228984819,109.45333876805893,3.8141586242581687,25.619291714229696,3
8.770174614863198,86.95733991404205,41.07496209626277,198.43672867108947,2.88841622325671,38.996261761086075,3
7.446217526832166,73.81059287435353,50.449472518266205,130.79545408946007,2.8586004881192015,39.20766381505891,3
4.963719763506193,45.9862956324934,49.55999561908289,143.12456277846115,5.818575935797151,23.573862601898636,2
9.0,41.90608286273347,42.543106153274294,95.30053970243188,1.6114024142047656,18.114596187217415,2
8.33155054328803,70.59208722839386,41.80524873065757,65.34635730842953,0.5,19.87324171814655,1
7.373146555202924,89.64940900337855,50.806853426141046,148.42191436838556,3.47616653856983,29.151241640959906,3
6.160273851725252,69.07520511622707,27.121206615550214,102.20090419443771,4.801509793143111,13.502929918715868,3
5.0608411449147805,93.43605334793205,65.43273728874784,196.39068392860182,3.3298449393765464,20.462691343437605,3
5.9416898358934205,31.552973418761642,9.29249672254793,135.94608782399393,3.7533053268120176,36.9723033728129,2
8.13312292955628,33.61226339002418,61.83114223258043,165.42951094749367,4.12859007169034,31.668339654454236,2
9.0,26.221177638933028,39.32221707362257,218.37628769577157,3.1663666101144083,5.0,2
8.814865292408284,58.83521299298959,55.038697214073906,75.7352409108946,3.8344614351724884,11.673529355136319,2
5.766725867320589,53.5120709960874,45.45760651438919,113.76913057251564,3.8094178479804897,46.588863797073685,3
4.820573850066483,46.960977530560285,45.190516163662025,159.0441812282925,0.5,36.79567407931724,2
6.711329370366806,66.18517256246597,48.313817140397816,165.626240791163,3.1708003405946874,19.170727852756066,3
3.8473409516557227,74.64657210429328,52.13581433631668,205.1748750636163,0.6408257505607535,10.115678301715631,2
6.984751571277172,19.486751814263158,35.067537601191404,193.35765645202991,2.942742742338867,12.504929374788247,3
6.278596120551997,38.06055944197769,55.521986957893546,154.84668128653695,2.2570785767408488,30.091610428417077,3
5.800945247197637,66.4028718824612,23.732940646318248,165.17023352986277,4.551016881551742,44.76928356956909,3
4.1079453990998065,40.64522632282836,39.92004140010813,166.5537945495245,3.366619138814996,44.13257510227091,2
7.270400159854574,34.03587847283692,52.53954886408415,76.51438176631223,3.7097892691323433,9.243145065108088,2
5.700948740507133,70.3707485530079,54.92526369423834,142.18122613225194,2.712823923056624,22.042287230788396,3
4.745124746434568,24.2099986055204,46.911832723921016,162.4236608998546,4.578271893909545,16.42952284228759,2
3.5,43.9684038441779,34.09911343066396,172.92754293925532,0.6040119892158993,26.369503069692236,2
6.458727642424045,56.57288051609617,53.450616675530554,103.78182799679203,1.6567463218179908,11.689391877594051,3
9.0,38.523601721797625,29.959506413218698,86.56010437355545,4.929460682413204,19.541816228218366,2
8.991888821821805,65.66311312026349,66.27113610623367,138.27337037409598,2.3465272513017235,16.327388820969695,3
5.814355615120592,38.62246049605262,38.72993653750504,248.3683055545747,0.5,30.236045859201788,2
5.596681909457329,78.17238986891839,16.90561458691059,109.03762436356656,5.178961914920828,19.85141128637056,3
7.203161384112535,47.48507405008455,22.079747979751723,208.69641236774046,4.615404107039696,21.288223052419045,3
5.002421841217563,63.42540273410707,40.654654553193815,229.236982152256,4.0664541099161,30.109184685716397,3
6.952687849729199,64.92047905965633,42.0973790698908,152.27332631165967,3.141609010427554,41.42520838124413,3
7.649120417577036,37.449199945118544,69.54485027426642,116.00760326732745,5.491120527238046,46.15775504711473,2
8.340399835826462,8.930269026882229,24.422509935786604,175.64097818291128,4.887927643593752,29.560126753808582,2
6.349768885280071,57.215115093276694,40.59193298955896,159.7495146049748,5.3217841031880155,24.114260081907226,3
6.194489374734551,51.44576694249739,24.108678893769152,107.04480099048459,4.043250720670846,38.1624730679068,3
5.183026119865159,61.116520551502546,32.61017720179895,117.05985868141121,3.1841937768766226,36.6716454701156,2
5.2596794689402095,45.46945055234324,65.25958045104007,172.67899260726657,2.4012526934778013,33.81810932508877,3
6.16028166214771,41.39144602398568,22.954956652660137,196.6720204084274,1.0966142363011924,9.206595687858783,3
7.051048260224267,90.16946021963399,48.805636361017505,133.86048993423063,3.753068423199517,37.08175403170009,3
7.870376939349875,20.552918769784444,45.89361038521587,146.54332175559733,3.878036002193406,28.582013586110435,2
5.295231573979483,64.67900956728477,39.63742860462687,183.431928525554,2.4753280021390145,16.062976897945852,3
8.739032853439284,38.50796283633218,47.791549347876064,141.37565579130322,3.92052154217495,18.281239425250167,2
6.093314598436147,43.284427645191556,22.59969427085067,135.03365133520578,2.5017332526012845,30.82032288872797,3
6.467949058477346,43.65794334852069,64.84483761705336,112.23295901363872,4.301141537020442,5.0,3
5.379182481278265,33.93131451657486,68.87268242685282,111.36576883129845,1.6768390602859218,23.745268356303402,2
3.5,61.42448420472479,40.7065704663897,283.4441379111628,1.4173326974869471,18.449374408179086,2
7.826068094541575,77.81287191899915,76.34659195920331,140.1899169960459,2.6391319091720287,17.430590884404765,3
7.60526584563865,59.40027322493323,34.014581026751195,218.2529160756112,4.24317809325343,20.42806874471792,3
6.07800866432268,52.0676399242419,46.0064799078442,234.19966687595354,1.2618218030114647,10.20599628583231,3
6.600486075837308,30.27119001801507,61.4783359566177,140.82088552534205,4.574530528513793,35.524800438158735,3
7.273908826556149,60.33650531648902,33.11493309665636,168.42149042173844,0.5361177984221812,5.0,2
4.156181214670186,93.12699263458597,19.276764116808426,155.1239241016516,2.629881186608564,26.692875418008754,2
5.706420983980558,42.38610752409815,15.824244015717191,69.39088246706616,0.8803858093460386,16.5244212128339,1
7.69139701943274,42.48032841296268,70.91239845853988,72.40134938759188,0.5,44.83578680000457,2
4.618565865246126,38.778217380380056,32.06463024041834,152.44242334521365,3.5496777071628807,25.226864384841683,2
6.940336898249944,40.21171531011159,37.21394854872252,128.75432306957018,2.733283337053328,5.0,3
4.465127293064892,5.0,23.308538825184183,244.5790169196795,0.9043516007542669,30.46821076518621,1
7.199644973650289,58.100707717114254,54.225089189937826,138.17135306526907,2.2250792130228305,14.07423288955554,3
6.446537776553774,33.088956472907725,28.276602111631227,247.54644985340622,3.6627378403939708,34.84889061086502,3
4.077302276141736,17.794737624164,32.63105458508017,126.18043019322279,2.447775499516246,31.177226655333588,2
8.247109031685756,65.06379899465098,44.49280629124241,245.6100210304467,2.701978326647402,39.7259549738602,3
5.398112634802926,28.35964429916128,24.039311091316414,175.32122484736732,2.4023151445154243,26.870317503872606,2
5.2846213444784285,43.226618922324846,37.32126595728662,178.16459478855987,2.126546802855061,33.19148792846604,2
6.800853795846415,79.3288478237716,61.03314384254905,124.41180216331753,2.1069940878853837,25.42754156442414,3
8.222956024143073,21.81568403950973,46.42381596275295,178.84585902018443,2.0629539505563965,19.103462097296106,2
4.976267271532405,19.34803530804476,41.95813438642538,234.63567165406255,1.870285685890389,35.657549318056724,2
6.592519774771957,55.38612379124676,43.22297064195798,142.75862529699313,1.474058103463796,12.695160290746003,3
7.143224750495859,72.98974728020737,34.162973560351546,133.0301592316691,2.4304315234232563,24.636927793275312,3
7.539658410894717,18.51316564536074,69.94228479632389,137.66187305699557,2.0401082215079747,19.314344278209674,2
6.7646623329158375,58.15379473674354,27.81764304198899,231.00558025032186,1.3924520542264602,33.42094066957922,3
5.949458241375017,61.61999079923384,43.163892429458954,192.7675603500543,4.149021983035429,15.533193550056787,3
5.258614669026921,8.816790326153594,41.725383495142104,222.38399952355593,4.848953957875073,20.911674073750106,2
6.629215824569562,65.9700267581444,55.131437606997025,165.6811355242135,2.9998458380949002,25.439135020424953,3
4.89179148202159,67.53211759684359,56.5476090819046,151.9659678388916,3.0997094818962587,39.877230520151386,3
3.5,43.764288534879505,39.519717932693936,171.19720195353162,1.9611540511956036,19.67483692836851,2
7.154839706236501,75.04692724596016,44.359997396695746,203.50792672062698,4.600547035186496,20.991079250706655,3
7.855902261629293,72.7291114864969,44.928021308709226,137.64408787060677,5.60727167261451,11.517983072969463,3
3.5,52.0623585143441,5.9178751664408935,218.43384966783933,2.7543092564615073,15.17005236242434,2
4.985403942935093,40.97109219350133,16.165155962833367,168.29152785329384,2.2178302074112173,29.129812524153373,2
7.428731391507797,30.54344214834086,30.92404463917044,29.686093098491085,3.5122128989322676,25.320685091987013,2
9.0,49.248729812676174,31.576019854346967,194.17467135525973,3.1933965660575834,25.48103148200129,2
6.531190561513112,61.39517839408358,22.010763670538015,86.38474933690088,2.2497667868140656,42.412149315429836,3
5.407995588156298,43.51646277918717,51.24373857060445,192.95863803369937,3.7067937495485257,8.27722086829366,3
6.22565533834274,6.049979894759403,40.031776315262086,195.07589991190832,4.407236411084845,48.17821643489676,3
8.562314628722277,75.3742778915314,36.779581789197444,166.49462986906042,1.8212723980128305,36.78274680554767,2
5.531053731313197,53.804464436897874,21.157670882389198,177.1840449438347,6.813050969573406,21.742069991257907,3
5.301211990024619,42.407510066463324,39.33182703632817,204.94353939219934,0.7005867643532584,28.912327868511785,2
5.775884716726951,67.14316776846577,5.0,125.21861630946363,1.7224639104886486,18.171549157532855,2
5.070007087611931,80.49277192965512,37.555655337912384,189.67148298512393,3.350952045453545,28.192332094425467,3
6.684005473992193,5.0,40.94775503211634,208.15116514785183,6.370309677564824,46.498433985724354,3
8.93701768770434,58.685272998441434,43.62872476482248,238.0041298769239,2.1561139624790626,18.53711791747969,2
6.984618909674044,21.467015783793055,16.5384735478108,94.71098569701483,1.4013805311066196,22.67994391781649,2
6.121469746810568,59.982210135978825,43.37225105037212,170.42580324938842,3.8238622176431183,17.43233779402121,3
6.062283096626684,52.55854404749159,24.378530952031863,101.92554004692677,2.627108388422893,19.038863883784025,2
4.155213786955015,62.714530528811,27.81295251561499,99.80389911492512,3.997883542431648,20.97305968664384,2
7.824664665720738,40.0150477101069,50.768970787339974,167.951388620299,2.8938291751493703,14.051144113260419,3
6.383244204480797,12.535197763616964,70.21170585039616,153.87279073980693,1.7142501868050664,22.363879331861952,2
6.229280129614062,40.99263617486664,40.7703813820402,207.25007392609925,6.523313955621345,25.542323958493792,3
9.0,58.13695270279566,27.743568120396517,132.69117752028953,0.5,20.96850094694795,1
6.94812936254853,70.30784657350446,42.83005671264998,143.29742819014945,5.730358125524658,5.0,3
5.372313424857223,26.563373990549497,54.085437362487184,160.57521311690923,4.399892856350891,23.456822926294382,3
5.860463605691685,70.54120853746035,49.31496348809103,106.9085574281772,1.881616062709178,24.52728377955509,2
8.222668563795132,37.04255420706957,81.14669308695619,113.84650774920345,5.808630157250648,43.9754169494349,2
6.6699056158066465,57.24899763189053,29.26993646358,205.80493328862767,0.9428712011336091,25.26818720180438,2
4.34258303252395,39.802120942687345,43.78347219878947,122.55224793594456,4.512166443011287,34.35586072532661,2
7.878843401862805,53.64341255424203,63.23376930127304,209.12382832248426,0.5,20.74300291643926,2
5.497783871691509,67.83755269140549,62.29238855527798,180.36562903341473,1.2811827105444373,37.98174338654,3
9.0,25.459718454229282,10.74883110213429,72.62344872555323,1.2774572615281843,15.554568526660423,1
8.120072098571972,36.401882065063376,39.94963569940028,176.5189345918894,1.8740150093568018,30.04989201118751,2
5.829017156511873,53.69925174684173,62.2678114877305,176.12399115470637,3.0173716730679874,33.403653810816394,3
8.421524542602668,98.03167322060705,83.35964485598706,171.14643042556426,1.7610354538377633,31.93606125501159,2
6.601783265791105,32.73620575666344,50.55693825626228,142.90616368084946,0.5,46.641498101805055,2
7.77916051268333,90.80267771993837,34.482050594552746,102.9966272304074,3.695176153051018,19.156353416401515,3
7.227099225941712,90.08846607350341,24.861952713439152,217.31063830563102,3.0734263843912184,39.13783310281326,3
5.23046501751369,48.05377698596818,73.28115036296273,144.9210205638582,3.61339101134727,36.556451227255494,3
5.534675251523807,44.03694947600199,50.931123796986384,105.8296919832316,3.2578768638989657,25.494664080140378,3
8.044941226371742,36.15869602670617,27.278996096718735,172.8734343044004,4.431352922977748,43.3926104012489,2
5.997837001840189,48.63594939334662,36.95265450499328,112.86100146333715,2.886776470258345,23.534418460321316,2
5.894527305137005,21.86561134880884,44.65279775243056,102.54569858574393,4.518780952215465,25.223165565592385,2
5.0673161309759704,48.47521965358805,48.15709980832177,131.22636938987807,1.8364550278481584,24.945163619507426,2
7.135398598390191,79.93760547701712,26.505720136813153,116.73011178409627,1.9219944309917207,12.268143088943983,2
9.0,37.778298750465645,30.78714372811761,104.38788740077128,5.064059093097289,32.61514034261711,2
4.898700628618591,45.18551392021899,15.205981564405601,190.32058811308795,5.033502987340933,31.053981418256086,2
6.536329185009137,15.977190514655163,55.596434344071724,144.30860927688002,3.8606132141712495,23.953206801921436,3
8.618330833123144,57.48124176262087,34.875722998445255,212.61399727579462,1.6663381307102885,42.625345474673544,2
6.380537913131428,55.289633699027476,46.99482473774938,107.27452611350321,1.5455513470563653,20.627799426048178,2
7.178557694374601,51.27404719531542,61.3338776286449,63.6219481181832,4.992095943541906,7.70202585388925,3
4.90640970777968,45.663458995557136,43.29805213560918,157.4385174624708,4.908997391367239,44.0220597140154,2
7.1424606458114726,44.14484162455091,38.30544286076398,242.79894609032078,2.9046309634948124,35.11109307202983,3
6.219283602493177,60.038004674013436,42.90882215325901,176.5493414681001,6.512827390454779,31.260416624515845,3
7.978594993519795,49.423667968227534,40.947904057753405,310.7687098106416,3.688350107919209,21.605546330851443,3
8.281079077347126,56.29943743110665,58.69247496816917,166.60295604745443,1.3392009389533204,28.420916010703344,2
9.0,54.29965634909096,44.66257596308185,161.7776105644045,2.5865533504981624,12.396217063547557,2
7.369449759820363,72.46854574191524,31.83398470631631,42.231866447104125,3.0082058670080607,22.748570156773212,2
6.98869447487325,63.53988194750109,55.717735853346255,171.3973720294264,3.1295979551236703,15.963024568122195,3
6.791576452366004,53.85723686300381,58.457265345375276,158.43338800096456,4.875004826777561,27.61881263714354,3
5.970250560783968,80.36844061304359,19.925040597693048,129.62894008977315,1.5655666310034613,34.2346845850572,2
7.007725765192537,58.40537058113123,62.99175827152158,143.16105664704648,1.0027315513316748,14.523748138250285,3
6.056897884791455,76.09925377580838,45.470676598127284,146.59497128289104,3.903485524507643,32.24912680768419,3
6.752691464404421,62.13885216773276,44.24904925219898,141.0035423533968,2.239523236611219,26.997482603876563,3
8.476396303411939,13.161618421369141,55.099369473947725,254.48574815629806,6.635259185200237,31.838523816255602,2
4.990186152080538,76.09669526638659,31.495354134935816,131.45689860974954,4.414830572213448,22.577752346387783,3
8.209817841693567,52.70352482685338,54.312467712863864,158.46568619269286,2.21190532148964,32.04015402666774,2
8.475672601009798,48.960904581984444,34.34836795393217,129.80494583068966,4.819280608176309,18.041934353520574,2
6.322897209513382,55.62696694979154,17.875739804344928,189.17155933219402,4.095616192624509,8.177479034772087,3
3.5,43.10033676085865,25.03365581339599,158.83818499861033,3.950545721194917,10.460679946646536,2
5.5882670193583515,54.54057720777891,48.5053274935484,136.00447134147592,2.816634102617261,19.972336788292402,3
8.445491819841664,38.16247867313815,25.817974900080127,53.70160270464086,3.6306762774576984,8.874765122271203,1
6.465697906551677,75.4854451746874,64.15114184784474,162.16541126443752,0.5,40.503725650539565,3
5.001046651557633,47.72823772757899,57.83925180159464,134.52118632101246,4.975634106333077,24.17168837250586,3
5.742837618157674,42.34832314555133,60.00158749049447,146.96296715564495,0.5,34.19272580733092,2
7.760930039756829,31.501483685614524,41.87167869516118,90.87710263773333,2.336815358961127,32.870683555092434,2
7.3201003523020685,55.375515782972826,43.86792425942439,221.6641086360098,0.6064341702089493,25.06417141756979,2
6.141601851245459,53.742142002501836,22.094322186335837,192.8371587921936,2.248723288152715,60.0,3
5.949763382277968,57.76849227355013,54.93675265236236,221.5352998820316,2.888824091381842,54.27645235868831,3
5.912362776434267,29.454962249897424,45.69750182555628,207.3489650390477,1.2048096991256827,38.9189247873682,2
5.116384723252246,17.976376023768537,48.5095843793839,179.61586510637306,0.5,15.948113942082202,1
8.923063534204163,62.5118260501312,65.32467717179323,92.88587456367786,3.310598586211587,39.32966862601229,2
6.01651929618299,79.69283723753016,30.91055524078735,242.16935820359294,6.129659673041844,7.514675585448877,4
8.325737781238244,29.472927552202076,38.10787675184023,103.61824245562448,2.47307974972499,38.96746418015134,2
8.781974077883678,81.78882567123397,44.90006382313251,136.5796187962519,4.4389964343387,5.0,3
7.99746634722194,55.67822117472762,25.9684689181194,185.34511403134604,5.25657725633533,21.81043463862886,3
5.852569530922928,49.858741908983404,37.18601768084741,187.82703935937025,0.5,37.09124234862324,2
7.105595135504914,42.04902606908444,47.39424715700454,178.61183634722792,2.3140872727825186,28.851999781841986,3
6.463706590413626,22.309639611500067,35.11868092940753,129.9855759335455,1.0854215824667977,10.214249974988975,2
5.144447208904808,69.754570318492,59.63484114593668,119.65341863222626,1.790584443032754,26.702986829350948,2
6.986538922582405,34.487872771247936,17.33613157274509,276.72662843030685,5.553017551719943,28.856239133074638,3
4.731440313260296,34.403866485247995,56.84156860350013,148.03430307500832,3.3355192296362883,27.047854467848715,2
8.281519082692345,69.8385261977391,49.91778212224007,141.9114307680582,4.183235401567761,20.92719944038688,3
5.80307405405241,12.340331066565469,31.46757118665114,114.32217545306233,2.934151341054322,33.55081449418037,2
6.801739483809259,19.528043786636665,26.133871476550027,162.23351745354788,1.1841710313966844,36.44911587325964,2
6.924931807319213,49.63731512983836,8.795760741363225,159.90114002890354,4.017173545828059,23.458099319874904,3
6.111642539443884,55.86568858009704,28.07237481379249,149.18868956478522,4.8788630571642315,40.19654833974771,3
7.380040702212912,59.69469295937848,55.70764982504495,169.08633233939432,3.4760613242529854,23.437392722334188,3
5.787644515066213,43.964030132074946,39.15871410581988,238.17687512211768,3.7336865426399024,20.101856447266236,3
7.806945946185866,100.6073933728338,57.44471320587762,120.24736468545508,1.1477979204498234,38.5691002742287,3
4.481030479629878,45.442148824683315,30.70193394063172,152.154187110106,4.0602954497238395,38.20423022977228,2
6.689569369319618,45.38427695794556,50.60659240159844,117.6075773724722,5.019020734389524,18.798911993018038,3
9.0,34.06026662372245,29.237520968733676,164.7349180412814,3.6068782114071802,17.347491043607327,2
4.999503013091638,52.47813633042142,25.516374906852416,121.57652493127905,0.5,42.64384900142629,1
5.483382544212723,62.29922464093549,38.39309174243986,123.72785042829052,5.453444251162922,23.97338038575186,3
7.270861774488372,74.0715610906692,30.02550233020005,77.0238312972187,1.582764159534354,25.032857344160846,2
6.769372672909397,20.21431471119564,16.857667764441814,154.88973914098372,3.581680240334867,22.47752562652064,3
7.025945148910338,45.080093232885986,37.2652794892451,171.48848109524886,4.429464402841377,38.21610837244019,3
7.233780695221495,58.934072216182884,41.59653124646933,243.02381765961476,4.619427483076492,46.44171497522454,3
7.4520822028426545,61.74115069189071,59.025379172441006,173.47512405949226,0.5,25.699866292960873,3
8.164549762934335,50.13097315609078,54.0520851569959,127.51579383513402,3.1758258841094067,49.17722056751151,2
7.1147279853927685,60.84847939064204,58.29914798849247,82.0160456156955,3.0765324163239134,19.454924507814873,3
6.138113518072187,33.82072214148399,50.805362475902626,88.93564971672609,5.158542281589767,22.171979635710507,3
7.508860551804097,81.15810864636714,44.98919138424962,85.21858302640139,3.6880853136159444,31.73087593520177,3
9.0,69.85256205958859,21.565826402921612,243.90210177246905,5.1721764915674395,16.830092702166617,3
6.301049380426139,23.101444258696553,42.24808296902912,164.3905248463185,3.80987639982773,31.602123194492954,3
5.038206042994037,28.49793903766489,48.95190665996221,120.85168903690536,2.888750693158174,19.815053200302387,2
8.160621003930459,29.06156499786188,61.86156924055654,102.00701974233678,3.290789132307239,9.55874419998112,2
6.319428254069603,63.55939941793057,50.2943281259772,107.19460798030391,5.285395375653694,7.574969782095021,3
3.5,24.305444671650655,58.60575151908132,119.53503027468108,1.0546022467481266,21.762096756186615,2
7.771132515725633,43.37951331583839,24.520031629521416,215.81276081275763,4.358931765180799,29.17611695831195,3
5.697007721069116,59.09408792833549,35.103735607778574,148.50282764711253,2.0585760131688193,11.388102546415489,3
6.364200076543759,48.676681309071306,46.44026070491906,77.62667913630254,1.7362813736269451,26.785914224956755,2
6.997970495853522,55.17775031425411,57.41429036113842,265.5229637365186,4.53513954992426,26.814217200612838,4
6.7857495196686,28.683945773024835,37.821570312416206,92.99194303170515,1.6753691174835095,23.32357934243871,2
7.564177725708559,61.89708746794489,38.7633106127627,120.45823450380664,3.565612075387987,15.737530181909966,3
5.846770444145235,37.73576215048007,50.30710459004468,215.50721938169409,2.2665878667603527,27.402369241503138,3
7.269658697264124,43.50760651204118,23.111937592823136,170.75748163045333,0.5,23.5766416164892,2
6.110679983624125,54.75463455811972,64.11106824735144,126.5038500187895,3.7165739701565235,34.817433412314976,3
7.608215721331255,52.06156443061696,26.81295860338473,88.43165369530826,3.1894819094351843,12.07193479934995,2
7.42305122601958,50.47960038031186,11.221158646610455,101.66549455374866,0.5,26.139649333133637,1
5.096841946933107,34.98746356046489,40.15100512783871,104.6751940461767,1.9521156876917072,12.281569166885147,2
8.128973174262548,44.00901177601616,65.47688053563348,150.35158989247748,0.5,22.629260097012423,2
5.696054832328928,50.04367181674072,48.796796955004154,159.55309086406518,4.097534830944619,14.049200116313367,3
7.712086697421718,22.498295336658302,51.2663581450545,142.56726856843287,5.081989804065145,15.827207668558746,3
7.050930970102011,40.74934067373242,40.620786434606714,148.03930930378354,4.274235907569278,24.961538505613913,3
9.0,57.75359758065693,37.71433754093235,97.46384024028396,4.483695235200138,19.34373700353221,2
6.1648010264422215,24.45126792309315,16.826359456103265,164.65680531119446,2.2232543914997787,39.666948335341104,2
5.9760248058227035,73.1316330318848,6.109206131437205,214.0259318418498,3.8203920166655614,36.791647964323566,3
6.470870591168401,75.39226525199686,42.94408507661295,141.86041591252157,2.986397054786759,33.04752277653816,3
6.045230325748587,25.096988480798288,59.68823791510339,140.88566467852633,3.2779717741332295,32.849554608949546,3
7.699912852913075,77.15239266100278,45.16200557242098,154.1500526026424,4.436147190681783,26.30263904464322,3
4.075534087345118,47.12836822575731,49.3539929057802,205.91024298796958,4.763231130970854,38.047960269364516,3
4.919476371280469,58.3702911831411,63.75576318459309,105.26385002806796,2.4153654155422264,22.05957215826681,2
4.89829561763121,40.06697895743507,44.93150277161587,222.54236678660678,0.8885327829674265,46.19371936477937,2
7.925461387960364,68.46089654453525,38.160173495385706,171.06111197176187,2.718893197960716,15.578085135237947,3
9.0,58.121880376973344,27.722127915249025,151.43403478494338,2.6710900720291737,13.711744071422988,2
6.343326172193793,33.71693486804793,70.33318844458128,210.661941833216,3.4268968200212346,11.050258320559028,3
6.246767415214984,26.695960000694228,47.89821668730521,90.89689630617721,4.249493877696184,12.79133360760132,3
6.605078244669772,20.793951295815546,25.84597426121004,176.1022768122354,0.5,8.706441678037194,2
8.242817453912286,53.758835528655126,22.432484982981446,171.51547822533087,1.9936296732127863,27.14096525379224,2
5.108970298714139,61.449428235594716,58.79595590393369,103.22724678031035,1.5541677160238394,33.53821885868888,2
6.857553474102177,63.019313575588825,24.438374553875118,173.03190614769105,4.876340683037686,25.341374111111147,3
7.962796444673645,47.64037810785244,67.80751236253332,164.1652589690243,2.687443659971419,11.14709091221869,3
7.251641254909768,26.86007088671272,5.0,141.06309401550328,2.230674645657318,20.30320517281237,2
6.784372424898115,36.35850403952434,61.33892796684965,193.14087776151663,3.8074525386698665,33.414859502841104,3
8.001569138850712,73.04697277923852,47.30342216742947,121.41228738211677,2.110490473625966,21.580712216363423,2
3.5,40.30742870799837,41.77891634585311,163.51606229216844,2.977207834804726,17.016186366154518,2
7.516812979296361,52.868352613629526,37.368123474373554,143.41631087723405,5.721106800168039,9.862156697325018,3
5.5188864753088644,28.48699032850225,68.36094772891045,119.26515884961663,5.679435485829965,20.772562595860652,3
3.7540506547153147,56.7316609091807,50.60588287601805,175.14423425593856,2.3889235154057715,17.97437379045675,2
7.266803899287471,40.846308766418446,26.45194586656823,139.61321263254243,2.7264572967606338,24.136268451555853,2
8.560487817744438,70.93425427551527,14.216350659566778,76.34967706452265,2.071457248903792,29.7637940267984,1
6.293827228058462,65.47115412413626,42.659458197209624,59.94669476410078,0.5,22.17528687653994,2
7.929311820804408,40.085881068502005,39.98393299693879,189.4528734041601,4.554284017645077,26.848071963856672,3
8.918417386982968,47.466719453046736,17.201979439367364,88.96999463865848,6.632013175007646,29.72005149507936,2
8.472371680376071,38.97767519918742,39.16909711776496,163.96922467003031,2.3348258435238405,12.701910485337415,2
8.959946794057089,21.611336069099806,31.390980503886997,152.74759468140752,1.7748094090660924,43.86041297114943,2
7.613191236607838,32.85115140905567,40.139351024600415,131.57341115145502,2.5907298054899903,17.58572392482758,2
6.613150458352389,53.9643465544164,50.88885417472603,247.833422860767,3.1275690717428777,30.165562497058474,3
4.097051282154247,56.50518996459164,62.38914921196053,158.9837009230223,1.2967048346896792,13.640157331197727,2
6.130906267805077,52.97095807185278,53.63333554553931,187.78167413410327,2.3122823085238027,26.101426136749893,3
5.235130107025713,43.965338920827286,29.178388752546915,164.24081076699045,4.522345880907028,26.467319545727765,2
9.0,68.66133211441971,45.533726932437915,138.42302884412595,3.1910709517009073,41.59099315371115,2
6.236171281351495,51.27083809121875,40.94660682238036,149.04556248820293,4.9055790421934695,22.67380995041474,3
6.684807210176729,64.06507656191894,20.018065680536484,222.9271382830242,3.5471517792922524,37.9946954919436,3
7.3272280640607015,14.524497355949627,45.973491770384086,204.4052646300215,1.366624096840622,27.904582693972777,2
6.56540366955868,5.0,67.85008506876571,247.59932158443002,2.135979034920361,43.521070182127445,3
9.0,55.6757605567616,40.48639906280506,161.0821046486442,3.372618095331722,7.199006997196868,2
5.566025957398322,21.504686925570212,16.08725980411899,106.1531467149626,1.3161160860583387,29.82169182343971,2
6.7919111828558645,45.75096594573888,40.45403006662929,127.9741527820094,1.1215204006340902,5.0,3
5.386294121452927,43.958059179507885,21.794317015401248,90.61109041007043,1.211699169951412,24.419305300759444,2
4.519966233168941,81.74801204831074,52.95408260329432,188.35220644376386,3.773706581720724,35.209924703814686,3
5.582346363642072,57.99993105887213,47.872974875876935,120.70418419613759,2.450639976866193,39.45616878700554,3
6.444444804427382,53.317180535973456,37.436349197878855,20.0,4.77366244663942,32.38624553603253,3
5.85604666322411,66.73982309267348,35.03253601216268,273.1887849164965,1.655369425580045,22.094377904482386,3
5.461368530189216,57.36995173678078,36.8164854757668,121.46994307558423,0.5,30.451288375914356,2
4.390523804492249,40.846460140231336,40.124117415134805,121.17045372570952,2.8039423217951773,50.163758563176216,2
6.375341641056957,71.4295186050912,28.416474679876867,233.58058463301833,5.47133254559073,25.753786905927345,3
4.242919438953496,27.804997442234516,19.183703784978448,89.58742746012422,3.051854125422909,34.61036435624094,1
7.640083945534403,56.464943750671246,57.08048420041972,206.83029432665833,0.9418601353006961,20.706477104849647,2
6.623659629401755,19.048604117273776,34.21898535254563,120.62787782879892,0.5635851056898811,35.70427803705897,2
4.3136727508026045,54.0788771503199,42.505646562537166,83.81022777015706,4.796852870885235,34.0605595834519,2
6.036186384425205,53.85979283545859,44.27922926751241,235.28588806890681,1.7888448428371329,18.894863333246555,3
5.371765391614125,83.52909923829326,44.83030719482821,196.15484735312637,5.312692991484795,32.7730612160359,3
6.978761765628771,18.700522131164412,22.39273004352364,196.00004922575215,3.981140173276925,33.247838922883396,3
8.510675669034717,37.982256482923745,14.862397531722284,168.38277733943872,1.8456469283929726,32.39942716268342,1
3.687241295531383,66.45364853148288,31.16961212962012,179.955081653884,4.750705266467461,24.58854058226987,3
6.672539118721126,56.70634512794616,45.935672986254296,88.39209876259784,1.6141542701050966,37.29092257804729,2
6.2598008066500395,53.60610102675006,29.080751987885307,155.58054286223302,0.828994331332503,15.650746937833462,2
7.5070101146756985,30.877285940829214,34.6761796945115,103.56184997745774,1.6998819099833318,25.097480468814037,2
6.819794942356534,38.183633038171415,71.90946120624352,80.55297404684727,4.153104977385329,26.11402508616728,3
5.372046002391771,74.90082016446513,12.318641727931965,170.54766653540156,4.706950483502005,36.71372942426202,2
6.021419096500073,48.969816124921444,28.67449006134252,207.90747778297722,2.4059591056981326,15.335247731479967,3
5.305961214794767,57.50719392288946,68.44906102860892,130.8315587885968,0.5,27.410951429084353,2
8.114010707897897,47.69623342447042,39.33101992007165,139.3993553832729,0.664850308307916,20.07666955941443,2
6.531967473007914,26.338289695004697,29.410222517516342,93.09246774584801,1.3985316422109548,26.094526680655502,2
9.0,68.67620852149993,57.531533755166805,150.3608573043949,1.0590046811248142,28.922933511110177,2
6.409008779278069,60.06464769064993,40.82845654721667,188.0038056194207,3.398145564096849,12.215736593218127,3
5.437389849634306,96.11273674734377,34.77537407433991,189.57638683638865,5.907173767086677,37.64060459872789,3
4.229428411080759,29.6883724069891,42.88553390556267,177.2588087815466,4.193664861038382,29.27831342999019,2
3.7952904856160825,66.45145842400962,30.128367859258507,119.07844164027323,1.3076537325138908,16.414039806690113,2
4.123796085491765,23.769120679259977,24.73763405667882,117.49354782864242,1.958436351500167,21.588207971665717,1
6.900689976517225,53.146931353461554,38.29604608547877,189.77022366204665,2.2510639810517894,39.94196473161177,3
7.2630875348449,69.5301317812633,24.835045598859892,190.59994661083655,3.583821250489629,29.158509362731543,3
4.128213946951799,8.557297678070263,40.16039967694721,141.40025072840535,5.356882103778014,15.351202564829755,2
7.842557471114173,45.90135051516784,45.31609851211508,128.69140462171572,2.298899430823719,17.164949061689107,2
5.7754084224748405,38.735805319147595,52.795906840774165,208.362354672285,5.308165936602283,31.247919824646136,3
6.720189517978324,35.960854034097565,56.91887478275241,132.00256675933767,6.1558664376333425,32.44795441131278,3
8.918330942383136,57.70425304518709,33.913952475516226,187.29661122618907,2.4751397005669116,28.62865436304784,2
7.845258973798298,72.4137141284519,47.49121911908604,143.15784125709507,2.436533068408038,22.085367698537148,3
6.097204028141252,47.33442569541689,47.38785169309534,97.62336094815,2.4590709489133253,33.09683520961692,3
5.163211661877069,54.109728551200405,44.91728073723976,230.61560700118514,3.0937349785318298,21.881090515363052,3
3.5,52.286175061184956,32.80810883574313,156.0031947865738,2.462731354827261,16.45308608055093,2
5.42127002113637,50.03607012712828,24.578982813038337,114.46280100559584,4.326266192083959,40.866145597306165,2
6.1833046417584585,28.213147245757874,47.530028335998395,80.4597166112398,0.676753079410827,29.88796144230723,2
5.019230709273224,72.16889203445785,14.397061567104249,85.49996008815832,2.1980668570558324,17.152090882567865,2
6.303114549361543,55.90390736317672,35.982408511475334,131.35442979526994,3.493762009608353,26.342552366781735,3
6.615277824438152,57.897629800051554,5.0,246.25644417667962,4.305126760740768,25.272944430002784,3
6.162716027287882,33.86980741948835,19.953963649626047,120.76690606628787,6.292927595521111,21.500825066529803,3
5.52499612876481,40.815592040215186,26.84299092328863,222.37274161731023,1.0664621585535885,27.335498774289803,2
6.7529820079500915,46.477316045784434,56.450863114439265,143.4618165698458,2.021936378719116,15.714723390424933,3
7.162910974354114,19.31750613102297,50.32162036606403,90.94248044491589,0.5,33.73640132568261,2
4.864401383835731,16.239313496046435,31.690979742366366,126.33944057748019,1.3351964889707035,24.938388270963458,1
8.616398569619406,37.98504138722865,50.94054692694626,85.95060381312784,0.5,8.905456768718857,1
6.352117801573607,60.4504153288478,53.31434445070595,107.2015774018073,2.2180539074035073,22.7184779408058,3
6.528274434417272,36.93725220140118,37.590027274379175,105.71259690620413,2.657451611037553,18.841335221545442,2
7.562321634884835,29.623896048185728,19.234327836794648,54.80980662593669,3.7041813597563427,5.0,2
6.849824196895252,33.706286935246595,36.88131534900829,225.6398034407363,2.552100704520117,23.44185785617015,3
7.929704950869867,40.89315153709375,38.531613922417954,160.55085151111408,3.704905620618231,35.36777844744502,3
6.930686247802736,42.922820743597924,21.513184137546613,115.6860797190949,3.1711112506409145,23.92185013031217,2
5.5813439380393435,93.31042904413113,45.50570189394952,161.08788732166946,1.450015191374725,32.08144055123981,3
7.042255287809152,71.09241256974636,44.19717781453533,108.22598031789691,0.5,25.08495017376672,2
4.7844106890190075,70.49548224563456,46.675640498412804,20.0,3.8755229998440988,20.436292092079622,2
6.662839558664785,73.37160728546763,44.18384645751165,297.8345816613275,5.469754477521761,17.683985208232144,4
6.450155014033308,30.02358261331901,50.94764552672474,159.47999383385297,6.803077517523024,12.17205245613256,3
6.187824714091191,25.55270770025522,37.310079581904525,120.54934803426175,4.403182051851932,34.25765426196141,3
6.307193732841604,27.862594169318868,43.0267766105643,53.304259416128346,5.186272817916093,32.30748709259149,2
3.6772264317535415,76.69012266675676,34.03389573631702,75.292510242872,3.692189556058403,22.217083095325055,2
5.676912638388558,39.056164222350176,31.232511765670743,232.72459647774525,3.4530140783853174,5.0,3
6.6392673517116725,24.97287635521426,60.07374446143113,225.09692743992335,3.166501535687292,29.720839530415383,3
6.739784587996101,41.38007599560374,9.343469477102552,187.66075179994738,2.8412855339687035,15.952229201251171,3
4.958487288611063,45.227889365707455,53.15139983731396,94.24614807950931,3.9106148331437023,26.438823734953147,2
8.398561761297051,55.36826547389124,30.69188686831509,225.49869939885053,2.2191043779529145,9.587530779042082,2
5.2007377276782485,55.019020414240856,28.749427335353186,172.48913089721762,2.778836322619212,25.9199898496376,2
7.954185800790105,33.43638872252984,43.923662260981104,182.74622241757672,1.233050575553417,23.686829189408236,2
7.140791542807527,63.71312785027422,17.65585581473496,172.3085472221623,3.7123900035973634,5.0,3
5.5306590352342955,37.21612932499684,27.759653920806954,74.65064076869481,1.561353688280248,41.179586944363976,1
9.0,46.87447326589914,27.26290530230512,90.09195246265563,3.050617485720319,21.743055187549007,2
4.7095447523652805,63.7354814100671,36.67902612722358,124.48909167958192,3.750736640463571,22.40727917779462,3
7.878731260415002,37.163571921113174,27.937934677589674,182.18198537665566,3.8788371470547203,30.346769711633083,2
8.000873477064466,38.61297152837725,64.01678028458903,80.9783958878427,4.157262806723152,24.493324018090654,2
5.494069686385033,61.83336099386262,66.95524774746931,141.23267925279046,2.680062712277916,28.639799866361354,3
8.588697950096494,32.845336467899614,9.67009715877905,141.16952449184745,3.7290956690845314,13.556174129826537,2
6.1249302281015705,42.304159527918586,48.164840571486046,189.6369844663789,2.270062105331694,23.57818441162019,3
6.9330404439197855,61.11484356085785,52.87995158616362,183.73357678038312,0.5,5.906828139056323,3
6.890482758156831,91.0818488287195,48.14477803586658,99.48870354739336,3.7954639106123396,22.623528308107126,3
6.298536887794178,62.10809009525494,30.12829760362458,222.3343084743651,3.447732160296213,39.450678864599986,3
7.716212409739673,59.45279525980023,36.338566567621875,91.8380085624855,4.519985254348704,9.94013479006207,2
7.690233080828319,60.61603167345459,28.775880178334567,204.61197209503752,2.962066930692598,21.492517144403738,3
3.8772020401427287,28.536194518659013,33.69603953261757,122.49275508258009,0.5952549514238825,5.0,1
8.456510364317229,52.31193477359816,21.85052456999236,158.19629767166862,2.8625538234536663,25.079467804387868,2
4.006262017946488,49.404670233271965,38.27816767548175,161.29937300521524,4.329870847109592,29.661745966292965,2
8.048819306512486,56.431690807455126,17.45797433042395,159.88537203543976,3.7140522131946407,28.834757423296068,2
8.190057705241376,52.330161049517415,36.99798168657794,183.72495992172853,2.779883140657746,18.98131925252195,2
4.863550354677203,57.59399354834225,21.271274663503533,169.57297489667664,0.5046611581302254,5.0,1
5.883778568068123,43.77065610201597,43.10224542687106,189.1824564935269,1.460974567644116,12.584411209448486,3
4.841442997271097,51.17217834743585,29.80870658585664,173.23099801725678,3.7158582927770523,37.56475529338918,2
6.177618454566897,25.44342867886016,44.35870521811806,86.77723705370781,0.5022642718885812,33.78979088104202,2
6.037948573721388,43.601854439941725,56.223710925471735,163.48995372789938,2.522632627864747,24.086605521896647,3
7.669490798404009,77.81667096353287,63.84170404157062,121.80650487473333,3.057633268464633,26.622932146245653,3
8.465463119179413,56.376166792565115,5.0,94.53687610463582,4.724905733760092,14.723812346876064,2
8.593525716184935,49.581579252338464,27.48708859189326,135.508005366135,3.921735826695812,37.90632903910688,2
5.656747960132547,87.92246552508693,35.45370884331979,159.16177995175454,4.4442168492359455,17.808504777390397,3
6.186167189383208,22.783300433978418,46.90491727572225,162.48375139938923,3.452779986048914,29.372757629115906,3
3.9748427116685745,27.810888891075606,15.244682437682059,202.80123725701338,1.7318835266827615,11.72098666063647,2
5.291194900255717,84.25422822552545,25.268613897996765,215.36545594857887,2.0795092981371797,23.21793291657046,3
7.947277449646187,50.91921872097868,41.95535803985665,166.8140415378678,1.6010105411380815,37.484372719810594,2
8.923374235322347,45.148339274204126,41.27332362290001,175.85531885047047,3.886171262889308,15.53066902480116,2
4.648476692180116,26.015913498087137,45.66427609630139,154.76545165878275,1.9591166716161634,32.493574207036716,2
5.6113036112706585,58.95392532790024,46.65513590332174,188.36127318247924,2.408999530457275,14.192338278148346,3
6.46039136456161,60.88919739054924,45.07891649673794,174.3494069418532,3.0337368572802723,15.980889687323248,3
6.92024173822941,28.110112783302075,42.90482974947239,147.2755953071098,5.461968669871919,24.91024725776996,3
5.285594720117531,47.19448828899144,40.83609659989552,257.599128350215,3.985700861914846,34.716401123139335,3
7.136091566696135,43.28968335933868,49.97144634586544,122.69083182790905,1.8407198630983364,22.018143576688132,2
5.789240979393626,55.119542928375424,6.4101600015366245,222.72284783541687,3.2277714858493396,31.185752841414097,2
6.4783215936825815,27.614995155587124,63.16500230456852,82.28535368365314,5.476967640743757,36.44135282736586,3
7.319426372005549,75.03894909026315,6.932769236795139,190.68082682257275,3.922768992643412,17.288514160912353,3
6.509633404716407,68.31647563195209,23.81257274643262,221.82841758634186,0.6026214607514095,9.748344043399268,3
5.845421164210147,42.73648882534368,36.59858805024783,54.63904644960401,1.6271408570433534,21.444845086149,2
6.335585294111254,45.67162576723258,50.08919336634764,156.9475286527547,1.5120967462453196,37.7308850073114,3
6.367455561191997,47.27155699444768,5.0,185.7707020622022,5.161094738039953,16.873428872251722,3
5.944983455176809,34.43382893986993,39.57813514087248,162.5981802064033,4.884421853795484,35.14949738640746,3
6.111805905999346,41.13141163529929,51.88592559123602,168.90779678034818,2.0624445333215773,22.37499469270408,3
8.897970755757076,44.59459264650782,54.917771740427156,156.81115811883316,2.030129670289006,42.56212083223921,2
7.341379171911858,82.25736741414256,29.54005512253812,95.2876086819204,3.0670376739934255,47.45422053488622,2
6.056779522956259,68.93236616660873,35.48747069567452,268.40227960777213,3.11200356914019,35.31462513801999,3
7.545431606766103,68.69309414673248,30.757778066610584,124.82310683421004,1.556511106015504,8.533971886234479,2
5.999270765365985,57.398512260087806,34.10988019710874,171.70806193894526,2.6263039876521854,5.0,3
8.259686956379962,27.653459821375307,24.522601739073476,117.65801614572864,0.819595095220186,25.61177229659082,1
7.054463288297141,49.170177908452416,26.66121756293623,36.20684049896508,4.908481057366554,34.06650008123276,2
6.339046783993656,69.4097691922676,46.51565383042552,103.77435631255156,0.5,30.01010005655185,2
7.171575388715416,24.834707412654243,41.97423059909113,77.6196653862431,0.5,17.76407057592728,1
4.1436857718972515,62.73106413746529,47.3737976138571,204.57837696122448,3.652559181767895,10.140143079301684,3
4.809848796635292,96.45218450525533,43.21021584551255,119.65659919777725,1.144685643248919,34.29790961431646,2
4.7091124904014166,71.23633291979463,50.56507901721393,124.29543304100184,2.2485525627981904,43.585984529679486,3
6.71441464214556,78.28058271123975,53.17320997232492,96.78346436981319,3.0947592916539244,18.299441414728637,3
9.0,54.36677500884321,13.874250702008439,154.70176993575512,4.012951244800256,33.25212647086612,2
9.0,69.3586389752998,27.185355243784564,114.17707418193596,2.6683768230766884,51.02934041694556,2
7.457076652161136,35.64293571291929,36.52936063764942,199.61773656233942,5.668757695919691,23.102795974625536,3
7.251266712416685,65.91727624682453,39.65983711768988,165.10196615445804,2.9993415170101363,23.305143269018878,3
3.7984133987708915,63.08776268121527,29.9486413927295,121.4087107137776,4.786192062388114,30.597320391784084,2
5.685989300398967,55.79822348075326,53.68035506482458,192.51165259185098,3.41783367054974,22.15648500259609,3
5.318324372137642,76.32014839436997,69.69922552435898,150.3970261511619,6.196814637010997,38.392329862391186,3
5.568728602623326,39.224303243052226,42.79242933372601,151.07484528449754,4.587545255886283,20.95992574185752,3
6.247784272122816,46.25884967052675,41.26511548297317,76.86825481340371,3.06520466320892,24.6895096489911,2
5.791864133454309,51.90924082716593,52.74184382656497,146.4456933607343,3.9432460753612215,10.575555791007593,3
3.5310502844363185,29.407780578211987,12.012403671948459,166.07723196589993,2.6087762167036024,22.644164833777694,1
7.621865384176301,54.53863887600496,40.42703410657616,216.67834110991726,2.5936502424673233,14.924203405652426,3
4.89088546139029,15.621391740923059,54.685537382012754,112.40531850483387,1.044883757946622,28.46063997900064,1
6.8588702961667245,70.93909068856419,30.352690041983323,263.9054311692756,1.787607596299307,8.357678118117587,3
9.0,50.93274733131931,21.601591301470517,177.8434158414493,6.091457077733582,34.79887594568557,2
5.120923112620365,39.58214192192473,37.21291584850333,74.02940619830963,1.1939529430821307,16.288269655792156,1
3.5,33.31252775409757,39.08971850197119,107.74009429572217,2.016760930824542,42.841287001951116,2
6.070993667179834,45.30841940761625,26.37021577126812,221.04995821084094,2.859421984561346,38.70757393385492,3
8.151439452497856,63.765194215448275,71.44241914076426,212.16145714811972,2.9093860578711443,30.35645468822833,3
9.0,60.954779574751214,32.819554284880816,150.90467407802512,3.575588729596441,9.620101687272335,3
4.655675608321374,35.889241054430784,22.69510972860147,157.4958851528926,2.2963189378289055,18.72111141732467,2
7.245048834854782,33.07920654744731,38.59568021394083,91.76948631370144,3.668064550494506,16.037107065324406,2
5.80203431482992,63.13797412639295,53.617909565567366,216.0721370117671,4.713578161720088,17.28873569677646,4
6.341077468543796,35.55305190769941,40.26121373497347,100.61164566127664,4.89994851597225,40.767855358631486,3
9.0,51.19819548159007,47.283908800660036,192.23705555617087,2.5987322990447397,23.473562089691224,2
4.245544507407271,52.47509285048554,26.92734108500264,217.6021184332569,3.9170151433544467,18.42136181651383,2
6.88060949224186,56.24124263453477,62.31532669605271,152.40777771097544,1.280799566788217,17.52090519740757,3
7.20153975764815,67.16540860363743,48.425665418776646,198.38056830610992,1.9174259320915046,19.681622459738175,3
8.12867948740902,24.740741262653543,55.715523533164145,242.38198540128474,1.2393999019641866,30.326194927523904,2
6.6469747302063436,11.776813494790247,45.47740948712754,163.3984399605369,2.931382966860524,8.729096129057467,2
6.962075809256153,38.65105437543296,52.373260565931766,141.2349091784027,1.7111710854600835,25.981786099392913,3
5.912527148867313,86.03056815664372,26.90421160484159,146.65735712242417,0.718959661792808,29.23546832965092,2
6.903690411867661,90.44348200174757,32.62884374965656,112.85060486639557,2.4209921661282743,7.64635339482593,3
5.985211586753884,86.62354271131775,60.19720893334045,111.72081036315635,0.5,10.824730748254979,2
7.432357834784076,46.14037264478621,63.396129209259456,172.12033819128516,4.9907896554692135,24.522926566810252,3
5.945584495934549,14.357698360303424,22.794016004213848,141.80250889253577,2.163715408135089,39.409826473779,2
7.06565059085328,5.0,43.74604101795718,166.37845884256328,4.477974110457193,37.0272812414604,2
6.456105779472533,37.71923676901178,33.53584299272159,75.50319250737144,2.261898764947542,18.91530218599353,2
8.189075376158252,46.0385273970128,29.544527959527077,145.369058740643,1.207593261074099,39.09288434334792,2
6.422909414617271,76.01250802111917,44.27259543033175,201.50589250452316,4.763285957033879,21.803732995487692,4
3.840451297689678,67.35610919084891,57.11444398548112,94.05378615119909,3.1330553746616077,21.717931299663892,2
8.392882251070988,54.54810157983241,46.77493709926291,150.82632070672756,5.830363928868445,25.940155027135873,2
5.141401548706072,32.203104581177165,35.20731325121447,57.26953445507945,2.300215610650177,33.39464913139027,2
5.519350492026771,30.784408835102195,47.7229176990274,84.7268988863413,2.332604550650351,18.910018048478857,2
5.606508058934762,55.08255374142871,34.60035739628648,190.38304438390247,4.507186263328664,21.019507011674246,3
8.561657139756226,63.94101957679453,46.181714510959026,134.5357853343525,4.5176289757485675,12.51832389839086,3
3.5,57.83762524491169,60.946985506836,241.10364327692713,3.2301455797719774,28.510265143437632,3
9.0,29.308040807866902,8.842605110487586,171.62215552121563,8.0,34.33339189962921,2
8.084085213599078,63.01335257584172,51.9587844781005,176.52978324446622,2.579158811519473,34.94624773349048,3
6.834858371193739,58.51821934202823,16.91417617644297,96.17589750525504,1.0958051445464738,11.33419511039833,2
6.41765899907557,28.586671876196434,58.424915658166924,130.74473115777735,1.496167439128927,21.171035057194583,3
6.928331112286485,34.313580593994885,30.444615851907088,113.36819089761937,2.58789076596116,37.45467924339199,2
7.281683642569007,63.769919491231335,21.73492933590274,96.72791302247072,5.278162508237476,27.32169172828325,3
7.467823378925085,45.30984929708218,50.42903840633121,183.19465630480676,2.7204842067799797,25.34104751019823,3
7.333406699005173,81.78294603272914,45.46255094713616,193.22579328843398,5.349078147549207,25.105331923594168,3
6.634371021882873,60.022585521291525,25.01219645557513,169.94685970837241,3.6516376730671873,30.414585468430044,3
6.2039923695390105,40.267376236214616,21.205003642474093,108.59664033870065,4.625053944540775,27.859159318040156,3
6.273090074519732,49.79588799218135,37.18777768763076,166.53650175487314,3.5807529399402065,19.24614076699087,3
6.207637579470979,51.267667852754364,21.93869574743205,54.36607992671718,3.568872009932906,33.81059516085903,2
8.200655145300598,35.4321937351658,24.077905406145586,216.150463435402,4.1290659016591125,12.97114950263227,2
7.390335083421293,31.74823603644747,41.734311856321504,85.09249121812816,2.149937276871382,38.221244241120004,2
3.5,64.02779787619,25.51192548617355,93.97705087807682,2.1664296831787686,16.04045788159374,2
7.4838511647946415,66.9054659408419,46.398089350398145,155.76461347850963,3.524320479246892,30.478899420409753,3
6.792104292078163,62.075629391059174,62.35215393825215,160.20797801210227,5.911667213259034,23.352370490369903,4
6.471936865331154,80.30636188647604,37.77166877649127,146.36257007741077,0.6888701620995299,20.236221998603387,3
5.917222320366672,39.16453527976796,41.95226592978377,94.49360295088516,0.5,38.57570922599821,2
8.18616907997902,83.48541532142261,70.2714509925323,206.6673996801646,2.604384245657081,32.42906111094347,3
7.921289693184287,31.981577628916945,22.185983239339798,65.70253994653747,4.546270620740617,24.410486697679882,2
5.340683498264586,29.746288732630145,57.86852792771113,75.83655047757776,3.077064128520272,42.45171379657757,2
7.110578430686803,14.800822357014994,56.06286396868723,144.65086140227592,1.2460052297774324,34.79749193049227,2
5.042514898188071,41.08409372346366,52.81476008760675,86.78830090778061,3.118640245299582,16.94522735065557,2
4.430572752816604,39.925553263410926,59.37621776098947,211.13126381379627,0.5,5.0,2
5.559924163115053,60.51874560509301,44.20862448937928,91.08926822935426,3.9433755913112627,26.068604982180194,3
7.793590208574138,54.87781883240902,31.256057566010988,227.8513576105156,2.5363379753203628,38.8349805482234,3
7.92968756806413,26.140532579617265,56.41859936830851,201.75610828857867,2.876951250681855,31.10650664994738,3
7.269628130145939,42.14547523148365,56.99263317569343,211.75278677537918,3.6407782057667135,40.73963721433455,3
7.587643680271996,42.57075957824629,56.579708522399315,244.35529914766227,3.3085333760641635,19.016871519460693,3
7.274267430672437,14.48035506076215,40.66753123478855,154.06139620478828,2.188110639403333,23.827758361108465,2
5.537777607165571,30.38106545973261,29.257082295800103,99.35127020900211,4.550419256469706,24.07058393146816,2
7.147883817010911,34.58372738771821,42.87043381167417,144.8496062115679,4.195398846958581,27.412212283106452,3
7.700614287841523,78.67250039641893,54.13345026351754,121.66671972955186,0.5,32.67442782356005,2
7.631436994720362,53.82901431914705,55.36527684789948,114.54043637431388,2.654635992791102,41.323696675945754,2
8.283370057211965,63.243375078949995,33.55485809388107,157.54267184034163,1.3795698094555842,43.42694221669626,2
7.562455770801596,20.02729005701576,44.73059344191085,134.41478928961268,1.0979128512068663,41.66570768879796,2
7.027172311312374,73.88428966027983,20.36832543271066,112.38951578415018,3.8027004352674285,31.69081112261899,3
8.105225357474641,76.02204126048186,54.774251545087765,137.7298803706371,2.3711080790021395,21.577775094525816,3
6.46021811112641,10.033100657107482,28.25036864912405,177.44892321018526,2.785842526580385,27.25898431774894,2
5.177188023158424,35.89366552168303,51.77883039357321,197.8208603296348,1.9954725993344096,31.552327603336636,2
6.255399554084354,59.91531146031021,22.760431339147573,69.85380434045052,3.5552631792297413,26.3506806501231,2
5.382646032790326,62.887769070763646,55.47123859651012,134.8399456835729,4.017520327978547,15.862056802589683,3
5.487232587538427,36.43010539025556,44.82752785034155,142.93283972626477,6.2553822944644875,20.37628351219781,2
6.283221993926723,43.89001073892694,28.27963456574581,90.8739988886184,2.7285386032527725,33.6804200015004,2
5.311370118500058,38.05237877909714,50.37034571620788,144.01471334796506,0.8273737878367324,22.534993771702137,2
6.03805770554144,52.20836093892239,31.14457462292004,157.39978047700137,2.244159464352723,25.24173182008398,3
3.6595779995693216,73.94357062923825,51.243325561676926,175.94172726404955,4.270589882072485,24.215786215498756,3
6.819940561059408,34.57915685717591,35.88832786928918,153.8579012815835,1.8410322148045377,16.07800648705492,2
6.501808213043336,70.01640995536829,14.184293115555057,105.95252950012222,0.776808600817529,23.287292727028774,2
5.2743670533977145,34.36655855306225,25.263756392785943,250.60150137859233,1.8722734705678947,20.421827424285045,2
7.488868502648607,33.04745575006231,33.54377936969073,191.4563385810799,2.1999511233760285,18.081928059271796,3
7.906355206439837,66.37189236686427,60.52283535622867,177.63598723249333,1.3759956780530154,14.416910207859118,3
4.088660203446539,68.43872756015233,53.517154457938375,200.2415628505468,3.3262147711746564,23.99396771574717,3
5.355912832150679,67.02819873525308,64.35792118483212,162.23045859052385,2.88146657818992,31.18170101470955,3
5.346286475319053,23.684051835637177,64.80452824044787,214.31504427609775,4.184557861228195,36.20580095192963,3
5.090145348336703,40.68098043855898,31.978737931136276,152.8435975142882,2.331210247611616,11.058523076899139,2
7.744212262897623,66.45977184006642,37.17269710361756,150.0873730137092,3.8370971528527527,41.064037936039604,3
6.209260791840794,50.83083681127789,33.83080113504192,181.7614239395602,2.261593808964501,27.929454889806706,3
6.103227738034084,28.526143076050715,29.92734092048385,228.81787731454617,1.305581457286896,13.729712759812076,2
3.5,59.16635878250884,12.377579359953124,225.60243076446534,2.1854712971311008,20.963021665444423,2
7.45312704531384,35.70385482017059,39.778784229747366,179.6423799129998,0.5725992164245541,6.226142321150803,2
4.641112407719791,85.89049696784424,20.716516094333343,175.83059292884,5.682323459974468,8.78241596464872,2
6.589898945399493,80.89682924836517,39.48742177698509,184.8021205548243,3.2137496216790034,42.214250220239464,3
6.916065406937287,62.081948527111344,71.73656214344477,199.28104566682987,1.8068896645043055,18.00699056360521,3
8.540987893757976,77.22013409539548,32.35982355503937,214.9365969706621,2.4335337565769093,30.368923843087927,3
4.536769401321331,51.295827002467625,42.92161008442101,138.1707957998075,0.5,23.888088927260355,2
3.5,65.30874988750031,53.59972578713925,215.90306449186957,5.151529837607726,25.178097269630992,3
6.7757743171305425,79.5544059060415,44.204369379488604,167.1497557035653,5.004822066321351,28.680271391689974,3
9.0,54.90997363588625,44.387262819134435,182.5465811249975,3.1613128562401447,5.0,2
8.358419529409156,44.896256569714325,34.5639634946788,219.09746607669973,3.4791934440951096,38.185421369916654,2
6.814489122911938,15.907560836457684,36.52183037408151,187.35311250453393,1.0984848346115097,24.01290007385524,2
5.762545721551929,48.33732948557012,25.599842167182576,195.799778157642,1.2075451571092242,19.95719526819937,2
7.710683894955966,66.46846369124623,52.69067513334112,130.52907333587893,0.5,29.68006470663751,2
5.039680700443297,68.9126685513526,13.87762515078856,224.91557718748402,2.758397871339614,17.788812031095055,2
7.214536654034329,60.0873013143682,54.56632507573303,184.78433555380624,4.591553107298898,27.082119702831786,4
7.25820523874994,39.174018100755205,18.944524228821365,156.3032858920249,2.425178056946482,23.346008729680833,2
8.09031486124832,10.46356862104819,54.43910911114978,205.05371934465512,3.5215437452664258,32.11010110221891,2
9.0,40.0956980399053,34.69273710681728,279.39152488802495,4.468250842340349,22.86053700148374,3
7.0886239507681506,43.91310257892097,21.521969678003796,91.55377490890326,0.5638489830329427,14.699797542672634,2
5.736554561438751,43.741420656199715,48.68947967619455,109.8133688538359,5.768348138068914,28.623418658846816,3
6.461638531712008,62.37112713955849,53.93151302613662,284.2652654417942,4.735980581146901,22.293854755747695,4
3.8463861426663226,89.7135282202968,33.42882027844695,171.33474211521872,3.770839076640639,6.790027537490801,3
5.457930303366412,52.47058403682186,50.809158230183996,159.5434839315784,4.386141795804109,26.976562925170626,3
5.886076342830344,45.66536421687077,5.723732579959744,144.23071291689175,4.4566144549126046,19.625562340819055,2
5.713867403098111,44.81556373991815,20.191055653800994,210.42180004857198,3.4389598298847184,28.457566364533697,3
6.728532308050583,52.48769533815428,59.386133957030935,280.5623654405143,5.142416929338854,16.449473433805764,4
5.266370101426699,33.43412479303202,36.64496088703126,116.74057296333272,2.3210094770738197,12.936164379788595,2
8.181546000986707,52.403971174921104,12.066800103267287,145.1561636405333,3.6927168077930976,36.801242979890695,2
6.500310597377296,59.016246726636,29.517007293370096,132.4636435716067,4.982464201875089,33.43147982778251,3
6.486049518292078,54.193721271489764,26.148992912123788,186.6432488409639,0.5,24.934204135079437,2
6.008157925230623,59.150838680095625,37.51057402790613,211.11967188252873,3.6569450189612365,29.377670876686825,3
6.732786025788469,58.67495218697071,34.438735242885286,231.04663926665586,4.086907467665032,33.10414666534613,3
7.737647397001452,14.562066355071124,42.683975934072414,188.33591413101402,0.5,24.898102997898583,2
5.199304676433649,62.73740316790806,38.95800922581138,275.96663956218083,3.4227301290248757,12.914937115977876,3
5.512825266387115,36.579703086750925,60.39608882555528,121.26235083962935,1.8094410294605419,27.99469318115808,2
6.044410956835003,28.083216739920843,46.368228995795036,108.2729723783648,3.595209422386855,35.022216812083414,3
4.481193614790177,27.910963442900076,46.86507416790379,223.46721466581045,2.8575010553838736,30.93181382141806,2
5.271113210417753,58.67083220945059,57.47735685841783,156.14161597981683,1.5805077462445603,25.593038368868864,2
5.785668689683011,45.548501455502944,34.168468743556275,81.20298382923595,4.664495495402177,30.652910448865054,3
7.811583771069092,16.360624320291784,21.071838349622723,134.19685141812752,2.3724524640157423,22.767550698789698,2
6.893841993502887,59.560756303845665,58.104554869483735,162.7829327048637,3.404945691032374,35.44175215322556,3
6.7903848670513165,21.207837384023453,42.037626221621686,117.68758810463225,4.971071435226147,38.471805804898175,3
7.7763469432519585,52.79642717036422,42.09026811848393,99.26696564527057,1.624958258425228,12.038174472829644,2
6.293942317400905,54.76997851346108,30.500051177046455,139.6185431737062,3.012073871959241,36.159344215341264,3
7.0856972748933345,67.7115416339009,30.74717000344634,96.77332898191443,2.2570092824349905,47.37284384801555,3
6.3451673706012555,85.63369572933703,52.70083508156265,181.7565519490116,2.591730533193414,30.255883354395127,4
6.898043524099442,22.706473481989168,54.769836972064155,52.809757655357686,6.234127811859686,34.837572938101566,3
5.625862013582627,48.95052287873901,51.757351086199876,154.52124639827113,3.6851638261054194,18.52903468570087,3
3.5,44.473294099115655,51.894424081682125,175.97549440541513,3.470389014933309,19.96293162803272,2
6.298581256720544,58.674993719219245,48.535443058896384,145.47293801258118,3.7861310008971905,22.90490384941094,3
8.63412220414991,54.31337541867237,41.97284095117235,204.66114485354365,3.645389441373699,20.975506837553723,3
7.889323103362388,42.9490751452676,37.36930473518529,81.47193828979323,0.5,11.881760942151221,2
7.948096226886756,41.18195622778289,58.154857749123295,114.94552493119429,6.445141230783311,23.273386191417437,3
8.354196082709327,27.67098289631905,34.39418694264349,133.49826768745552,0.8034457122920333,33.36383050424911,1
6.632986386442156,69.75723164813019,45.54968820821121,185.6362284704653,5.598891399039422,12.014762161597393,4
6.795973561108394,59.18408363199059,27.9398050306863,160.92537930230603,3.9270230475333774,26.791318883768472,3
5.573522156848474,68.35536395590275,30.110514447243244,257.1682991371209,3.2711685272017075,26.48450607601446,3
6.0258907159594255,43.79207727048973,36.4576814821416,109.71070515130535,2.5417725358850376,21.986842378986758,3
7.423656724656713,36.86329062611139,27.940924349092548,80.25055507096744,6.907740826639946,29.96525441311453,2
8.305826655753224,28.43369866741544,51.9677773821745,239.45444914665305,3.9067343402616395,29.026592511977565,3
6.290830586478501,57.17835167481319,19.77948622682456,78.45707080338086,3.026532097377599,21.27567153017196,2
5.824716102722883,29.204135509435307,41.488444350716094,184.15313556995224,2.19710594323449,35.60890619396903,3
6.5007919382848955,86.973261379331,41.987621452632716,101.06649789890153,2.0172775968793717,30.60610426877269,3
7.401810123393672,23.84714837813119,12.838006325204788,46.534082457615696,3.0759162707583214,40.73475117605298,1
4.334217775799687,55.47320238425004,33.38464269214587,131.2608103093384,1.604095452508135,24.335714104455164,2
3.5,81.33709414427572,43.83549307072214,194.974998123858,4.019476571917119,21.782354783375002,3
5.674194725762625,61.981795185276184,46.43091989941102,88.91144557634632,2.031536449145494,22.91533947201277,3
4.668931361128762,53.51347424983559,36.93539187099751,178.80473640724153,4.507433271668736,36.78316877433109,2
5.7377897035290335,30.630327060762088,50.153323067210735,188.1431780593226,4.47388107196693,23.51302966781159,3
6.278329521773792,22.36461622864592,38.36025614145939,86.4154929240348,2.9168464813137116,24.12356211882623,2
5.8201273864654794,65.40100217835172,40.20479368112585,138.61193556438147,3.8704533447824656,44.60973123098573,3
8.678701301706118,80.12294481549893,43.774808034798305,228.8537411163582,3.945545864290197,11.55521394441365,3
6.99011714690348,41.22300019043657,53.90499443101253,182.52963099818714,0.8065025862827992,28.56820126978005,3
6.950711539416242,27.21876984767298,29.864229963767023,136.92537677119898,5.597539482980436,24.385442524872992,3
7.433310716065103,5.0,32.69767191222554,170.76477406269598,2.616384428569268,22.49391042765605,2
4.791750323328847,30.384703126749248,29.966552624061777,115.7368345764776,4.04336027012355,15.466373707908627,2
8.058667681130403,47.7268631500192,35.017034257871,205.68478391925123,4.0854352665792355,18.360806000193378,3
6.38635357019681,81.98246481673468,61.39351387119647,205.66300323010697,0.5,20.91909302871288,3
7.505720925861819,63.46267384465937,48.59087978994734,156.04529575430274,2.014606207875796,29.95740512548837,3
4.8922141504397665,56.10170809413506,23.03365382246737,161.53530782288468,4.2605532306390845,33.52441112593932,2
4.169361850975903,41.99760677397738,30.99329551616988,100.06015624971637,3.0933786891528046,7.211905160848378,2
7.726834487037543,38.336685654880874,45.59150836414603,82.39817864660853,4.033454004507105,12.984350441282412,2
7.064614289146275,78.11295195015927,26.402383286008444,131.16976280292346,3.1385498421677758,30.478888611782082,3
5.146922668463734,54.01477081516779,29.119899387778645,145.6299145154411,4.844072690704717,31.32259193396795,2
5.195505378087958,7.947986161579557,60.174394992612235,203.13137486939945,3.171050832666616,10.363402041093062,2
8.188152176622154,36.52920704205514,30.799365572902197,196.12138753091554,5.136133645170714,33.74288707067753,2
4.7158821606990085,32.83567936456747,54.3200022404408,159.24164441795463,1.5299571341819331,24.86028606334452,2
8.964009429883944,39.0747198164507,58.82984784296408,209.52694921863934,2.8085398957815833,32.47071903281563,2
5.149068898028197,61.25821320570171,28.998068632465536,102.82569105927983,2.109900647126943,16.482628942241828,2
7.457587888412575,47.851102364115015,26.650561651642878,203.8668443639185,3.582954096093398,11.099762784269696,3
6.007072286376523,48.46269185992676,35.85801870278252,110.47856428252662,2.5819980826761353,21.913463432768843,3
7.404781146623515,76.26946322650474,23.670584189895624,211.98472650321213,2.655728719359545,22.357243971501404,3
5.683828996828711,36.07077820426623,41.81550817754113,149.33267676150095,1.94285045512463,21.79822078258268,2
6.255810640891559,87.28399051774699,36.9152213221992,50.085666173113125,2.3088967246071843,21.09802695621931,3
6.561378763093582,36.57384817257828,45.40870023829452,186.5078582015721,2.984584404124984,41.92889214860544,3
4.996718816327791,51.783963932251424,60.95415184349231,190.477287975039,0.5,8.001934765254898,2
7.611236518130189,44.37592809194466,52.26227471155479,127.1709972755709,0.5,16.551259493521492,2
5.730179650292622,52.468382670019224,47.33859663118535,131.43702108029916,3.088718913461224,20.814163012952577,3
6.157100126989972,58.891839901462575,10.509273805481229,142.02273600576981,0.5,25.239850654109066,2
5.008475938087232,58.67670480177753,46.65063973153563,53.742409368686424,2.710286584787893,32.11013899267634,2
3.5,34.9376533875884,65.83941491056824,31.76359134524283,2.4342543582131793,33.6536188427597,2
6.213458356099746,27.541706451048587,5.0,215.08128190651945,3.81305680479131,35.765236114465516,3
9.0,100.06343581811421,50.34073814463438,108.79661662947116,1.9919724314221061,29.81454283811925,2
7.676906431847035,40.32031320798894,37.60962137865304,242.76320547881818,5.354272153937949,7.699791715271555,3
6.471109430398408,63.98424877343973,27.25307495465583,218.52009005694572,4.272244309845652,8.356321303554267,3
6.105663756187599,17.847173789536065,52.0169287586793,228.35976571348692,0.7315589525227288,36.47289972169712,2
6.5336988392180695,44.40774560190646,65.64558850910996,117.48505237664226,2.5734804637884863,35.82626517680566,3
7.320678672762815,47.45601232035114,51.628460932566306,69.57994065347096,5.290777716275812,31.360210729449655,3
4.728780777036732,59.45630139855665,34.432120731077106,95.65588467028226,1.953552141900699,16.797301455796088,2
8.171482542003307,5.0,25.847952633877654,127.67726364235442,2.920661512461883,21.774785465589012,1
7.573071973161866,53.32281226156661,42.169414506843154,31.338513357468003,5.106191363782165,21.01135548519116,2
7.577278588561901,27.00517089264214,53.09753938572382,126.22871554379164,2.189106575905833,14.752686729985387,2
7.157713608214591,56.48691422389848,34.19420460649408,139.91609862444446,4.6844699101243386,27.590486339319252,3
6.529424986540985,29.27341606323674,35.64425512523805,85.27895142066527,1.6350005960795713,46.55469647961635,2
7.50929185395023,32.890346081488374,82.33000374757597,97.97574508770838,0.5,20.04372844891302,2
7.387721200612067,44.52744779213464,56.17977918939589,138.9700739409599,4.842793974660941,37.96774299762444,3
5.968938933588464,28.953410607936092,57.251930175904484,167.81432741551507,3.6581025600862134,16.14660284028854,3
5.639597340654649,40.4893110652929,18.09571140911782,105.45886659998779,3.756846413001698,9.633368947148993,2
6.65278444289298,26.132484629133693,29.392169810598094,164.61263047881346,1.3605558130420885,34.87495742461291,2
8.823530227242781,13.336590966025447,41.12022459181359,156.84230039939277,1.479971075254705,22.81185890432196,1
4.641339386519149,70.35914104858719,24.982936631722758,152.34429295091954,4.72565477960421,37.71248756111366,2
4.29871210137134,24.079026143521432,64.00595948333941,117.39929380717115,3.3648109611063943,39.70893453196377,2
6.747141261854775,46.42638224784033,61.15468459885968,83.33102019823086,2.8238159139933603,22.215920356638392,3
6.576331552784027,65.0578216298757,31.996819939239195,234.822598995037,3.3313899931712463,38.43016236823284,3
6.760012496555612,37.70111794967914,66.75877909911227,181.5152958228713,5.26275829501845,16.239451124254806,3
6.86592979686275,33.49668200508924,39.936218549200866,200.2865826530369,4.085532340578855,16.08200868189435,3
6.165196618047792,54.52476177334843,78.84084576083573,145.81851575805388,2.288032203922263,35.72274429249981,3
8.734795157903124,72.35867645454304,42.17029195787555,141.7987278869931,0.8947682083199222,9.52192683543533,2
4.098644032285227,26.61369469827062,48.642891254926326,174.53298403626937,3.882080642741678,24.98441129772155,2
5.257254462829631,46.99704335965122,60.99855161754337,58.265582477387724,1.614047984048657,37.49653443908454,2
6.345117859776429,15.35010810065345,59.16450024711714,94.26782653234277,1.2264345935718515,38.16790514613658,2
4.0352167832687496,42.1359799263562,47.660980992038404,110.11125609858135,4.973623780311101,20.67332200650671,2
6.236218393351893,50.68409369076151,37.88289520834246,127.27167887291188,4.30860862013722,35.09230584528307,3
8.992205248592027,32.90750716489869,47.711990499896785,106.01521602649228,3.5785288900207464,13.770689065403431,2
6.531329732443942,40.86016332349537,27.757237421858274,166.64035626253732,1.1424044085941258,18.326303009814055,2
6.846051358578025,21.835464633850997,42.28200578296174,154.0723617231418,5.683899091150623,27.304095354450123,3
4.6097528522411295,51.54157222762987,23.360387012530076,219.64323448756886,4.5433024720737745,28.77751113228379,2
5.575457887940784,71.11388497766299,13.28677539879548,273.6879578556281,2.544321598406409,14.522730991153484,3
5.937205429514094,28.057122604590727,40.756401462091645,86.85748799257836,2.2270799127587013,43.62276655378619,2
6.023427354865649,37.54656466895234,58.934168360075084,157.36526069842228,3.1177346119634017,6.2253716371533905,3
8.422465692505654,60.050924929083635,53.88706962394089,157.2762939103487,2.2823720001920234,25.542038799552447,3
7.336536591087687,74.24181438645472,38.77131556411587,149.29009651176688,6.317780935177662,26.959074950047217,3
4.832813064594452,20.136203755821374,66.20484547263244,95.75877145172493,2.4217074379427026,7.530403347555371,2
6.869757167648007,46.624305251681015,31.464079137301397,104.14012771787247,1.3981756926896594,38.241294017906725,2
7.247332622745178,55.6626164463905,11.232510073029651,162.02028059580596,5.382623787499616,17.59523601494598,2
8.2102235577819,47.95887218742304,7.268480586985568,102.73249633463817,2.1464072500693403,25.98455188873185,1
8.870811029852561,5.0,22.282135891064243,157.9635986083504,4.179645162175094,28.280382976734053,2
4.977358712258197,60.02180018617544,52.249371148933434,137.70251077271973,4.013081409129105,10.457420418515028,3
5.283713733184493,80.38672702181287,30.477959747989203,157.0828951560641,2.9121569241824186,14.27861714367946,3
4.613633211628075,52.33323502339007,46.91437962785953,102.33497647827829,1.5405048532159558,40.630278272551166,2
6.1489702113395275,29.377878934114733,64.69425075375966,157.8734621167268,2.9277256095324145,24.341683575540028,3
7.199537561669501,39.73745507271434,23.498545561332907,105.95237082617048,1.2452083405016716,5.0,2
7.981001774883653,85.39826135311186,47.177495976938346,158.0347804328459,2.964423356194645,21.98078349936778,3
6.386073464536216,68.19925081721118,48.084446089835836,216.96980612195784,4.159172199689487,24.67098108959775,4
6.020228715117734,62.800532367686586,27.088930172903453,163.04919250080354,5.5766700992879965,27.193706480379117,3
6.727636988373111,57.12825167068752,60.31316387867625,166.09351911915286,1.3682263260835672,5.0112226386808985,3
5.247285647554966,36.77725775618055,35.684394166757855,190.8603258748774,2.6243120940061084,24.706913787487885,2
9.0,45.98857638688463,34.24370528630486,79.82208277633686,2.212783373662079,16.673479251674365,2
4.088508459322912,48.44154528642968,71.67419827626959,235.9460786861506,3.410609066261232,27.21034543012466,3
6.777110868343587,60.991486321288875,47.84150113550077,97.22050036938151,0.7172874355337697,30.063360046354866,2
9.0,80.17837788533807,53.879358245282475,193.98304986844684,1.6070059843125502,28.99994129559797,3
6.510199766839997,72.36676273586255,60.32339397282758,187.34549936281616,0.5,39.03973256311387,3
6.2149414474977585,21.612312884079188,30.242890008111747,104.89168192476197,0.842543189002344,46.90570134262785,2
5.963831865784359,54.479899378020974,58.74731645580519,200.44430683833812,2.0093433091318715,13.663964807028929,3
6.229412477356388,64.73526690335794,32.47158827503495,174.89063832066546,5.506323919238831,21.18019649857903,3
8.559272712014796,62.377206602892706,31.830649159925542,244.49893222011286,3.5214007153989497,32.43061743519268,3
3.5,37.41532473225161,35.920000415377956,159.66893756706466,3.0974938103997096,23.73203885820528,2
8.800150551944489,108.28218431536723,30.66902747582568,144.57283342387012,5.020329006042727,5.0,3
4.364064271324782,24.458308753377622,52.33234648985744,124.26187360408979,3.5753968217751284,23.074532893984948,2
6.100021506148378,28.336231066679,44.00815982717584,62.832236432441334,3.716364167095511,37.34146987461962,2
5.8561333695520075,54.67190162523153,32.63163378074331,134.08862176244202,2.2904633022302985,11.052585576736886,3
7.38282990465608,92.33606109927706,50.11757549732233,136.20508028705615,2.044007466586377,27.205045132767424,3
4.102813472174379,33.27610298591658,35.87226343920481,163.10290912787173,1.0333095754028714,5.926385337347025,2
7.193258999122914,44.683432687060154,35.07894444452985,78.84484445587671,2.0983656509379123,33.70029641899306,2
9.0,71.54587346031386,40.730258273523155,138.04938944065606,2.5792148788514213,27.415642811870814,2
4.455238993110784,49.64275690224533,46.951905334993256,178.8125696011058,3.5170784212753805,19.319162214473064,2
6.784559251415594,43.30792290939409,45.847714740661296,183.77548377462583,2.9448623774329445,20.820504687653433,3
5.507026733305087,61.3126580377344,34.551262266207544,57.00924119313365,2.452395801198467,10.009319287826163,2
7.138830809289553,55.45035980459186,52.706668111591036,185.32033043266122,1.632484872154876,35.07632066200653,3
6.528721666123628,70.60877571273582,36.66408773380516,137.6713043439254,3.5986902119328157,17.006492082428263,3
5.537769636433536,75.82937778130727,30.175232670869214,140.7494561250723,2.2533508694492386,30.002987690277763,3
7.2318084273066106,56.14006120010723,17.97967526848973,31.7742315072081,3.530694761987984,15.380896261233474,2
9.0,55.83465450756618,54.747677214985316,224.67855812789398,0.5,46.98402766491003,2
6.213644312409052,54.28221964572267,40.18585114291011,158.83994425056474,3.5046317444548416,40.596647383309666,3
7.579636913222273,59.78261113298575,43.16308537765772,73.42697867386465,4.120360354194358,45.737446154796466,2
4.5600905631932545,51.103412757429275,55.687043735492736,168.76007874582334,3.929296289045622,46.90529229558312,3
5.065345434772987,49.98783035355421,32.83890652603276,167.22392204235123,2.7049193619739578,18.65479140257204,2
7.2086094168205666,73.93254241654485,19.38401127288807,211.12720764664945,4.372977473136565,16.158687311350523,3
8.726174042803947,80.32232360710086,41.04671053322828,134.5155615354561,1.0905616755662288,45.26134520595679,2
7.03342002317849,19.848941107331584,44.61942328120443,150.59980344692931,2.866190902190205,23.58929027966353,2
6.030412954215269,50.20042303481138,36.057264007594405,117.85960998810461,2.7099062982589515,33.33217937779919,3
6.498937108135031,36.226111331095304,62.106063671142536,179.8974306996369,4.55459953356163,18.79318717727317,3
4.624388399045424,43.78057067027855,5.0,110.82548291624752,0.5,18.957669083206987,1
7.40677298953305,58.05032419470643,56.800849568496744,105.3504741459885,1.4128054231090506,33.29958331801676,2
7.8234995934851135,63.38876743084937,51.86730475546339,146.61012311100396,5.620876212945773,5.301262162354167,3
5.8218645007503795,47.7574711277731,46.85156166550689,88.70681143480857,0.5,32.83174974539076,2
5.794936778360748,11.733193305543942,5.0,230.10656092696172,4.221635957531251,30.244737997823577,2
6.898817344478073,30.699088388476408,59.25833174905402,246.36333638709377,1.9495092554592865,19.698455846500785,3
5.8449203959391065,67.92999340400331,24.603488340461723,127.32049572890924,3.38205390546915,25.241832460564456,3
6.400801078061266,5.0,32.3846203242492,80.67024967214174,5.1206736057890305,26.808545322894894,2
9.0,73.74854303364,37.44111002814897,166.82960194510306,3.4398103066182455,27.370276521969252,2
6.129461448881005,60.424599812890825,46.11127051977963,125.8948741015538,5.1518000651415266,31.90143057974422,3
5.962489771968166,76.32352163060044,49.591420632888244,208.73405662640158,2.261476228819798,16.850175093931554,3
5.528687291547262,46.028616262380794,53.39260831478945,110.64267022350481,2.4597356162356387,51.97725631094217,3
7.616287957249905,8.771891519541903,52.237802651177745,177.22566112142215,4.180263373271588,22.94405952000987,2
6.228163740172845,58.60725283012996,43.79390806319689,155.69967946958465,2.3408543095765024,23.693057877349947,3
5.525940442517861,75.49306248076682,46.23883988586386,116.18692446932951,3.896019571557004,44.446892688862974,3
8.481956048409518,68.49443611026842,23.638694262666302,162.00249142459708,4.775706324866524,6.709528697432788,2
8.629404506770456,36.746170330239295,28.734597897714664,193.92662792374247,4.302505341431083,44.34256247755625,2
5.599364651391943,51.73522150925294,53.431903355122486,154.34242595276984,0.6316326518301265,25.93460108060844,2
3.7001900729590758,39.343274624401516,52.558142300930214,154.86423325631293,2.487928834425717,19.698235437462348,2
8.011270534755383,33.61467071621256,50.85699124666631,106.36082860731625,3.4227487260822325,13.803476601407382,2
5.473055261359994,69.10777142359701,32.28374857515209,207.2102398952068,2.634159690555912,12.308982782680168,3
7.6859383987441525,26.04935377469676,53.65738197915544,202.22732890715918,3.1190490200873,21.581764345393108,3
3.544844273432247,32.12367138836775,22.58133321279463,129.47204056567517,3.4426061164038897,27.7798327703561,2
7.838896007448964,27.91948733055229,56.16039714793409,143.78557702585022,2.2101478189236454,31.224965394732127,2
4.683242106078828,20.195049534019066,36.08693798131165,220.71103363451635,2.709841679316204,27.660161825767187,2
7.596146178599787,52.92828583685207,65.26255609510949,93.32145894762724,1.2284479079897173,19.897921961142906,2
6.521409601754651,73.23006096963951,17.178368619017725,180.21441956793907,2.2832373196390177,38.395124769124656,3
5.069090870905033,46.302464875094685,66.45106068877783,122.06931134344359,0.7099820958512768,51.73803107487408,2
5.889445530609829,19.88504398871667,34.578035062548075,238.90389383758205,3.1747450435390365,39.94624986038396,2
7.529477685435051,66.79889079484056,34.307811159823835,153.17233643326685,2.7101666934621753,21.407089089702694,3
6.658841679672851,83.71403508069943,42.92258228478396,213.0189259070021,1.6263071819270563,30.0207873341801,3
7.376619470708726,37.07515351706811,29.543816307989548,111.93363257694358,5.67788971324327,30.66174835748411,2
9.0,40.428914665645635,38.915064980465395,87.57356588378661,2.6318827754297387,41.03676409089657,2
4.153637582433423,60.313212601667885,28.935606020937183,138.2870271399444,3.4298294161194303,21.618192326936633,2
8.925818862452935,82.43747495570102,29.484047035312194,163.1341728973418,2.0420502527318063,15.350825656301163,2
6.656533906284819,39.603317085495476,47.30328925450858,124.46341589917932,2.3784779688940496,36.33851291500895,3
5.1518239275153075,23.3510043800359,26.476517570447257,187.91537131374838,3.486620206272804,29.06377094985596,2
4.504529561391515,62.62837212544813,28.47708647491777,139.50232160947854,2.5016234252896683,13.912386867632602,2
6.21631941383445,65.98136146284598,19.408131253803866,45.92814191166971,3.0049550353324017,32.05573659014929,2
7.882475167886689,50.122629008704536,32.44103980057991,177.64059895965005,4.210236923030196,43.38255461261754,3
6.308676319433698,38.83733480685099,59.67403044585883,105.87314704264213,2.2229607307217214,18.062404614685313,3
8.766732395371022,69.88757461984093,27.310995398455475,131.9201309161741,1.00175822514317,16.089984153059106,2
4.323236464922662,60.560720090959286,29.02550102219138,227.6565601769678,0.7106035654823799,25.30063751697242,2
6.481866578230918,34.63128966193014,42.908829197223035,238.6405862060545,5.157658554580294,31.802994945395803,3
4.621409833380321,50.98189462611343,34.438053493007104,121.22532824535944,4.396720050863355,24.25086668235739,2
7.045447823937452,22.965849359507068,73.42231650024475,178.88933153159198,3.9836995007816087,36.34425275797909,3
7.83033108514595,63.717809128758404,37.562080529856146,122.38627547886776,2.345920791191981,27.60707290774513,3
5.86885730947842,44.75532861234288,45.028275193260576,135.65635105506985,1.000379983518249,35.11653670228961,2
3.5,41.28578335230526,54.15653177198983,119.71122925507237,2.5765475797557786,17.79175287103716,2
6.798422220194742,49.34251029695132,53.86866798794276,63.78281598017577,2.859968443070932,12.722783989281968,3
7.155107827600264,50.806153986604954,43.49931372336069,154.75276118668546,1.3026724998790815,21.599663078064303,2
7.106442132442546,67.8986012313112,37.583087699709985,164.40826934730833,0.7955155304270702,11.535533294716778,2
8.353673287733232,61.82181062650443,70.36042804568885,116.44991273444307,0.5,29.093244744351175,2
4.893419480526427,46.87181442414395,38.503595870286,204.38958557185543,3.9860897813157665,5.0,3
7.520324158175674,65.27336299437991,33.37464843357279,128.19598914523903,1.1919625271954786,20.472727853473657,2
8.288761268716963,58.01474507383226,30.312265175589722,118.13940875704925,3.4641154810739074,22.14042559554581,2
3.8321186239902247,41.46800727427926,14.09795195939866,176.3251559054053,2.4033002198891276,14.533635193841345,2
6.979477738878466,47.50563683527028,52.32423628355745,72.86590050137355,3.8844568631642042,21.936463111528994,3
5.743730253488493,47.03554222313758,5.0,195.33395158514028,3.5037367679535256,25.04271580700648,3
6.377715990347531,60.105226863484035,39.91415738642619,129.89154213028186,2.6520938731630705,37.69232793779235,3
7.0215147253075045,42.659547705567164,36.92709048592923,199.46430381970447,3.195680137813826,14.59264054961709,3
5.7691571538296715,42.19181627156733,73.59947788347172,214.4065262914578,2.8344958374349307,28.57337291174091,3
5.486437881257582,89.37514618867917,12.525231569295602,182.00767211785706,2.0769792740503927,30.557587788571734,2
6.551228626232037,68.79470963494208,26.483450695234644,109.40133536358444,4.470124178186794,24.78831448829709,3
4.869131091705796,34.78798671149722,37.95855311977526,87.45841467577978,2.3653893701370023,20.019583038056115,2
4.871262306672222,61.41881987884396,37.037059937962475,78.2963668332382,2.8697247806227804,13.610081354360066,2
7.519059924434755,52.36700131310354,31.75683113784933,205.14553508506555,0.8773123505137406,43.98565458684001,2
4.776808947262015,57.83102350520188,38.78518135896749,143.25999438999082,3.4110669057672194,25.72640502648461,2
7.499468751363818,52.74682649130209,21.10655906695388,120.03891027345756,2.084127604281808,21.844440101123894,2
7.193886939280927,73.79285290970472,45.35789318492409,143.39589242305541,2.2847270112631466,46.21550091542993,3
3.9112899068141047,56.912406893028916,5.177719868836327,204.0310604477084,1.7406587086733372,27.22286585995911,2
5.483653021496517,48.75822603571425,39.61345966184114,188.9369892679775,2.814005328167477,50.43497762383451,3
8.29116410457106,70.84381153966035,30.9946495860464,171.92530778544273,0.5,10.83681154435288,2
5.028251703290477,54.66570082175744,55.244319141349536,181.89430287132026,4.023535519369889,22.628611332688543,3
5.803393606535918,52.429571586581154,66.32966605949957,159.00861777484744,2.942002837981158,11.299807530969385,3
7.193091339877845,56.28045204972229,35.034217468744636,165.10565286482125,2.299071598196689,23.778767198623292,3
7.675085763923893,48.12781953267267,60.86088893712146,161.05126155755235,0.6776540013136234,23.730920761623345,2
6.122691670933256,50.18453985990938,35.25825579054384,149.99693771862232,3.6496000297199553,20.419680795816973,3
5.603734707962538,38.26610822476255,25.508102153063646,187.66869419156407,2.0485086595573865,25.5388860682257,2
8.633554792547761,34.976655607522424,66.1885544827843,168.06410531001973,4.959130305372471,20.907028770831353,2
9.0,30.028592270351208,47.8116466710101,105.9642484446521,3.7294784434946733,23.89626663521567,2
7.968287076172693,22.160334264058477,40.066577839147214,176.44371927613267,5.301983533030685,17.442077751752446,2
6.627977213847536,32.40565277230887,50.30766212647973,162.36235331896523,3.2054550611828576,39.42821474751471,3
5.28760141753861,46.514659310661486,44.11322552695251,180.57067344575495,4.616734141743233,13.912505915641058,3
5.2543333901651526,52.06235164891274,38.96170888087723,144.78965431924857,3.6941565679473256,27.123637460288492,3
7.283771157898636,44.57406873704719,20.103477590380052,190.5870156883579,2.3235278816943055,13.073548371308233,3
7.127597331333026,5.0,35.941948942581,146.92957245669214,3.280815027726202,16.650549509382074,2
8.602397889419644,81.49172715524685,49.348831351877095,186.19398433002723,1.7490206003115958,17.717353460436016,2
7.475675138804209,71.72960245780763,38.15842861469784,127.17642420247445,6.103169149461557,23.68219629076166,3
4.2453795473602725,58.915197024342575,53.534886416955786,130.63729729505238,2.8487023354418795,26.754218214130717,2
8.077921426584378,88.14981345106537,45.75482535800184,180.10262616050622,3.0393154372779763,13.932729089163114,3
5.002909059028381,30.452717650325788,26.827955228718896,133.4113303127628,3.5849787924502783,20.864935402739526,2
5.924043092071472,87.7525024125201,20.212420632518146,260.28913473740806,1.3695820135249084,15.088545870840402,3
6.8753003093775416,30.695718464989042,37.64232250104748,178.32224933895134,4.982056658499863,14.64690229995339,3
9.0,54.77475850582713,32.136573278431186,151.24617430771005,1.4620056738479232,36.335596321608854,2
9.0,24.523253497315913,45.04482714432529,190.99503883794245,1.1227941564579091,11.080146639075448,2
7.410084588704274,50.293881910887336,29.227935118559053,125.96597950117416,2.7502139809454613,25.746847013197748,2
6.225205071919418,57.72332995996777,30.769115113676843,196.15074096165088,1.0810537533156235,41.98073366275922,3
7.301758472720826,46.90619337730891,55.796045763923686,194.76176083317662,5.342910804287064,37.06158426734997,3
7.8314831388107535,64.27754888180274,42.223044529418466,212.6767028889775,2.653945095475417,29.25358535196087,3
6.018998561664213,51.98028898974515,29.459094018590605,127.95952343257113,0.5,24.837460269444694,2
9.0,39.551705432449815,40.26462713102529,88.86333729311275,3.299922777187563,32.36642062365296,2
6.845106138787103,38.663733643953215,60.683668645025236,119.49226803987258,3.8302589802810605,28.69393901568698,3
7.246614633637091,66.21827545231393,44.40680032412084,135.91847420136264,2.3678516274146735,39.22625740342574,3
7.498886378081692,36.92515940386065,48.89426214137694,233.36058004258774,0.9661604613581867,23.66281076478401,2
7.132379915921684,68.30805940969874,28.716481952088362,259.75060145638747,2.845039475000253,35.011016945954395,3
7.758410750704418,74.45423585663862,55.39629065701901,167.2331152321991,2.2774417991597335,21.742741462502895,3
5.574120220179616,16.625722753077397,74.77153390695702,150.46953040092995,1.5366421202114458,43.93496320717051,2
5.662547369080954,72.6585277460207,28.127985362307196,132.50460847628943,1.4042623948578743,23.38153584977878,2
4.849768650542458,91.20845396889398,22.271590384420158,191.23451751054336,3.234353623406077,8.810650878119809,2
7.159251845930339,55.04007522403857,42.633133657527225,259.4290695995759,4.354532700584484,25.777051336958912,3
7.668404755268171,61.981683705896444,53.13257574766615,239.29254455941359,3.6923157569956455,32.64601806356636,3
7.186659299227829,70.74010648738317,38.629154919246076,206.89883063029168,0.5,41.28681235499943,3
9.0,44.490353696419554,24.20190405936006,206.16512655569284,3.9232170068339736,15.038485241721464,2
6.49160597175643,53.64560447075739,38.37123757329415,191.61549431270572,4.158711018040574,7.555777207804596,3
7.503112483388769,23.716009407537815,48.97138409166182,147.63546771457325,5.09054512627165,29.967131799506028,2
4.862448685791028,52.77270057060902,33.89452259580911,113.1725888729602,1.575168365862158,29.65770060269008,2
5.919350446288399,59.96223991289083,49.10882526632383,148.95929553360293,2.915096040953059,10.889280734597373,3
7.5433066363486665,60.32326045852939,57.470661778598654,171.11698010656767,3.8512863754557483,21.70402322049989,3
7.773653166114716,71.3084944719516,43.603459386556715,77.31830506408525,2.2086694527905832,22.15246620725456,2
6.059049578503727,34.50395643728942,39.58078343082561,142.35246353168955,3.8278647755199424,33.23120025946473,3
6.392601122212899,39.347864866530074,52.44015887839423,108.70338227043632,2.9639605106731386,20.862943641283273,3
4.223189379978786,87.9101469198271,27.158487588441545,200.69205805340707,1.7303177750166805,20.64489100124186,2
5.964456198790086,46.993432524725804,25.67935249460616,122.51457989216446,1.8581366419641805,26.146264176986232,2
7.835574745279679,54.00067574624656,36.00141572606522,166.41101659904936,4.873934034412285,11.218887426226015,3
7.36280752415985,48.65979916549558,32.621808177782995,114.99898535322117,1.5053720064049922,44.00781940110599,2
7.250998582071815,33.56638347389955,27.94987037064287,229.88496629804578,1.2479995737455793,34.340681999161205,2
6.57466053077144,82.47058421783612,67.45702712498161,64.96215317327072,3.516568297097714,17.982019839027462,3
6.510594737942265,39.445971761587884,72.57989814241438,173.79201884219833,2.9541408234862585,13.82361403584987,3
5.5095182907898295,27.4542895258614,34.69442436616627,86.13711657800337,1.0325679338598923,14.598406058515714,2
7.548242630303802,40.98519445394497,41.37578424622548,124.53336747575746,2.220869738865713,30.867414790267954,2
7.131459416584085,9.965879965489329,37.18235769904314,160.30933518422523,1.77482778260917,14.89619494786929,2
7.238028271989199,36.97425070033636,56.61248860177234,162.76785156584188,2.037498680629646,22.506727433105265,3
5.710947735998629,30.637428042953466,59.58468342760071,161.46334205477064,6.78745559520997,8.091775071547282,3
3.5,62.348572618546484,13.341043019655299,157.58745704877504,2.546130142988957,30.412662687094098,2
8.145729067630544,36.53171520880255,47.14016200098438,117.90778690632787,1.6781235837417774,30.78749479739339,1
5.781743815987394,67.75607871157698,20.39767988258277,141.79733384555945,6.032681236199474,23.15431125372122,3
5.205836353935319,77.96967986138642,66.37408236812917,151.58170080894575,4.332382197288593,26.935579039893565,3
7.54021836787099,65.62350672575198,46.60372045315597,159.76801983794414,4.087238340878114,32.95741008799593,3
5.911981040121305,45.69223422279847,27.649756924560457,146.7159763596506,1.75035855854795,26.66676695056023,2
8.089904576069934,52.82228993411186,36.3801791809322,186.47952104922274,4.787225036529759,32.808530077866514,3
7.4255089243650465,19.50030119711881,35.665341126007625,154.6693485075471,4.2244118823492585,13.320233693062715,2
7.5253539848007165,47.32441254957521,47.87669414328724,160.06629838108068,3.220634372757022,28.786942373369197,2
4.451066433199198,32.791230638663336,55.628689062662176,130.86738258442415,0.5,26.934513827326374,2
8.3179159780796,63.88652762298598,22.77689062042435,97.37790366927888,2.970119996283258,37.01984942674995,2
6.891875796850784,101.45504778488947,67.58131751368171,157.70144653662354,5.594896071248067,25.303728558733205,4
5.9460842911306955,59.99643271947619,64.08535161731265,210.37230219814688,3.330574229613061,24.026391721838635,3
6.715082701013377,10.177197020906668,26.87014648613432,172.19306153652064,2.4353002093772056,19.428673086001844,2
3.83564715065252,42.77539614171254,41.09202691543464,109.12530293926042,2.657313985366996,39.912286454833776,2
7.112979217221007,52.44981850748909,65.66212816171475,190.7370012909302,2.761121539779275,5.0,3
4.955942737726893,51.747148505205274,58.49377880016225,133.24414661030215,1.800578679334592,30.111705243542428,2
4.470994571234698,35.38373748782494,34.94885454928156,185.73269902401438,2.9381327559557775,24.796175564197725,2
4.216461220673163,54.90583485273871,52.215097218518096,131.56020675519196,5.1641017943183245,23.16387777617206,3
8.169032562484889,25.149983261612256,84.95797437578707,167.6653219913685,4.994182318366469,21.706775608930617,2
5.556104909460817,31.10182554629866,41.57739972776818,124.07513316878266,1.868496134513904,24.44144995857162,2
8.800591564874749,62.915952832074225,30.51027622839971,125.34737517648328,4.913846076826041,29.785462707157706,3
5.696297805421553,29.686735382403484,42.58629778137099,71.68673164521302,4.141711968979125,17.049608637511973,2
3.93896306361058,60.764232109845146,43.69828143245977,175.60374095805798,3.950007806417493,26.35027227833246,3
4.825213340077012,22.61072450687884,32.13194891499853,168.50848174101685,3.647867822460201,28.507608733261307,2
8.353717430010407,85.29651767583472,46.62437601721325,171.3221358130471,1.604435431830817,15.462491706850086,2
6.266152733094999,34.51460155191891,21.183984104087482,163.76652805659054,2.3916327225643266,30.038716203529955,2
5.677569055264098,45.52666856393112,30.016991994869812,111.88749833383484,4.249377604681989,28.589227399291197,3
6.740027338779181,56.612265221808116,51.373671642321966,198.294963224679,1.1896944841875787,17.01034995077892,3
7.252674104251318,38.693000949978114,13.67693722686623,199.6389650046135,1.438837341906186,13.119191901694542,2
8.17609822385369,52.86811922142609,53.547513879921645,110.58812674147086,3.4592961371488586,16.87887122542532,2
8.67274884483939,61.507134490402514,9.820279514414455,176.6061995674979,1.8157010090113452,26.353768970318697,2
5.960347031316371,69.2122646500697,14.030131316855275,193.74955926839885,4.23584153055115,24.240684576465288,3
4.510928470876943,65.82994871945914,32.51531885416172,126.49508633281393,1.868673065615182,38.93923413916288,2
5.879802258315086,46.56379072394652,44.30295764229025,135.1982155377824,3.3665702172947203,21.32870954515756,3
6.8904207598743294,47.067364519127956,59.87895404691083,176.7056704105893,3.4921073469760966,16.109012169694545,3
5.054361610684084,96.98217116050066,40.86434144739393,74.48351152928494,2.2768579831537847,31.570206291549404,2
5.064273627657435,68.99778136498584,36.30169588636015,95.5741389233,2.64053005551811,15.19974879525332,2
7.0156818223248285,31.563526873595727,48.693718719772065,100.51124960652191,1.9799827799400675,17.0916537815071,2
6.4270214726443236,51.99976327531104,26.936517692980985,60.18418175872523,2.9720929415216455,17.22254896333679,2
6.54919549311738,43.29713722443615,42.091227390196096,204.24698870937402,1.5574691398681102,5.0,3
5.3622569979498955,47.293315321537804,22.0083061306696,50.593409290416645,2.664738372754412,30.66866664846972,2
6.154398928691349,25.41009684583824,41.2388577531312,167.1555331715683,4.122736511692824,34.39980994953558,3
5.1136502835975435,41.76153531228094,38.05245511225895,190.584169737761,1.2948733814089937,34.16686597326784,2
7.83529761668718,86.23111546387827,27.935981178258743,135.32020227933663,2.2693958820331592,43.85428366853145,2
8.052874002085629,61.58152601751006,42.47560954806609,116.58161876343775,3.7773936149774237,40.07030592649069,2
3.7307182066428592,5.0,42.37824479739464,161.64212253683195,0.5,21.660333332415206,1
5.1057337097113855,74.33446984995894,57.63181018508702,150.09165002972406,5.783376054599006,36.09240367925359,3
4.255206117364882,71.79259045818323,15.915498954058187,200.17524312082077,4.5678868710464,24.023596867165683,3
5.524964098389653,42.814293913871666,38.85926638454436,20.0,0.6924966296440198,20.740302337807833,2
6.374843045314459,64.3452708756643,28.59606400444781,104.06462619259361,0.5,17.444222535006993,2
4.325532170452204,32.81201578365599,53.04643087264438,178.07884419580276,3.0444263810010925,22.323760613642666,2
5.1172102803120305,40.59488567467285,51.30868097788199,152.522372138723,1.3196337061468268,28.28972249810379,2
4.994063941877752,79.97092721339708,47.61819767602932,187.60170795984334,4.442239935297618,40.811379913823316,3
6.810900994098416,44.56539920260583,29.442501128958053,163.10099881198312,3.591003243197532,32.286450783853056,3
6.604016505554376,12.605366760900182,53.282058744101434,143.26314683793436,3.1850685245059056,17.286916649176177,3
5.41739366999412,48.73393554437327,17.048036068850024,134.8855778453248,2.1446154224645966,14.558714594629054,2
6.765231308209097,48.42823214171286,13.970339446108426,266.25275079377934,5.400011459684029,30.68544057130348,3
5.679979873119102,73.9673713874692,20.86193500147114,226.74731370157556,4.130178151082528,34.02374362768014,3
6.09251733451092,50.2867284435152,39.49787784509641,174.77525490476108,3.9047487135309686,37.274760735542905,3
9.0,41.56835377119415,50.12746601482441,153.92319467242072,4.800083946941164,22.31248869607069,3
8.510691577685522,70.90112290462412,5.0,176.9066274676717,1.471708704760696,29.69502857798073,2
4.550628144608604,52.4158046500222,59.8411424781968,191.3417358936454,4.927106803558636,33.558266557769144,3
7.744598626818762,34.99954636868566,41.96668294267651,170.94133428522545,2.6030875554560438,11.489407503875334,2
7.717094831737388,73.09995121083236,16.48341478615337,112.4309938306721,3.5020945449036747,27.777715181630025,2
4.777605066871073,53.873235290335984,41.51420455434371,239.22553838622554,2.7653054854921,34.0434727486643,2
7.728166465632291,50.058519333588755,56.3878812201763,162.31041138770095,0.5,30.103914454092845,2
8.80689787761883,53.55816782823309,48.99161522959388,250.6965015194907,4.436022391458371,24.193533316422148,3
4.816182790633379,28.586632571668062,56.48609593830949,159.3573743438667,0.5,51.09945167323687,2
5.123745768478605,39.44692447643325,19.506300559043336,137.7173323937233,1.5502190999811374,44.305186675464185,2
8.026492200265254,50.071652036655664,33.78992147292393,219.20700620232319,2.320763054357818,25.09395744676309,2
6.9072429662384724,46.1067260995064,26.12961654214702,165.05934790388835,0.5,23.10273205982283,2
7.327214412859285,75.4485676563319,65.76370307566478,156.67113172546448,1.349066065794438,32.002786482026316,3
7.010883824600745,54.34811705454007,49.59044265229945,89.98178971787029,3.367230136176047,24.42471169224383,2
7.086043881392216,67.09807845272805,82.7051438343646,183.0108902567914,2.4800232126966946,37.71542408612589,3
4.510291807533376,50.18790709151699,32.98585699874159,125.33448085220458,2.603770689412274,12.327465873818673,2
8.070976559932173,71.12576967492245,29.12988682476543,127.6104395463013,1.627490323517115,22.59300352122814,2
8.254384988641661,57.95055513146308,37.85760042107274,125.47255772974142,3.0692719856368345,31.852460373710546,2
6.155913883897958,50.2684097077692,60.67535832133824,171.95169173476512,2.512127962205102,35.037482481462476,3
6.434784575279206,49.73433822081961,34.50820465936979,73.2311863212155,0.5385518984724493,10.190822942747355,2
4.203338746166416,30.911227474180734,41.86656396860416,139.45773286370965,2.698621995643608,15.459370778654527,2
7.271382134026752,60.138314402726216,41.450360543302295,199.0139495554689,1.137132259622789,8.237405790042999,3
7.358086162571216,49.19590530927242,40.592451418032844,87.71655653299962,4.346545667913848,16.26821552690074,3
6.406713474501034,39.96016079637591,30.21402309306283,158.64394804672926,2.4127398979520933,12.227855533667098,3
8.186530039805755,72.12923541624143,37.940633981344504,118.43002898645827,6.782286646096179,30.391310979629964,2
5.998884153530089,24.995679482103977,37.29846097972963,129.81534402671832,4.4503538047821785,27.290045522906482,3
7.3469088888404,41.55008209135132,39.886530104880265,232.75761301949535,2.804596237069247,23.461708873857418,3
4.970503491961827,70.55437497559066,54.15275227229063,67.47554082274958,3.869218249835878,25.26094801463353,2
6.464671773688643,56.31045881840507,66.40942051936739,188.2815169085808,0.5,36.942395689071446,3
6.238468613145746,49.042821446944856,27.393478559954396,126.10358656113937,4.443569110364633,14.577309136773767,3
6.837961883061412,55.02007086300293,34.12009562818427,123.61680074271663,1.7695642542637617,5.697984143866599,3
5.945709606749962,53.58828342097683,27.6248215239072,94.42188287558662,3.1345995555665302,32.10511880513029,2
6.302791106492498,19.666749074281572,42.80652305833409,187.6949818636818,1.9085662307249824,21.090362955397303,2
7.73907075716226,43.01476229304077,31.924758137335346,140.4297691857992,2.0680224371349567,14.815648066366393,2
5.844853644142674,82.33043309027498,43.59695250612983,134.1165293102674,2.728301865030862,30.54011312156398,3
4.090134348891981,36.81351730445665,56.5544036566718,155.49184646020373,3.1152491625099272,5.323537949183333,2
9.0,43.63397971791332,5.0,141.48564371290996,2.9596261788160616,16.424115678481158,2
8.57218111803573,39.16758473381625,47.376698344010364,49.965606012323775,2.9970230637929576,5.0,1
4.5616059573415715,48.25969553363725,33.097194266531815,125.45879085113208,0.5614759387778352,27.590952031485266,2
7.534561707867791,38.33754337351404,46.906334019765836,194.77204454741621,6.498074406396164,40.73690171621808,3
5.745537844172985,59.734830043161196,26.552958433746994,74.66917679438458,3.3479704936020154,19.26821323737772,2
6.89523082299659,53.94626824580533,57.94391482460313,95.50310500718228,3.656351018455698,17.08455786880316,3
6.9413361935202404,65.47095230214036,53.699209270604264,128.66043023007373,2.4900133338074086,42.84553726544186,3
6.148388299525517,28.98117667622079,48.525282228139645,113.7188290681429,1.6887679581635675,31.274352503185867,2
5.324351501620406,43.193190342341936,51.898385767151474,148.6057258929196,3.226553596455262,48.8043916047016,3
5.464188421525611,45.4855473677573,28.815692992417397,95.34616241606295,3.433915365961541,26.608027430273783,2
5.1257121267781365,59.1129382017719,30.705643679660653,130.60727380953136,4.952713316182099,27.266371932341414,3
5.252266687654333,34.13557605585931,51.286543012262186,147.6002734200333,6.116426525272196,39.448295108561844,3
6.399232564925967,68.31307608516688,28.48406285847082,182.44702081039856,5.215533605985323,23.51371836528874,3
5.426360016333872,73.72831181035218,61.6845256998713,212.2394693049798,0.5,27.471960179147494,3
7.52307809856893,30.222553047288322,35.14613393078453,136.922642307328,2.3093727887853106,5.0,2
8.73086923300389,40.182542102128686,47.52841584790933,244.40301206229128,3.5037256799315513,42.37703823189624,3
5.629920137944936,39.361369834158154,71.48874278882636,140.8047709727738,2.3995715213813495,28.908741481376858,3
6.859106750803066,102.64772409354997,29.406649688978852,191.44375741282653,2.934259774881396,23.92623900328804,3
7.2495276654544005,41.401997895842264,41.031426262671744,246.57538673633894,0.5,34.07345007878811,2
7.208003406378912,83.5525088431227,55.81274746955961,156.96542046179675,4.371319501474957,13.185389132849501,3
6.613932901874131,24.667360097867807,54.26916083314797,81.32366892112323,0.5,19.486214419353725,2
7.614023627539583,30.206980676712732,35.08277034640963,154.54519286038155,0.6412657137790001,30.533355732949758,2
7.2233734290209854,36.26790936303598,32.24904343717219,119.41785558975447,1.4779938235625312,25.440261614115236,2
4.643506366509053,33.08621377106955,36.502961011824226,136.2783986513774,2.853699069346801,29.466315318407986,2
7.803734096583909,44.64202531683003,61.71786649227046,249.24884412476075,0.5659119672317114,27.493037841742634,2
7.830936255900113,35.82443594557004,35.813412154600805,88.86182883880622,1.4094116489027544,31.305432162630154,2
5.355070843732127,33.61316814530853,41.17173538725198,165.02334111529294,4.7234175634643165,11.791976382104556,2
6.556906753171403,73.16943992946655,33.598202936148624,106.11393598391378,2.8314594704618634,37.78144802172156,3
7.524993489216604,74.4758724502633,50.583228471939805,134.61710293995426,3.650320468047093,20.16113745880772,3
6.186029270630957,68.98592996750631,42.33287556375485,187.24211676022418,1.1456358236253832,25.57732462515475,3
8.109467071649018,60.47997911168656,24.948492838626564,165.90819717365113,2.9192459631641556,18.99224224473836,2
9.0,51.854861315591045,25.467638289475083,138.74838655192053,2.796200090532947,22.125947792470388,2
5.321020951047526,40.05938618668183,10.020916501667397,117.50998373676859,1.8070942936404157,27.290939360620786,1
4.428433095269337,30.93684990489816,27.530178863115758,165.8039096076807,2.923384343823212,32.351687140565716,2
6.955727893407314,57.25991406865375,51.90918705448259,235.38433585766853,0.5,34.012310861943774,3
7.582343757689215,26.527392149064042,59.85640807018402,104.93240286881881,3.657913116504197,29.325112858277173,2
6.153700439232846,30.121581416492134,50.28337544825776,245.58319427288865,2.4007609236702856,19.042048893122452,3
8.679890994981552,73.0582651240962,48.319483009610224,209.97487253625758,2.6141709122647834,28.694464476215895,3
4.492091300415127,88.01298083444175,38.10210925707025,218.46766837888836,4.277648703175175,27.402893465977268,3
7.539377934547417,57.865902763329615,51.6237183237098,165.42161904648006,3.648050216187014,25.590651152485098,3
5.59120876886166,72.12914304589289,44.29417334622826,208.55648877549473,2.522491216408332,30.342233059567562,3
9.0,45.08303365112033,67.06673457980688,99.5584358774687,1.3251209563319502,12.242424299171537,2
9.0,23.246516278246318,38.523320287348774,116.59780460757443,4.9929921071813865,5.0,2
5.350015118324978,62.24343237237168,60.14512125604197,188.29069069601962,0.9898169971084716,36.899992214886126,3
5.67566429613713,61.38578646540128,53.111711227267904,164.7922527611908,3.944050353901727,23.68626209883778,3
7.7893818304697025,51.43337107760488,51.03164929306238,142.58103707511154,0.6039090836904517,29.159285087839738,2
5.9193040253157285,45.15249083789777,9.827630118072697,24.869555469628907,4.376809954717688,16.324343330745506,2
6.431883173101642,69.24421157162196,53.93784342321566,128.22629759809143,4.5159012793253535,37.622242120021326,4
6.538082630813615,30.285339331450512,38.0873803163627,91.29731098508672,0.5,28.500792172156583,2
3.6204902657035154,34.524388422186846,33.341102583476626,174.6767155655751,3.674002579031902,23.204824025472085,2
6.4792433808586445,29.83786986479144,17.7563043823313,140.44157357163823,3.549755471624782,27.857917163572868,3
5.465408338903739,51.699459252716544,39.916192990477256,118.58497279167477,4.0545739570290396,7.582993943555866,2
5.760315766400342,28.242139757814833,40.50327395227364,282.1455241312152,3.547860412527478,28.731289973656974,3
8.66544800520322,36.31515638969513,20.45497117277793,201.90872383471174,1.5565264608146663,39.86827198315742,2
4.615239658581116,35.88488875545604,17.90079740659462,202.79360706780295,2.6741505487951938,28.152792818972344,2
7.7198077801219664,44.787833353320835,47.299292201921666,260.11075723410863,5.496969804650954,26.861430095173677,3
6.081555604502287,20.252511071920463,53.07557696592065,190.10958913415547,1.3382797860756401,21.829687643124135,3
6.0803597472562485,51.74409984074534,42.854243648836324,111.45229952635671,3.4842869375267584,35.82761614995326,3
7.685557844077567,74.94607301329356,57.26251974526544,105.60518241541318,4.726880810932576,37.310093105806416,3
7.0100769418533355,52.70982744633524,38.704225234727524,198.24513793771175,1.5138707867090324,20.68055965098278,3
7.355919495829296,80.82642289602641,39.18473088399696,47.03228601124117,0.8748200293262802,28.586468580397828,2
7.952276990799292,76.6799637175385,26.244579568888145,146.1110184495217,1.1008464995233131,27.322144364207183,2
6.003037425225016,65.55470094495709,16.59637033669424,41.4437811221776,3.5924570423645994,29.017711724569505,3
5.581644898238375,51.49371685273771,67.81993200789377,154.94217541947532,1.0880943405124588,17.272746943872974,3
4.872274210163303,50.45000776490879,56.9694857537462,192.70351253559767,2.7969599390518853,36.42776425133344,3
5.261884205031567,65.2759954472652,19.112311492922824,163.97077673018163,5.05690709445483,30.652184478220725,3
9.0,42.16658780991935,42.336278617469205,196.9054679485299,2.9230378133870536,37.02405356974703,2
8.36701937110518,12.349584970650724,38.499305333445,248.24134708299573,1.8332808177587945,13.846561291912963,2
4.473388450687968,59.8400810820592,35.89011290255435,142.82307813689957,3.1881145090700787,14.43413425573467,2
4.516313064884645,27.378627401300577,33.86473228277591,290.38253916394405,2.896990718897512,45.59394989459433,2
7.222799092577738,30.757175436192306,45.71903720451968,160.63349780850774,3.6789864582048635,36.47129290271528,3
7.320897196066951,50.00447895991576,52.272632882072116,197.45825313451797,5.428716830728279,16.849123467422196,3
7.3233257529760465,48.097502448930605,46.03586753542308,119.44686427174662,3.5951532882554638,33.68152611213691,3
6.117566309669453,21.758487873687393,38.19222438431209,230.9656989815341,6.050673767648856,20.34185777524619,3
6.311818609995649,53.309831282662806,37.6415992466332,202.08550992713145,3.682952855216313,8.012904741030859,3
6.9918192862390365,69.32279321722098,54.05221475384,223.5725651283999,1.849003060937934,5.0,3
6.628839509439995,27.433168594684343,46.95167407174093,152.72522108869774,6.4324544913429005,24.78011164084646,3
3.5,75.44966661697518,41.0903419455315,87.22912178083553,2.8127729739821747,40.60801156830092,2
6.1553005541372094,18.79658349740112,39.46148053599838,173.0198719812703,1.4176616521634924,40.21388096285819,2
5.22289034860953,92.34648288741907,45.17905764418433,65.14900933382421,6.485592995444902,37.60144954968563,2
6.762817128362768,41.774791390330336,32.97476967160826,133.1907098189024,1.900324670729281,33.3001110654931,3
9.0,52.912339936537826,52.323082259623156,159.55402183161252,1.841415851946157,28.173646604121426,2
7.051222498211457,12.159328550286602,23.862121572432,268.86121462553837,2.172794237933387,36.51964089345597,2
6.029705470741403,48.75727867061383,33.82815235350277,165.92743059709704,3.2469396199833076,5.0,3
7.882702252965879,54.569643554363836,49.166591431690364,156.97687345415196,4.3962920961733305,34.89787918903883,3
7.224031830813819,48.27675791801011,23.0067577996859,146.84837879823536,0.5,13.78994841299441,2
7.130141735677762,38.738378458952525,16.404871860257494,82.89545476174912,4.389750727967253,15.872769475500686,2
7.410275889823507,31.068709629443703,40.946165131438605,154.29129200065037,2.1681980965055536,31.95852159553242,2
9.0,72.61053239074622,14.55312768330294,155.14413380683862,2.3806583352598,34.28730686847075,2
4.803667347011126,50.616142699959,20.51794668922208,101.56957522731415,5.572787716381976,18.902915744131885,2
7.210448115217182,80.81504753033545,51.348911777596484,90.66271927858176,3.3199622398035,31.46192960752218,3
5.110428305027693,39.47035290410154,36.928221135913965,125.92146586161334,3.6715520217976523,30.629319349362405,2
7.333268969513372,41.30410613255566,59.282304245634776,153.24664892863467,2.9271598277706556,21.89352730554308,3
5.121970232770859,66.31188489192326,21.927784885938173,127.1222909309271,4.145463875823504,26.538508604046974,3
5.873949779592373,17.54050075992872,38.590714515515735,97.45622751742394,5.427015859432316,45.80884048023492,2
6.0573651286431405,25.73073279694154,45.99376829811639,164.46361260021527,0.5,22.184319719477735,2
7.963725079017063,71.94969942706328,22.44227604806637,176.94334120846145,4.626926986104364,22.529080100731093,3
7.87768166591362,26.561321415536106,55.47642856749437,156.06488546111174,5.320549595813029,26.500071428855392,3
4.631423935330423,13.618979693949044,47.66018324749058,121.85086430615334,3.7515948718508887,23.170466038095455,2
6.582401166499773,87.37054376146182,15.86069369968849,179.74205106161293,1.9839563659427264,32.905023980843985,3
5.435630217876241,22.12364704251589,39.43387305687099,140.47313551365096,1.271591328149734,39.692439594190574,2
4.612242633986998,53.68238796656339,45.78935104387949,90.54581463274252,6.542768530369893,22.53331260867104,2
6.174474424363444,51.38170385448542,31.149149897079138,201.81221775006992,1.6425244700657036,16.432148555684936,3
6.037275817316271,5.0,17.80202641736779,167.6754009633245,5.276462356584378,44.74907943011005,2
9.0,44.65365953664382,44.17688184171115,144.03548471521304,3.5857669867136575,26.198094762538815,2
7.149439738041044,58.968264989582195,73.16864425423842,71.44738975826374,6.0687462090222315,7.954722575986679,3
4.433573748868644,57.08618763037721,34.195238512634646,112.75698604323941,2.5226097535352014,43.622741276968995,2
5.652838993743586,68.07041367607003,63.53861771927063,250.92828561914635,0.5886286145746684,36.26187665654568,3
8.032074943144098,42.25017370189132,28.715667673577975,74.58289690596514,3.0032562707939134,41.01342522711782,1
9.0,64.25008884184321,43.23318452514928,137.43253601791537,0.7703285431493749,39.34247524055914,2
4.121025031643063,36.213418638398565,51.572837963141794,149.183211882319,7.015590796811395,51.44988062127376,2
3.6801134222914325,21.7906516717445,39.873795010429525,166.02383947057774,3.9442473361213133,14.630632976421829,2
9.0,24.045432486375347,35.533965266781536,75.1414532086793,4.167195674031687,17.04351925295336,2
7.0844212660563555,20.757790896091706,50.891912820255605,158.70881282023,4.168155424539082,20.077363199105484,3
5.19756090218545,70.19171935782387,68.3718267290383,65.69472687641603,1.9596154790650098,19.791537935543484,2
7.301943629183653,19.70852981882887,44.50880386958697,154.87143980977558,2.8019542612244175,26.22951182063195,2
3.5,55.480776812986065,32.25909735204479,117.38010404952088,3.1655469470396573,20.10101296341415,2
6.505063259895741,44.68151611855134,37.153726641104754,106.70653665410948,5.915832695129184,13.104493978359057,3
6.991731759264628,47.94702853098737,77.79561468468061,191.74085793337937,1.2643623021265014,16.25562476539163,3
7.886405209306744,77.27214590399399,42.023606745071916,138.21968783180589,1.9071241653678008,22.06246915204709,2
4.979156071561194,41.23145265569453,31.08379452133041,173.68554024537858,2.4556033406609767,36.44300450740747,2
6.628530742105038,62.23203123099367,22.8239812527619,175.34134556889086,1.9895300113340384,19.246898073478985,3
5.111863060910619,50.751267027622234,12.611483588310914,213.49767444775512,0.8116103182236736,33.09967819055567,2
6.883075633511476,46.959621887346046,45.45376410769285,89.58711291894876,0.5,11.787210762613254,2
5.156980516455464,95.99938248772946,49.81962989236756,195.95078312598784,0.5,5.0,2
5.887848741259669,21.173165085692606,34.0495573005219,150.82308112190236,4.648544898872235,23.66824902677526,3
5.006276907814657,75.7826367087489,39.77544372953569,131.09377098152032,2.9876716485311694,18.899912685381604,3
7.476704362735486,63.12813130979944,22.443074360670643,92.53747404048588,4.253308374381104,16.18262802595067,3
7.787676674984998,40.40950010736432,41.99392697241252,180.3295430771431,2.126229606137457,15.011497285719557,3
6.14806914506388,82.58637034883225,47.22242980850687,103.88877393330574,2.8524965096113597,17.924848528170056,3
6.5573569924400426,13.037797752229267,31.972535992485433,175.89032934885716,5.419736251438326,15.126500684892697,3
4.327112878049684,39.56466685401857,65.3567900437876,246.39153864835663,5.329083908486125,16.03263951700825,3
6.0504850279898195,25.830355914618476,27.443405098796326,198.9988520179664,4.412958198888411,11.411526484116763,3
6.424693074437383,58.241669297429205,44.25214906028474,219.57171625753244,3.3036266809356283,5.0,3
9.0,27.73871797625645,52.72475829556908,114.04976113874841,3.776954141323861,5.0,2
4.832049461338754,58.661278934826385,38.84065749775926,188.13665230659976,3.5559574479680887,49.61089131836107,3
8.696265858128656,46.27127168356892,37.17284771658263,92.78925224318047,2.749609809518823,24.367532088660436,2
7.995288160198712,40.41292114687831,18.567007743255065,138.3258548712693,2.393445285839403,40.245424463041864,2
6.920954606735204,57.77294492066621,60.36012243574425,237.063602810956,4.6835519179516885,23.22408871377411,4
9.0,44.62756752123872,37.45160197498606,119.60788967867579,1.0565586766557966,23.55723441553569,2
7.058158208910294,28.227303138819227,48.06048137402237,205.56780920865467,5.231037415872963,28.066706241324425,3
7.083738793501893,106.02745979269957,50.09080731790211,200.78233664998575,2.5868357898782786,31.400706481446907,3
6.420319020473682,40.256656339417106,30.575522619733704,203.7370625110419,1.028919742953476,12.533305470799519,3
8.335353323627942,5.647818396959707,37.037070935631775,86.64990119393636,2.1817427134550815,21.202251529017808,1
8.144703850716326,33.15802620557223,60.01723526115256,176.26004830078398,1.6883881693630893,28.047817614862264,2
5.561484068755681,24.654466232545396,23.242035013893325,142.17007170415684,2.136488471844225,5.664742608800083,2
4.521129208101849,66.52291232081032,71.91877112135884,204.42484287645559,2.1090697219692527,37.973383209029556,3
6.1955290439065145,56.43305319183172,28.82690822085589,67.24998001365773,2.0494578429371657,35.627574177426126,2
5.2999421534035305,57.97425603580688,22.307238150392322,168.38939445328015,2.5380643977902473,5.0,2
6.404713138076968,42.59955068325512,41.98463531032802,161.31876014200336,2.902840001908391,16.209995248382043,3
8.356157202026209,44.41299505886157,73.12522396509806,50.494163137553244,4.145789452771451,26.048497415938282,2
5.814047517369815,42.58137792784663,11.335510966116924,105.72898219525115,2.63257105201935,33.418423100043256,2
6.435764928032638,48.37613631729061,37.88476422265462,58.492389344157445,3.4890312099413916,40.2612719620729,2
6.587034102212593,66.7066687072967,47.143975258848336,113.68223490385466,3.0112969680728066,18.626586267851465,3
7.772646323307927,56.72150825010693,40.50474937803297,177.4608542332574,3.810871155739439,48.38170675807456,3
3.5,60.00225659241733,45.728825050045145,159.76827878243037,3.07001300948379,24.512406755344163,2
5.589949557852055,59.991178164984056,29.22950376741589,158.47000402967745,2.029767337024545,22.75872097759002,2
6.816925538419209,67.68884874763475,31.004172311029286,98.01259455343087,1.6227005210391205,30.617247539155873,3
8.300118434640291,55.76300083080509,37.773660292612,206.0225245755266,3.315344397756322,28.107905166967658,2
5.762146328740692,57.17696145357837,23.051678681458732,149.059016081933,4.9100677348509585,27.54883874893189,3
3.685170940937189,73.77612482386313,39.329703978397156,151.68519061287543,2.656313059485398,44.9616114160893,2
7.429567168949204,36.69908163993776,34.16882059492748,197.01997844730653,1.9487045192576962,27.47370608575572,2
5.546956416761556,32.885148400969854,32.94932222267697,100.43271261537308,2.615743987092646,15.157257199611816,2
4.715500011364458,26.28156801626288,44.807596188979566,161.42738849359614,2.1579082336462667,16.602451143495866,2
5.563481915430164,53.658291272405116,12.690107602010443,171.17312458007098,1.9995292213321285,39.72624682026792,2
6.223211963516226,12.925355175617533,36.563648449252696,122.7215924853076,0.8346081277496227,31.83829153937107,2
5.59288300319268,59.24308192119355,74.76030648422292,182.6186690379888,2.633387570607167,9.436510388593932,3
3.5,47.81613810998895,23.708354705115624,173.85615853147834,3.353665730765081,8.944747696935611,2
7.8455992953306986,72.69279399642113,59.2825074472662,144.94116438612875,1.377143764202922,25.25054551132904,3
8.412312561918084,36.56165379070019,40.81984181369048,143.39245549325693,1.6824903745982192,31.164883747881817,2
7.477282987009259,45.93363429164987,30.95563286677873,176.17738289356527,1.5779070082676805,18.21952356553602,2
4.793471494362775,72.44406666586738,20.1903751070529,189.42355200065953,0.9199830494306975,8.198297507096392,2
6.197762699078723,77.66271293556305,42.09522947927848,153.14499587033202,1.5666118445410995,13.748282650876922,3
6.490218027155813,36.3969526849636,61.80095658722014,206.00947302034234,2.7032153567610617,41.45751097307712,3
7.398191584342865,53.6356246517432,34.161832822048545,182.92629812152916,0.9869132909327418,29.96970012032584,2
7.502510733077122,55.88837955368096,38.7855786289484,60.576802513659246,2.7936862988027458,35.00082063378416,2
5.398739301832256,57.473068112422965,55.155562752854976,79.75516512289288,1.9447998113093776,36.64993317635535,2
6.6229933346203405,44.748486813687556,45.113061870194215,209.11176095108306,1.6065269117695575,18.73993792245645,3
7.185920606922862,75.6276679624727,16.41586330413132,137.66134342645512,3.5658132245596987,21.269649997130696,3
8.68373348322015,12.205930327569092,41.48330823782776,158.2087911398737,2.0398115920291464,23.319946144117843,2
7.556759809737085,41.57739530397832,62.683523659983976,206.96452588295725,2.294979200898525,29.16684835748071,3
7.683585031063279,58.95861465545894,39.44588220298753,149.67943913140795,4.947010215000326,35.89504843429427,3
6.625739941894041,59.144496238986875,5.0,151.86338047946745,1.619916549387043,43.698814523881474,2
8.615688717805256,77.05518061229526,45.823224873866096,106.56353836041356,5.348811821388546,33.143021697351976,2
7.114644193939246,73.96450786402573,37.02315340683946,168.49972536137602,2.478313306421009,33.21585841680038,3
5.208368134739644,44.28916749385552,12.563583791181749,179.32561094834116,1.2957980506920523,44.26630886661083,2
8.605054955187786,75.9974248706121,14.811878649193236,121.10590814985719,2.169077488406975,22.949412375612955,2
7.546854908808541,35.7191651244509,54.62660714933213,103.89893108470666,3.103162359933556,36.890029658884764,2
5.835433968307276,68.61774765583675,29.0142588160738,281.31446275976145,4.881755789761069,30.782825101265523,3
5.780760548901135,86.21044956841986,26.38755428896012,145.35457650758585,4.198237212844921,31.149520506403945,3
6.9448633177111425,74.29888213709938,39.465421586024966,115.81538301953543,3.095860274753562,22.85472075726005,3
7.194777192901377,52.11540767048246,30.33695502520092,185.3293222646131,4.889933972233686,11.057673921338605,3
6.795938398446809,43.36442456455755,41.500729416666175,147.4602982386054,0.5,28.44834309373611,2
6.966963010164327,19.428174074814276,36.959199558449946,95.71168383689484,3.374162295089781,28.49083602063772,2
9.0,56.21079275828408,22.000066298595353,174.15267858257226,3.4649095899384017,19.24556926589935,2
8.107314728352328,27.695655440581618,32.33203302157923,107.34395154620907,3.483213701368476,24.032651600449903,2
6.785953386897536,34.13730672772127,46.641299819636565,228.8229001077817,0.5847732510169363,16.181065424262226,2
7.911965871151224,26.18508398526657,40.62877060357938,174.72523148762014,1.4746313974822898,16.26589001857757,2
4.951214144708691,40.7921533468669,38.770862764122526,136.1559787736958,2.7502883667634106,20.19036586709212,2
7.096890574920213,49.440611710260356,69.06076361769077,155.46735090110565,4.672187257442217,11.715617524457258,3
9.0,55.472291623314106,50.96556288078303,195.16440605490968,5.872896743576493,19.165218429756973,3
6.17293115691144,37.989867291720735,52.78661897232014,159.2980626780399,2.003347122624866,32.13734606173076,3
5.228549107071373,71.38567412790366,37.51047388307613,256.1054728616774,1.0352298120433563,39.56117917333391,3
5.521866667110409,45.83589484020068,43.30217785526912,206.79337581977623,4.223642154637683,45.75437811392035,3
4.865550443986417,34.245551334689615,33.53350015711461,174.3803683780561,6.9215550169513245,20.998666234971274,2
5.322857137808445,54.52584534486873,51.66324648286192,103.1507063245758,4.6604109499517765,37.00106823961678,3
5.944237852114957,89.27105667087632,38.34400143851435,142.65559480490046,1.8770509140089608,28.36173927260473,3
4.3916494712320375,56.70321133070236,43.33566623395835,173.94374850262264,7.291708939825817,22.626459204623767,2
6.523427500924405,42.74288745252786,42.409169532327525,108.85692921209308,4.03019943070337,29.02203064002263,3
7.853415760679971,19.45077287762592,39.72749677891818,214.67134374814748,1.8134801796124596,36.021257081013815,2
5.138365729779619,45.61175358055859,84.07282100733656,101.29213291109798,5.901453249506567,20.016989253335023,3
8.778925885462654,54.69856250176231,30.000710837579163,118.13871509770489,1.6950122829017396,19.78679651761673,2
7.266188132791392,42.2483821748886,29.864327047619614,121.88504075525593,2.068367222007085,20.90219969120715,2
8.045870878436086,16.69230723518001,50.41145120217635,187.19122303165665,4.089931233511686,18.732259524410416,2
5.513248169221795,32.98869220993132,31.07246501387231,109.75318164146135,2.9626420231661177,36.98882514790056,2
7.7817878405999235,79.09076921775515,35.628904579766605,60.00117147904726,3.0555106980071502,17.361507949207557,2
4.8620991494070305,78.68002007460922,23.703835699665728,204.40194178808565,3.058037252464196,19.123848536949936,2
7.835371251254763,32.26721661590804,47.3733687910388,127.78068574472191,4.671719888805241,28.112031016073406,2
6.757759009690297,63.455135743988436,47.563858667262274,96.57461839240315,0.5,27.30325803178365,2
7.3298768299771755,26.428544304596528,35.272119101148334,112.25707233987302,3.426770828829705,20.901499583012544,2
4.736608091562722,78.08632563989904,50.72225032720109,235.83813745921753,2.564694934379223,41.836213390761685,3
5.157395236585093,54.90471695788473,12.128124793996125,117.14781513635445,1.871255951204076,18.69364187309731,1
7.395842327380077,68.99282997233067,29.397198977284845,143.83159473115492,1.8672953730999988,23.289140427287037,2
5.077477993663699,15.69813305634922,37.45031220683604,127.65408188569921,0.5,5.732494615875101,1
7.194809438148685,63.55274203849776,22.415762546455706,88.36687282831217,1.8023728445982086,21.950022961610916,2
4.449293290309631,49.84651872630993,13.769304438719168,112.86407188765183,4.935694087409006,11.770434409149233,2
7.772261319000002,67.03858141581685,35.38156052442329,84.94457964967526,4.248082317041309,15.83734946542175,3
4.651215027847236,68.297355961957,50.410301305911126,197.7940637840357,2.712927356408261,5.441403723801766,3
7.3284499065192845,51.315693789494986,59.23162587139768,155.0439532306798,0.8831164172390156,16.07495673775515,2
7.438446400469001,37.98340721808171,31.790681751919408,274.13388810871606,4.232804658388693,24.24938779924408,3
5.454842272355638,65.59392364358989,50.9982375643239,114.55446375047055,4.9647726174906275,22.55818228387703,3
7.37303985062709,48.796910011897445,49.54813057113501,107.05698769271903,4.551292006196497,20.852279614733057,3
6.890663395000334,32.54430092944715,58.27912261501745,226.6879884177664,1.5469116675204453,21.75096250517699,3
5.6917372157108925,31.596955370846285,34.74713454468998,202.89885160340674,1.7026819787059695,19.950095873893872,2
4.987167973885688,20.456711673752366,13.022492572229886,169.2382510885511,5.483866888266321,24.653964702407034,2
3.5560614624911313,39.79417680873873,41.05278778634117,94.31542424558643,1.1860934377545593,23.897736067088264,1
7.02447507094954,72.05384092148756,24.793093885454155,237.24981338639668,3.717320048273356,27.74980522186651,3
4.152795842956918,53.55659599410868,29.147423364069887,146.3948420114826,0.5,22.990377495354,1
6.643016299161962,39.40464588153919,35.48171283920227,128.4662435752482,2.5495269489391266,20.66340306443862,3
6.104827675876626,66.0971187636016,34.91608552976285,207.14798684591398,3.8777256011015337,32.7822231693742,4
7.518714163157293,33.35046756553223,42.12338900343692,148.8852439373135,2.955051064286831,31.028734794337037,2
6.046931750765204,51.90700548665557,50.547344746294264,91.71649571840587,3.7858699815826613,24.675743082577377,3
6.005828320479363,46.40739254548969,34.483966250860504,152.0151299749291,1.160692386519382,36.951034247665774,3
7.597806056432443,65.58261251176704,45.93546259912007,110.9325599214618,1.7699970532565168,25.826489922440995,2
7.002587043626177,18.455432581609983,40.22224014895758,20.0,3.7227275677483034,23.38827355929337,2
6.974233935774167,32.99604508370689,54.03241593817668,105.9144903924934,4.045332213078563,24.31408510545093,3
7.20390138471279,17.23508681810933,37.17112223340525,123.61322145660746,3.329719279594294,26.651172966259203,2
4.196641815189341,44.8080655638146,38.816099863381666,92.2177445353476,4.420586612487469,15.827999372134657,2
7.635183019980473,74.2285500726486,34.3839932800164,178.76232660570187,0.5141880921430855,6.263720750978436,2
7.418703191020404,39.89105580692946,37.56627190062257,111.12761213356092,2.3007030744797103,27.8147113818282,2
4.974975307135255,39.786321236086984,28.247678074811887,173.92131004172282,5.734025659839276,33.34035811496635,2
6.133879289488698,67.43448848368273,26.7610407078473,88.33401318158425,4.92520324349058,14.990415610912088,3
6.4410390685585535,71.37099116910599,51.63648077924088,195.4609460541269,3.9504572475113164,35.730727670234984,4
6.298254823397401,48.2285786546242,23.75197475223098,86.17587366667541,2.7669495399667454,8.535441653391825,2
7.000789949852802,63.69429708099784,35.21322865453145,32.92347953044634,4.552223442524953,19.41211727261385,3
8.647050172746775,28.46090918244107,55.23014179406495,211.86312925816136,3.6437122794924104,42.06015822217492,3
8.122650091509243,77.55948667850828,34.709488074945895,107.20530981344143,0.7238394530891563,28.55936485871192,2
4.531671209852891,92.97412587874103,52.431106805283626,237.84645290997042,4.493643670584194,21.975224576161644,3
7.433104985459073,60.4243158237745,31.134314189097374,178.22959506040348,1.7009348785166505,27.522858352982283,3
8.493399979303113,8.313367573143992,24.23254590474709,189.51316591906266,4.139532375027266,36.963431992507594,2
7.080212781033804,38.835394752044316,16.07761217648769,202.27362502330362,0.5760408168835518,10.548400776378035,2
8.13647063777895,62.25650643338643,59.690861039089924,155.63396731245348,5.398528998150313,38.17859750278689,3
9.0,41.57034005667275,22.946932275483768,156.20277089192695,2.5876554317968212,20.0996346890482,2
8.035564319160471,75.44397108500195,51.2077988518764,214.06700120971544,1.3359955016682346,32.08384926296277,3
6.873962893462593,61.763145288717304,25.000794598099265,155.5679247849049,1.9672421503938389,18.857764407834374,3
8.06763271112713,35.87048998468407,59.76075876909732,113.5911576601695,2.494726354029442,41.83723321555317,2
6.717331749645337,50.645296215425056,73.1017408692265,179.28792800811118,2.991345425359096,24.6883699683391,3
6.535854564927433,32.12333558721819,14.70204910464495,44.31782928075239,4.977218454509498,11.711832514271643,2
5.972878646429401,46.348302431751165,23.72865348761779,215.97794007801068,3.1052139247161117,29.70076424955092,3
8.845120038248162,38.90813519134896,51.59697795704837,217.02195679825456,0.5,38.012299817937496,2
5.2723570010869985,73.49523600466077,47.69564385048722,209.90833340615393,1.155392231746633,36.88263175372368,3
8.798551587017174,92.3202411366199,51.65382782140287,207.9885981188847,7.136302188624151,25.935003701817976,3
7.249796185610557,21.376233335284958,31.39366674393436,145.79123373294385,3.203083193494389,33.12075323556645,2
4.4010407377970875,11.535674275804958,69.81301241535051,144.66588077534888,4.426185171015727,20.784319209602447,2
7.051473939487132,45.09655156297229,41.770742000346615,88.5179955114572,2.537480790759242,30.91037654551013,2
3.5,19.631686023426347,21.745561347347206,237.4020625855524,1.4930830286897063,28.62812916128278,1
7.438262025246553,50.924232073418345,36.202772499355824,125.74909134868611,2.2780766664272947,5.0,3
7.827847224483486,64.97872227611853,21.94649655656751,166.99426548759405,3.1924891260876027,14.993944921187376,2
5.61146606652192,79.8828379453365,63.86412037831158,162.7022641477389,2.3096454941593993,27.078446010984745,3
6.685321543933373,54.02789117430562,30.095031057998256,82.97904091979217,5.877701649794647,26.6499473175635,3
9.0,46.13689550300842,47.38725227116933,62.76624879383972,2.075620808660063,24.709225089740187,2
5.741379943607095,10.432301668538315,32.939902825267296,150.27933104336742,1.4177465846246085,25.89374618642302,2
4.911638619415099,50.52370298371597,30.7691903535623,127.31219411942455,4.213204139553477,37.076676534200494,2
8.722495103693898,51.425745210989234,11.346187280784239,145.52815703783324,4.398003755767419,28.54122218648348,2
9.0,62.7791362842549,48.972619044858504,203.2707815101616,3.0449656823077285,5.0,3
6.505543507771771,35.83023796941818,59.487718789437764,161.24720752685113,2.0967845661889086,44.4770964247424,3
8.017194553112535,41.2989479952828,26.260486279522723,187.92612703823653,0.5,5.934538960155791,2
8.512213873296322,20.439954893916315,16.821563275019933,172.26640810877888,4.831082283666165,34.58142625708724,2
5.386273651192424,5.0,52.04974064106744,134.18329033800842,4.302841364882566,9.356811615086333,2
5.772041246948198,27.830058184064335,15.306379763406234,99.9098416403468,2.3401675203763563,39.23439976869821,2
8.346311769732102,18.59348371493967,58.292994039223885,163.2358934056734,3.0893587176445902,22.220009539168494,2
9.0,56.73424590841223,26.434073155680693,154.19463096730456,2.659984226217582,28.842775561160934,2
7.344321290261532,39.63731886666285,23.450608857630606,195.75781687523735,5.44309536192951,5.138400715280234,3
5.180278469746918,39.23525739850422,43.72693631696937,142.45499651387536,1.4431225455686603,32.295631652931405,2
9.0,30.31173907649576,24.427910724828436,135.13292274422386,2.0699077589701202,29.163022120766705,2
5.703543653282053,5.0,29.39333378060186,138.52503081092001,1.9249106414040322,31.17323266790651,2
5.997293328242822,80.166214974951,45.309728990065096,104.06366824972771,3.4652419296634105,34.496166236048275,3
7.0135067517344325,29.994589544464233,5.0,222.34549724102288,3.0841941805459085,26.785088694986346,2
8.831240631072161,41.75159860300186,64.63628868892484,206.98143773078806,3.300102245194224,22.89291929971664,3
7.780963964828335,20.90215669421379,40.654601986986066,89.34850855209766,1.6790893116882506,16.890931534004185,2
7.122298250542865,69.43860686881268,20.60550981394708,190.19740709862748,5.2273452456155916,20.568857895230828,3
7.194932795177159,52.868578740746486,24.741319460697376,57.749746803381726,2.318932339168145,37.06494619521985,2
6.565272002965199,33.472694294682626,54.87469567391203,199.26446165555112,4.781384924094787,16.622103761014845,3
7.337209271777759,42.15540777311952,49.01579402611155,115.18247744461623,7.7086709959220165,6.5690422762668135,3
3.5,83.56359844249741,60.80170985927817,167.99502788391257,1.6899959192784333,15.124670732679157,2
6.0550888113953025,48.540611362374435,29.758857327936475,53.5245155229164,3.513577349806945,31.060426796910356,2
6.861982902375171,46.365329247681885,44.44875755726204,90.06478841610249,2.8025945426161205,21.971477563959,3
4.773478874570739,31.172370277214696,46.39851867675517,173.43514836247047,6.046322332384246,31.044936563086452,2
7.07948497671734,12.108376990553943,50.429012503783554,114.95459083086098,2.57901910877235,5.0,2
6.1932931685208175,46.799226528413115,56.90921685148104,108.00185648139006,3.373037216277129,5.0,3
9.0,56.50970224649235,29.241041412334795,219.79308487260488,3.34030247926699,27.641085697064973,2
8.859529587822284,71.9916892865534,38.28744598359279,260.54796056364376,2.849401845078238,35.04692886734998,3
5.801291646322756,5.030069310006894,30.847753816297825,196.85069684097417,4.133210651800267,7.890047774029895,3
6.273743432649957,27.49807345953942,39.21082189965436,95.40597141324682,3.140094600682567,30.26043219339826,2
6.389078651587411,38.385178188870995,50.47649173094463,238.17596664088498,3.7227776070676217,36.9026357357871,3
5.822510785760566,49.930383028535964,15.189467496089463,71.92838701758089,3.320404057285446,24.95616458089129,2
6.79253747604219,47.09932616943155,56.64057354188928,134.77542729623372,2.0931934114340423,34.01090839336204,3
5.362576896668615,47.56622628625461,22.912268136043757,152.73888834936866,2.5965569104121853,26.9040763415138,2
4.804076997593711,58.16192117139889,35.38944520454153,246.20189219193742,3.8331342791144403,22.370656247264442,3
7.434066835850403,31.934137784417814,58.65912887449187,195.63295687758625,3.8270404528550195,33.21015541008879,3
7.444294376332716,68.68282884467389,44.92014576975108,126.81211526002402,4.867513573217542,44.12797585582483,3
5.293526360510011,58.66904883398961,45.092949223954896,102.75218646101251,5.788866221758004,19.421588577821097,2
7.843033146143899,43.603354717438414,22.29060932057334,200.10963269016273,2.2183966841384866,24.12268332983767,2
5.552633406252003,82.01815983777831,24.338710962642388,123.33205213898222,3.202311237419459,15.093145452067489,3
6.879747857056972,81.12832071143534,54.11884595003379,160.83700439324875,2.7098912856722905,26.552135444461342,3
7.730516018918684,68.65790710387617,31.162846817734156,81.51117553704421,1.3390385439016854,23.43600630549583,2
6.449581152944431,5.0,32.57632190050226,178.46289276121001,3.8468327082066325,36.58451943370188,3
7.182111368211702,81.57890185435951,54.459268765820674,174.43475728737394,4.166755746008784,39.19748168664879,3
5.725355534168642,65.89517044943868,24.25129681945709,87.91899691709142,1.3845131607202275,32.87985453287076,2
6.205300124857854,90.12817275425874,44.03852699329387,201.581155643582,2.4382509912370214,35.46764344381387,3
6.19121085367949,74.74929183467077,40.64360989251537,177.7372904121391,2.291865716355985,17.951637833212484,3
5.3801324801896415,81.5668535499457,39.959714112051365,187.0012126390049,0.7373629451622481,15.450680818997999,2
6.234838755326327,67.57309700360759,32.22346552183744,131.06606536249348,2.9454340047523155,29.368173757245163,3
4.17707255170438,76.97386397291024,31.302172278050072,158.94782056432211,1.2821374853421463,25.20020257261286,2
5.763269379286843,89.8824748146888,23.82453754307702,153.16894344326622,3.2384905368829897,44.99188881317648,3
6.072686759945494,54.33109476756412,47.2399753906196,142.5914797622885,3.4036822874396857,5.783555170712475,3
6.11573037125693,18.555389118437407,29.97776212724896,158.52516390829228,3.589534174957089,31.19580806203953,2
6.137753831193832,43.850781999697155,54.53116931750877,212.82214868981913,3.6619832665948198,31.030507851489418,4
6.407353700209806,57.79891198766873,36.631674376140204,203.74753193519632,5.296411074896303,17.38042203750254,3
7.2191622771290955,51.497751687431155,24.123242658684433,90.90696612655717,1.7870307887766137,15.324228349968402,2
7.811775611198784,25.068760676811472,36.43279176777369,199.270090845347,1.8622772759741448,21.60738161761099,2
5.5253521597276,17.37864749610042,33.83714201295288,209.5571686374018,3.982745845764213,8.584887847523845,3
4.695198716916283,35.176746627303416,55.136551175920786,142.44111633238168,2.8020277120264288,39.573328041351104,2
4.936933381635345,66.15479111968303,34.46499716122702,175.42235518988883,4.687989910587416,52.00728946680539,3
5.769195618207609,81.60679541645939,35.85684428199511,174.70008336515087,3.8425331885490666,21.587156716297798,3
5.972118023275236,68.33135227555402,61.173200582386535,107.50166916628494,5.877166992439292,18.607048208004265,3
5.345005900703814,71.14854574228272,47.62400982195023,130.9021856235836,2.863007325340963,11.891416495378957,3
4.555825003625158,48.38368853672885,64.94059024005244,187.54051194258037,0.7769406420201235,14.038632444831393,2
5.815818758788717,15.158350845880719,58.885675060958576,125.20888815842744,3.51099212996872,19.105555783302293,3
6.772139930170957,40.89558838234589,26.692561174557184,198.77497796311536,2.892488763128882,37.08767940847635,3
7.392544198753347,44.824711762552425,54.84926281600161,215.24862204248808,3.801731229771856,56.93007285416307,3
5.663865420337518,40.058950263286356,62.87954938111887,207.18359209902354,3.993910780012806,17.771740358748804,3
5.880503266784849,51.093897307492526,62.9921969848513,248.99023015847285,2.1981772273561155,15.979466027017388,3
5.109952536729034,58.82839519785901,54.82143975365031,145.46338588544438,1.4864915122122673,13.32006790087558,2
6.452841244437836,67.06030376486996,54.51284492363764,158.86005369845316,2.781084974981421,29.507894290758305,3
5.227357048713778,44.43760271267332,35.46008434486676,166.033152388132,0.5,28.442209118379502,2
7.3596917198618,11.924811887108135,27.43926873475638,146.9801037504631,3.121000888179327,26.009258023141367,2
3.8212002620988335,40.3424456141773,34.71674021653815,177.1089487050822,2.3888428872957546,20.556962829311217,2
5.960555491321307,50.87420793983968,15.028164978508556,64.43979854940055,4.2925125667390205,38.59204699163691,2
6.951661008787613,74.45615844266817,60.14192973132558,160.24526943462595,0.5,32.642610293077794,3
6.775751774483757,38.64384315631789,35.75060560873432,81.1281675058552,3.0095179647009562,32.20863819848767,2
9.0,60.25087256798804,59.3699609359744,101.86883611962111,5.364336427075709,28.70238626995828,3
7.024700036851861,55.801757992708644,21.527506341676006,186.64449055149566,4.013101991926528,23.10611177580068,3
4.993918104736984,50.878010662467766,56.23937381503316,140.044188077549,4.471007993531794,17.848317358643328,3
6.35680362936639,68.61066638649183,32.576790127310204,184.8807237357903,3.5096002839449216,30.199050155435295,4
3.835630499800322,36.783176064948385,20.73445887536239,138.9611698199435,0.5076988951490105,29.23162657604594,1
6.379100376054859,38.49627100712967,64.40677078239636,205.32031581955778,3.2497937596537163,30.671911366188187,3
5.250415914498862,49.76198353811544,56.60967504011161,138.04596471893484,3.612734040096006,9.355660151691003,3
7.873085413340243,37.197069898126,43.17688630278676,52.25407552184383,1.3826631837138392,28.392781429709935,1
5.675689588106698,60.16024582109199,40.50906827702445,161.26962910056355,2.8101692349609997,21.913331526586546,3
6.32485112630713,35.736153912677345,46.592650282286776,41.557007714872455,0.5,16.214027937297406,2
5.546663237893394,54.52608415490269,42.919428668761164,77.36395487337963,2.498852736087288,32.28426944219989,2
9.0,47.99654462426487,28.115860687427933,105.8526735500715,2.345436085775546,26.77270390298883,2
6.018135850823133,54.29851929553411,33.81921595322617,99.61452611149063,5.103359033420022,48.54123386393777,3
9.0,40.80517209873922,69.41076748058055,122.74745977918573,2.09516534605696,29.84482161099352,2
7.7212276431774,43.21823410946346,80.08235113942021,97.89660882344471,2.6004644121067817,22.02779372083891,2
7.223100091003079,51.920185359941,63.440027578460246,79.70236682071636,2.8811568340847873,23.917144975561015,2
7.053099720976279,54.041490123226254,47.17335910243935,227.09178724203872,2.11451996410443,13.28098730367186,3
7.090695947324377,49.91596169217688,34.933764509470976,116.0927726804052,4.079687132748239,37.30848178519709,3
3.608491130981585,84.10724713026168,28.02721159154551,38.46161734263012,0.5,28.149852857059553,1
6.0816749087738655,30.185261625174316,29.015763843546964,131.95408134953715,4.704865056216195,28.32129680293145,3
7.767736956776482,48.71592410094573,31.70098511969859,93.76344709862231,2.982182822526196,14.357815358103252,2
6.426654224788842,18.52741955766031,72.26746062138653,105.75161863535932,4.952470702193139,32.79001182758627,3
4.392215229794637,57.441629573347726,67.09423444573898,185.51712406762425,0.5,15.646020315665373,2
6.4213933241337955,27.69506927246372,51.194175849030906,127.59211906073911,0.5,19.460904888264928,2
9.0,44.433794882468476,25.59080235380761,92.37016993910574,2.5620321606217495,26.254379002632685,2
8.370337573302079,42.55871349337348,53.395838900665545,172.31267549786224,3.758873082000841,19.1905453203795,3
6.406993985950953,55.61782253202343,36.42074457234092,207.49704153045428,2.1676009259952385,17.07669689474421,3
7.9271739155871295,38.9441816490964,7.7048584203381765,176.84360813199226,3.8757687451237732,24.498647015679307,2
5.950239469447922,38.09388604612035,44.30650956101889,27.32222141747873,4.471964636164445,35.100068037340634,2
3.9441926197599217,78.71712928171796,27.37130438748917,94.2505248801493,3.998999320532052,33.95076263322862,2
5.113301017805668,55.691335809490525,27.879198563649442,152.37242653181025,3.1549027565701215,32.07415548277556,2
8.844333152762296,38.77898295955464,36.243880096479884,137.78502973679923,3.1434042744810844,29.86239833557805,2
6.089010377256043,44.983326563775385,32.525155405863806,133.63624230304018,2.077807370417424,20.24435940758636,3
6.134924030937473,82.9070990454149,39.48614771343988,100.8621653579583,2.9169385136943338,36.20872582792622,3
6.050242705587679,45.29670243497806,38.76504174974192,79.72079584612801,1.4636536691479094,7.640974630464964,2
9.0,36.21446753695224,11.86286360728553,250.38908589065102,1.8229057989584136,29.33789271637748,1
8.938938373043095,36.300076997472146,62.8041698332425,151.3555476569456,3.7715462993201325,33.41294984115654,2
9.0,39.01747038020845,25.249349155769803,182.10608944337088,2.3056783027029764,24.09708431098821,2
6.261432184399923,38.110045551465554,25.714024223042905,150.31255867919046,1.8936571587460005,17.77708235247333,2
6.943436733120643,24.40704303301514,35.07170122314554,152.31743493189947,3.6738465197774897,24.629409772802877,3
4.225036175868813,27.515998061060436,38.37497728946059,146.89483000953564,3.5698494853956255,17.424049692852087,2
8.715401639177411,33.4135925127726,61.88469725247758,93.9777070462784,2.677050621827083,30.14260657683144,2
4.748330673098097,61.83142036906195,44.04135178082352,74.27552709828763,2.7765968539175434,34.45733657992974,2
6.825163345643944,42.37525425454253,48.49698226164301,169.31126868724934,3.6239218348198605,29.466897819686555,3
4.854046208550734,45.8567662181192,44.11804281374923,159.39212036355832,4.453435674575836,28.871355503226447,2
5.616699759891956,75.40176050509794,43.471923737481596,196.91404492298537,3.301628488730642,32.60317556808988,3
5.244106353425449,75.90014299876836,44.64594254630513,186.76804133210132,1.2119491344343314,33.7588930658892,3
5.588187108986273,44.3575011372453,11.008987861465922,109.57439036251645,2.6678587608548234,17.217262904795,2
5.691315945276532,37.38272978633182,36.25122272740707,206.62956544609358,2.3892752433098745,9.620067233725337,3
5.677596807612384,32.711393726529245,57.433916658567355,188.25135975772588,1.4205208404383312,27.77886657254005,3
7.750000867670461,63.855515394164755,99.13496516210029,184.54207849286675,3.746899148403151,34.24385697760768,3
4.84270581040622,45.90585532955424,21.93536601190735,262.4663395989404,3.8622788690930006,9.191015516555566,2
6.8308121405208,42.2701021935442,46.34619940486529,252.1979381254094,4.08931263255894,25.688320763496943,3
8.326938728458337,33.72670849724895,31.434301331884875,184.4956883277443,1.5136305688768652,36.28335679727951,2
5.730205453229906,34.60667181977223,70.71477855845274,178.2598602918765,3.23617640561876,23.835419038300248,3
5.4231216638785975,56.40116382986489,19.69325858812778,204.082759088484,2.9905871507338095,40.211342947396844,2
6.154213062229624,23.69123468225476,49.374092354738195,120.80231151648144,3.4611046400128287,38.338389241453314,3
8.269587812541065,69.89737387575877,18.89183350743715,121.5085371204475,3.1945897372472896,23.172874532427215,2
6.791161446430037,39.32310712370163,35.22149997908751,183.67107035459566,2.9811810826255414,21.32260296417745,3
5.703178558088602,47.00728111496415,39.48530003875287,107.17619554362139,2.8009143607881786,21.506640033367525,2
7.225814976782059,23.260440837188913,56.045375226094116,179.63847427616275,4.660260915038281,26.348549290259086,3
4.846561775245365,49.75268123515271,23.842497607622082,157.8416083268095,1.7072789887210709,13.264965374174036,2
7.5220392656644215,43.4335811461888,49.95074573271078,107.19049477039405,2.740243693852427,11.416289354292514,2
7.112910961552651,48.998388022870664,40.2816658508192,151.29332551441496,4.62205600020894,5.0,3
6.038287293291674,79.43417796723782,44.09190079428969,215.2540796069208,1.7834161139528866,24.78847026787447,3
5.242121302329154,53.553960915804794,54.37499072027712,154.11852253269188,1.8598681083840198,45.38884935155228,2
5.169978616574814,34.106816317083926,20.761649604920684,154.32738238089885,4.1009114166777145,5.0948205105684465,2
7.302226004518865,35.773601789068636,52.15892459722888,166.4492639452298,0.864129239029436,23.158371225257227,2
8.343470753733593,61.90262371827537,31.46642720365863,172.95942614458045,3.9909466845397406,22.857925991756623,3
5.544038379456808,75.97386581986848,56.43810182465239,133.45797669594035,2.265548131129555,23.479337494757498,3
7.187580055327226,55.638360415021,45.0183645180682,167.5130523983524,3.6150009232806335,37.568012493966926,3
3.5,63.77425489109539,36.857074277244166,97.54648202046334,1.1688981494165605,16.115971242566903,2
5.6230734040142005,62.1947544667341,31.14961046363768,110.0464471583056,4.777614399837552,5.537468069993643,3
6.453411600693647,78.38128826715042,52.34942491532996,116.44254459621885,1.1741420251656858,19.657169485041205,3
5.135474874527249,11.008196545479343,58.914275282213914,173.4881344817054,4.087425530319981,18.321656639516526,2
5.095240437815606,63.344378786090566,32.00722688709723,158.01164137781385,1.2368064243360222,5.0,2
5.49833066529667,69.67472087807127,23.004901513279044,143.28202113780236,5.712451306633596,27.454867295035204,3
6.93828909248956,23.225525877288533,50.413165644178385,184.53849947926435,2.8929273272173064,13.139873727926998,3
6.219006472390438,32.286636319871675,18.272035869494495,168.9431041371168,5.9262856424954755,24.169004851101974,3
3.5,32.98434502743693,20.417313436255426,135.5011610008564,1.7716687688840103,21.371599411818316,1
3.5,35.42419607245233,24.059495867081512,98.2384578590094,2.3360239559268066,14.259840286103188,1
5.589702233214237,40.365658981289485,33.76824275441876,109.01455993866236,4.816078805598254,33.906271761901834,3
7.186529879080328,54.85205626109883,19.955021661768324,76.65952673035541,0.8607059673373261,22.18540096258493,1
3.5,67.31349302334739,10.918001359276335,157.02847750754128,1.9511000161950869,25.542715670288775,2
5.750404735772554,71.62633915537073,22.96833708494315,106.8930608773164,3.742602644533998,30.864062565027783,3
5.710628215223869,33.243538776644364,49.63711669858928,125.23385090080646,1.4718291349555006,27.88501645716143,2
8.582506667312671,33.10594002594034,20.92683891809849,143.6204659685568,3.782726133028567,26.45000112583178,2
5.922467282430705,76.31643680032445,34.89595483068745,202.19975956653428,3.2556065775325775,16.75808036311226,3
7.074483477111393,62.93487870837289,69.20047693548344,196.43952991584098,0.7295315643867237,13.877547343456536,3
6.711885710131195,51.657296837379924,39.262388049593646,147.2645764373013,4.4516531819752,26.578475115891774,3
3.5,59.46673351109934,45.1379648459439,213.27517447001497,1.1063503602081468,15.380844894027963,2
7.652310824947606,49.40392436297119,25.8093997262267,49.382574533956955,4.156918645459406,32.94441108992728,2
6.823094758184432,60.49169366095229,72.45212280550213,243.86102748832565,3.1927130973664215,23.70460258847874,4
7.262402959511885,43.27866606988519,31.88058266292357,184.62498571522926,2.317481302941387,31.48612024983877,3
9.0,55.376098688784616,36.57842973322725,155.14016425099646,1.3418962125586742,15.14227863728054,2
3.5,19.789078992610072,59.75588016951047,105.43201596239685,3.4939039881122245,13.588018690058254,2
9.0,36.24431410349138,37.273986327195715,128.09663169347678,1.6912128097837091,41.788731225014374,2
6.068828720899466,36.459776464193126,40.71833174012822,180.46754477890207,4.811930214078865,23.505313055978867,3
6.930993356604514,42.512199335861716,35.77467518816306,181.6039691765707,4.866675913955099,34.13216258713615,3
6.431731632048137,31.469734904405037,35.87751432914159,183.41966852953934,5.4630510314789955,10.880795914257577,3
5.863645499902935,39.329127483538365,45.55753016242137,113.57516328167698,3.4213461556129623,22.169717255696316,2
5.645250607641862,19.711718752037587,48.294147837971586,103.5076143492395,2.393535291752436,38.02360884901999,2
6.994263103359514,60.974009527898005,30.351273531811493,159.76026221762532,2.5546461289940146,9.353771537179858,3
4.224239454992482,48.34972962177211,28.508793157796056,188.49269788857367,2.4448686257966186,47.75315439430989,2
7.625868751282648,15.895847844479661,30.862958667136553,150.15924247524293,3.3720083074936604,27.025387838010566,2
5.875708392672119,33.30340178906654,18.981189787003476,224.07421234425834,3.654910883382904,16.81065149222748,3
4.804895991439463,56.73202855124334,16.14354612221054,151.65687310950557,4.847346549025347,28.519487264106008,2
5.82498071300628,39.13956107228421,44.45750720837361,149.9645678083507,3.0301851233940473,36.091357023728555,2
8.385723825293859,36.06117079723806,54.07893704762668,183.52799955963346,0.8951590041996624,16.744395756034862,2
5.696997369475666,48.50814645983847,53.06567939717826,210.96150687960193,2.388868610307147,18.179711631579984,3
7.03768042731443,56.87195070356432,5.0,82.53723700977275,5.3337776700847845,27.491300514822345,2
5.40356558642679,21.272950859216788,36.32402369435109,94.09941459822008,0.6651321442919791,29.630207980007224,1
7.6368827748854295,61.00256962435759,23.468620666111615,134.3369281127981,4.108724940602072,23.0156244561008,3
7.528261608185306,33.99413436785247,42.156061567312854,307.9470892294332,2.414140329624839,29.023397301567215,2
9.0,49.641440635004024,33.73264721785928,136.9265718729534,1.674803534400719,33.53549223303014,2
6.236654081751177,49.29159718616981,48.87867859366882,143.91085284947155,3.5934165736681876,26.733077364860836,3
7.50298220713686,39.458677635204516,39.71270364397988,180.9175964903959,5.341429538434148,18.08524819827488,3
6.647101309308417,29.52680507738571,11.55997157623166,198.84644514067372,3.5106662651747564,24.79063051263033,3
8.443807672794522,44.28626903815473,25.49371190800689,158.4892558227378,2.6061836849381415,42.562395802969306,2
5.421751418586904,82.5066061815039,40.086776722399804,208.2173747520128,1.0559261405904465,28.330702165809782,3
7.617507969315922,22.766499390727382,41.35165643846629,90.301440848704,2.851726258345895,37.40235703274909,2
6.2079540558249775,83.84626038209751,18.914847884439972,111.69557876286375,1.0017752695658384,19.856611898832867,2
6.4037177343372536,44.80557657846935,16.953104446808172,208.12434752898196,2.535113667869655,27.626409702128775,3
6.637628726672559,50.70742834177278,40.84368006359768,150.54715573917372,2.9054135274125943,32.94315042451546,3
6.878360594640016,28.265783772305454,18.944990409242088,86.87746974956676,0.5,39.977576787314085,2
6.325656435317063,34.57461166645038,14.970558602488214,83.87310341913962,5.08248330688183,37.27588729739493,2
6.822069774755789,39.94180699923962,33.32289231052987,109.45295973276475,1.1422177903193425,13.807326968845679,2
8.867177086343277,29.086100582441755,32.673308629920236,150.1062771078958,2.7210611982439574,36.518523758568016,2
7.978174528422827,45.82164085258256,26.82399283991048,173.36897848633942,3.8007498687187744,41.860002448134296,2
7.803731888745345,41.859682163864576,29.44394564912556,133.54700000279303,4.962824577268768,19.251055171633833,2
5.816690710964194,87.01562284871467,40.20753584833592,169.24995946197595,1.8117704904407517,16.055330202616233,3
5.166138757657514,26.680516286390777,29.19755644480271,128.14667566531924,0.5,24.755653834380013,1
7.932950837356629,52.05381033497174,41.060455324972594,211.19601008084587,4.6179955740169305,26.794977030830562,3
7.814070188794691,54.956925638036495,34.29297195823998,277.5920047286178,1.1257576703606855,21.499308384918898,2
8.709006013626473,28.59358902696325,42.51475233079984,130.3693633957788,3.5391648653755925,13.132651776224339,2
5.594029061046156,63.73654990905677,53.173083481549675,173.9966405399473,3.632384550203469,39.72406014078178,3
6.155677016959479,42.03345974236744,52.58871768085893,169.9205412075056,0.5,16.40039304064515,3
4.040773756211848,5.0,59.32315706599125,156.93477131299628,0.5777448426833405,19.930724255982526,1
5.91129334090869,63.1969922420913,52.572203453457405,182.66254726706455,2.3087831899242968,26.091254527653614,3
7.994855765869171,27.661182317952722,43.578362973127064,173.94105944899135,0.5,10.275199029065742,2
5.800256931157703,29.04450107721802,33.49852543539783,126.44732148075526,0.9929230856138807,9.511058983042028,2
7.460719692801236,63.75804165784796,34.183586157756636,215.8272886311344,3.1843178401900007,20.683143000684364,3
6.2142453410032825,43.056770351631,26.833340403462845,160.0833123743388,2.867274521863097,33.25630184609088,3
6.986085542332341,68.35544301103,40.06793936577337,130.75997900848182,3.453981645966408,26.880035130483936,3
4.778462915276499,74.20332190730637,50.46081218067902,272.16012619237006,3.6738314680932778,5.0,3
6.627814174450852,37.101430793554044,29.114985956754694,144.18933114222,0.5,38.894835075163584,2
3.5,65.86524991910062,39.44173212004339,162.74719207118747,1.0727276048810412,32.97409368371907,2
6.219655762757022,34.89078397214236,29.83956656917346,158.77201722901683,4.142049284268075,26.910138254609226,3
4.05429013442729,94.66231834264353,43.14031495281422,143.5052694524396,5.28649536150402,26.64194065611293,3
8.308991774820225,36.1408599093757,31.759249240750748,172.43323525220077,1.5488879267066813,31.734162274182616,2
7.666111029146767,70.52174881920008,28.907341430589213,107.75000454541875,3.3883583911454354,48.26318857840273,2
7.200006472949122,66.87580051763152,29.800499576019618,179.82716932615287,4.210624339970843,33.80524198307361,3
8.78150934073907,56.321756442178675,47.5499316076835,62.08229858037852,3.3563334257839275,27.961675598730864,2
5.076625218762744,36.58913677166634,38.548758920044676,85.09651243714355,2.6268505418685284,12.728989869118461,2
9.0,46.972050161171815,33.57367404999946,241.28622735842578,2.0390250083265107,26.645190320621317,2
7.898287346390577,6.928237741108958,43.92106753820816,87.19099866391068,5.977903807148312,32.73312174153125,2
6.145167069171581,54.488400767645004,33.78225673798524,52.002057398156964,3.144313562290462,23.84815876254131,2
8.203430220774417,56.9923066205677,56.89776840528555,88.42919154669062,3.583413046825912,19.772144911268498,2
4.840559731382548,52.66998838122743,25.39200769460115,237.0028634598367,3.486480121120368,30.536457842364676,2
5.2632287577084895,5.0,37.19542730774077,60.40691298636425,1.7813723894987818,15.119424314491269,1
5.587115415140449,24.68727109820378,18.92852167499499,102.20929087042245,3.0762315349714577,33.67963687413573,2
5.706533437903977,35.03818034302675,34.79688412164859,77.09037578415065,2.516635968182847,20.644365624472602,2
4.915163535859621,55.83317866378092,14.805467534400552,136.29354014549958,2.489778613246673,5.0,2
8.334624600642988,55.78677811285969,51.194747838386895,128.19895509096318,3.4754387115281458,20.4524603449031,2
6.111718399445253,46.59552416057642,51.49755650508368,125.96217466364833,1.6265355401469894,24.428752521423327,3
7.028757452535319,62.704910732079135,51.76255260586714,242.80668997025683,1.1928173687943784,30.524938583395986,3
5.6444729503794795,29.475152493942,40.43308720261702,90.04623411812258,3.7540875906081306,29.37051198601047,2
3.769095049177224,62.20470011387992,26.801943929348617,144.89061101414447,2.2025841110569946,12.095494351734784,2
6.905086037587133,59.494842096797825,27.994890519460753,166.93006231603673,2.4824764195848954,26.220940325134602,3
3.6316175368703347,57.55109465675821,62.952580828307816,100.9895368963928,0.5,19.65994960151739,2
6.397048930871797,46.35919137828688,61.53515655699695,174.32949906233011,4.444624173264951,21.397787310998115,3
4.447527441750784,86.61487649662524,41.83832735426157,130.0094752723346,3.78602431787354,15.017679045058523,3
9.0,59.86391376979757,32.26548948879509,168.7154533094928,4.062103177967745,24.490929963840706,2
7.8670440832620825,30.633282734928823,60.52935134047766,144.60003742371734,3.5809884305966166,56.32434694857845,3
6.6586306869072205,54.96610951471968,29.58245257922785,47.473438721684786,0.7260645694646035,43.56442315583805,2
8.395560016482003,65.04966754148437,43.43273812143861,215.30493563828708,3.3434984470187277,15.012943141444689,3
5.230526033801397,38.237828021513806,60.27935958097687,253.52291576770358,2.0862997464825765,25.659443360040076,3
7.315219068005139,71.78544493862198,27.454922505030584,141.16229090325933,1.555714342149691,21.860143965609215,2
6.7997156505780705,57.64067411432021,52.43835378455668,105.1023974066698,3.7500723621685816,26.420266569657613,3
6.896030122000505,5.0,47.80841193765805,225.3006360587844,5.487763375129019,34.16309106503459,3
8.408530250160151,55.99343954675852,39.407251866526586,244.51914514337358,5.240009128434512,23.7067754757226,3
7.598738154169704,41.87941691174569,25.098496013003263,141.56022942050012,3.933217527765924,17.877689253381845,2
6.933085494237535,60.74359629083472,29.13340359845086,139.06596923897428,2.9546577608112052,36.56484055118634,3
4.017668845657556,68.88429680503629,44.34176609275988,146.00444511642505,2.6766865186216307,12.6596774754435,2
5.059930557080804,53.90324094283636,18.6499480767792,66.27255553773476,1.6432446203351594,26.893038586204415,1
6.315936599606414,83.30504467889392,41.96115788527375,135.4437060653386,2.595400224439985,10.138969504285583,3
6.6400585614149765,46.42586230873009,48.11576476092495,235.74709437746225,4.362785939382217,14.739268406261314,3
4.8046944129891145,62.496356461077504,54.77830259213651,141.56556696147197,5.734708698037405,32.44788783364211,3
9.0,66.09885147274694,19.02464388309666,97.99827360638974,1.7752780395539416,18.20608564950048,2
8.77459108288036,48.053080622145345,59.74370945741911,174.834280965224,0.5,6.234382901966622,2
7.403177480588726,65.57548615955565,65.43045241269903,116.64006007529439,2.2036890058315426,17.773095434087544,3
6.608055291925617,38.106540256756624,46.15227351570391,146.67739381660365,4.355931169306702,16.702290293875485,3
6.181686545148272,41.54863161957563,24.429271278630093,86.55756097263604,6.108415935988604,12.376342273009001,3
5.072122309966646,23.75022619327375,35.07836067459638,98.16879194066341,4.9650618099852055,30.500867140754316,2
6.6162207777782935,54.82818232740094,39.28604132322239,186.88296274317963,4.927927818567566,9.531873184380363,3
6.886628810214126,56.50503351708688,44.05695263095835,155.7933389700544,1.7256594694878895,19.120625181233926,3
4.6373591367775635,73.58526317158459,40.329723289654034,111.19713065785919,1.7679159396764874,26.334078387635884,2
7.001264625867346,65.82280008711767,44.21747714341925,155.97675651524514,1.0142855441006882,21.572100989772224,3
6.2671114267628765,44.304088867051334,38.638798639913155,119.64266456363706,2.0017803958118536,20.95809386387046,3
3.6382886631839133,26.436406253314463,43.97660641768365,110.81199153149153,4.371146675116748,17.772938642972456,2
5.209422483830747,58.65700805039948,33.092148682580294,208.2017198624153,5.436730780402389,12.812133768760967,3
5.879591699867533,72.21506344829284,34.92719924526297,189.1438776594386,3.518275906924294,18.632391651779322,3
9.0,65.10369947607887,31.359622442849982,148.93635751844525,2.6173185599851223,31.575594093712038,2
7.334829686800637,71.68955049714575,68.75889301756108,157.21686686248518,1.3999127734898673,20.659548324251496,3
4.4967776463501625,45.76220937603515,61.95851179261484,149.58009913328283,2.8312272659800612,26.669208827713373,2
7.229054434126455,40.66762063648709,48.329412850204235,174.35046295867696,3.304689491475832,36.17118054359772,3
4.179044016592451,35.26197295536402,59.87963495901607,110.02491707721529,0.8053918908402062,30.998041265058607,1
8.12403658083061,48.88207066772809,51.97692008466824,193.12523666843217,4.382209392760183,12.237201381546392,3
5.793313022273182,48.42818408062361,42.719067392710826,167.67829189454062,2.364129005537011,29.479598823474877,3
6.359545716891244,54.13355257078233,17.416429884704748,136.84718310552242,4.292123761651801,35.476695150689885,3
8.488694971313285,47.41405085928984,36.067541198122896,125.6110984245729,2.983620056923524,19.17800745231214,2
4.569254647123625,47.32744540546457,34.974431619724726,192.0565470883404,3.4458250393309604,9.143758603189218,2
4.404322722330513,34.46611894055712,23.003872403617645,142.4756841924947,1.9470761848780387,20.593044173543074,1
5.624601010480992,68.83238027102982,17.70756588090076,115.05534520850813,2.483077071276826,26.880557122123577,2
8.057568276528976,51.53036124487423,47.39079019850538,130.77151165128382,3.963063185042935,30.924079940592247,2
4.220980886784736,46.51112131429436,44.86756483556219,188.460232444458,2.802752647892439,19.792536948259546,2
3.5,35.051414935015906,22.48904529898582,69.472339937698,1.3425389764542461,5.0,1
5.823261712386502,23.361737792178282,28.81182240345716,132.22955472097638,3.16736108257842,12.235915772287653,2
7.32761119986638,76.15928385098687,57.41833409731245,203.5291334837882,3.5785125252576018,28.599209334926613,4
8.300392624608243,61.09277416263615,26.83455229725159,141.5891613948371,5.059332788508046,44.90674689121444,2
5.805257956871902,17.52164314860066,42.56198355900703,163.64083661389205,4.728829902989208,24.78053587959203,2
5.882860089325996,65.26284601419314,37.153325506480286,204.33844822685973,2.9030466804691977,38.12877294300289,3
8.230851101383621,68.44962340466219,47.59545206593094,194.6164826698585,2.1789972530036317,14.43044833030678,3
3.6953874504568693,52.48752244601859,27.158385210153547,127.99706134800391,2.657547900957464,18.52361201257208,2
5.917218837225486,81.96221791503518,41.351252163101606,143.48032238980818,2.2143997389331145,5.0,3
6.785635834887587,54.33439284245766,42.53083866018816,195.23819508645067,3.75924183855592,28.696474359562984,3
7.173828081927551,21.663529441016202,43.45271209343829,196.97347436419494,4.562497683923475,16.063752808304415,3
5.735289960213676,57.30338002096642,41.1861078694392,145.59749373425294,4.859751538941134,30.991010130830773,3
6.551661517558762,54.89794603425459,45.16913980891165,147.32271738537867,2.3816903212535023,19.97683898998328,3
3.5,37.9340630244369,72.87655498076217,163.38418472669258,2.2319604008788225,45.21813005135027,2
5.512627381499227,61.471176737548504,78.41946665156658,218.34503450086464,2.369408363162054,42.93201646471307,3
7.180263068831701,16.64669467618276,30.411757888199173,203.37830603289783,0.5,5.0,2
5.02655894861798,69.81133654885579,5.226355294712519,184.6693351899509,1.1957814621796223,30.912108179569685,2
6.5884763323843964,32.437565927890944,48.93242951082961,96.06653619680542,2.948170491091975,17.56701847798997,2
7.170308751204047,30.301077497659353,42.793786898518995,136.25832967258717,3.5689076106659545,31.46886555813962,3
5.986176198713353,47.72350455385046,55.91562788775371,138.88566631550486,3.736759586823819,11.562533780960724,3
6.755695656494856,58.65945856087271,44.27328849572976,220.92425163017364,1.829258367194198,39.41233886443993,3
5.055901152073082,53.27848127186859,40.87905909288579,138.0567804410181,2.263334778270969,35.30692299097351,2
6.19008308045593,35.146816684552434,56.93359893815834,212.67214115388066,2.5957442900408085,10.862477101130247,3
7.415324254383834,39.87821417616223,59.03170882620763,121.46506647344579,2.4283111517466613,23.186893791324326,3
6.735459441452651,27.33915305245076,19.201599118285024,125.45580211696205,4.032026580996996,26.62396059254784,3
5.620203095654096,45.506401967402596,27.750907192906247,174.07270529065704,1.037738835057107,32.193182829335186,2
6.8363246064361896,71.50042429021819,38.416105610669824,228.40733527858785,1.2760565924355871,24.88051877595538,3
7.571914685954927,49.91474124712248,41.47656435886876,139.41114353660615,2.5523470565288306,32.86372186780072,2
3.5,67.18828509518906,36.61025194971627,21.861606906940096,0.9515944449934883,24.29234005390748,1
8.238611097433846,79.10802675452383,46.51310766792829,71.79082988305565,0.5,31.117722850753673,1
5.995617891978392,38.23962961926066,54.941571839756506,164.8980778082228,0.7597842605703677,11.321348656457635,2
7.138234899860345,46.26853493889271,65.84064566081092,76.2601986609116,2.63592811732685,24.74008452781638,2
8.295870385467842,93.4238572212499,48.68369535659349,106.72185868017937,3.945796224488213,36.50122630384555,2
4.442489454154301,78.8868682395989,27.214994823203355,150.61709753191286,3.977049801589239,39.11087311506997,2
5.43583849635868,16.55190948375295,37.78935662203273,27.531637712676954,5.381873148808637,26.7303963494567,2
6.067176956186443,57.742966321218134,38.86971638110665,131.01371053372728,3.152497676356291,24.008648711323527,3
5.324369718313358,50.01119984679391,47.71960359971739,91.75957210698654,3.354300768493242,38.68034302618238,2
9.0,66.52906221717525,45.82252050150913,75.04101410496247,2.624389444457483,23.99071624262984,2
5.214841859259811,35.10042465029889,70.75594976667264,109.89077803909699,2.6972603013959864,36.44527155439303,2
5.6666798307697,33.207832559186556,33.07730297117637,96.53955374652844,6.120817997392819,23.933566768651282,2
6.806583547404465,36.47858569412781,45.771258006502045,173.47401089961514,3.392027155882548,25.39998573252886,3
4.696775710885866,38.561429076031345,75.32067096616137,209.8263393341442,3.5224114036411827,13.95281626836389,3
5.906478932365604,66.30648333618029,31.221896546445983,131.77865741944686,1.2823285456245506,12.50717442802997,3
6.976179891875263,26.3759765370224,42.17723044255533,120.1937110476582,3.615633412357602,34.78129457799822,3
6.000709393426233,37.54772200081362,25.82679248313977,129.28974994210506,3.987497968985197,42.22819075441858,3
6.359919711650077,14.219752189971175,41.23130349441147,94.59064460307688,4.665465191906798,26.05712519533395,2
5.706001831327444,70.14235646824746,28.29674277793538,85.56290521901609,3.945126787352252,23.338084932389112,3
4.22829453622885,75.4206019886228,55.7020135523702,67.72227735533313,2.8098926578740246,35.22641577533914,2
6.982389817008858,43.458531382724274,42.20978288547093,83.52395208409132,2.745865030705187,28.37364999147799,3
9.0,44.04101270373554,25.9690411002656,231.59955035563144,2.891878981846646,5.0,2
6.527602446175157,59.064438045657944,52.608515466875076,115.4789482318271,3.160780565341355,34.93672344461962,3
6.837896175871324,79.48964014756511,42.69499058307381,20.0,4.901475661209267,11.630957367916878,3
7.539084132675289,58.17221495127835,54.292281658351826,120.64715307594966,4.608959323801811,24.88279666387205,3
4.596004255179951,36.04916115049771,22.78506058078377,70.47927316195893,4.129366430588671,20.58513585184646,1
9.0,17.62354856027119,45.53236618372992,152.97424699985814,6.043814970705447,18.593414238626632,2
6.803493194634203,27.697474746730247,51.60012541967063,147.58231723814976,0.5,25.469375512548066,2
8.947785348633664,51.4643890062493,33.649337646463955,152.79428188460273,2.309912138510954,33.93627537495597,2
5.400450506714016,36.89344953598411,21.114959095477733,147.96369606274075,2.9830910713284258,25.3132111301107,2
9.0,53.89935411981517,39.37588756944409,131.36448476901253,1.9916557890585407,39.09894760053629,2
7.662733241052175,38.941519675275316,58.42172940671393,77.20519392300068,1.6053739130214133,40.340008781807576,2
7.329560128778538,28.83707137411177,56.88895495951085,146.2672964014288,0.5,40.24870971259453,2
6.851036681529722,26.45936737093858,33.57357347866635,200.9462294567847,2.533007081873606,24.441525871874237,3
6.127207072888326,81.2470901874646,20.75371845435336,240.6836541897602,4.341040580762747,20.21782131060898,3
8.30079748771081,67.77975498367286,33.53230419475641,138.10043363469967,4.160904513456409,24.663024757952975,3
6.71053980477207,84.61035903655917,32.972835239021315,143.51950273581573,1.8718051706389474,36.2532217244566,3
3.5493954446192717,60.79901801510206,46.69670174957166,175.02135895444468,3.33036761779753,35.653634418389274,2
4.8242203074394965,41.40017182770322,38.42497745643818,224.66207797360522,5.036399722824138,5.0,3
6.221231371710879,76.46681844979875,28.70103682394287,125.68516947477264,0.7198994319821508,28.058492739583684,2
6.964998474748333,49.33863997276464,56.56394600891002,184.6325658475169,2.761746029441206,5.0,3
6.415117266650157,54.41683540580705,42.106388011672514,108.85903672378058,3.429744436213409,24.8093174123267,3
8.328456184690495,49.14351241848962,46.53123479096411,166.49244951327515,3.015023010055186,19.70996319471375,2
3.573347203942063,5.0,14.125218488030992,198.53020883091853,4.2759500910260915,16.630801714943807,2
6.7153819047577405,82.09470024589706,5.0,85.45696967261017,0.7532609555072014,33.492556391503086,2
3.773031161919268,59.820078919155065,18.43681327833388,123.74276389908911,1.4912720088038802,18.527139065960828,2
7.639568443226253,56.5964612173702,32.79184861589837,197.73915483475008,4.023062014043993,24.90495351821602,3
6.358311928336996,48.76447875458879,48.645340264207135,180.80806152573973,0.5,15.676321479738865,3
7.129414958036177,53.26855640772262,5.0,201.79730701574275,4.217651761549915,25.73721890684924,3
5.204175559115351,38.054421283075044,63.89278096557981,192.42198232270334,3.67472723434787,34.59730412918267,3
8.419197397486627,62.33158704614542,42.55849040155189,132.94482360416472,4.112879609558041,16.22123312519225,3
8.062586996088276,23.858033112017353,60.40442489424865,259.95950741973456,2.296065520860444,31.399365138322544,2
7.375316454517831,53.721368649410934,26.71044876288807,156.84549953766972,3.7647576550701776,25.564862442088938,3
6.3057241297048385,61.23146941142209,47.55789901258736,20.0,1.2415686447738192,25.47319738044005,2
7.369785927942698,46.02661732354194,41.277938949561815,135.88268138113503,2.3782425863005208,21.495921495280268,3
5.439661148018977,57.417355849420495,52.26529469581831,126.54143715003357,3.0545084104163,32.734072127086144,3
7.783333488531068,30.173312155314996,36.49312948600424,189.7624583683639,1.6518758631646353,31.709178094379237,2
8.974221341485881,30.683464582080717,47.09822813511383,127.44073424009348,3.327160302051392,23.665651637810573,2
8.10591583996878,54.73434242052787,56.532929781568,204.94849979095687,1.2836891568101017,27.026782897808886,2
5.405596295288886,63.570993092421034,30.23235559162337,177.90496862033538,3.4029762147525164,32.429761612210896,3
7.042125975909654,12.50268688996578,43.63366348734475,99.99547692649699,5.612775456580918,30.415192168876363,2
4.560287684362028,60.44041270221533,11.682066441664773,142.98133321942876,1.1150015420739623,21.933633259462525,2
7.358585466763514,39.13596999247326,50.537545285950365,111.22332778622997,2.9661598255861117,36.657078411024465,2
7.175905119293808,46.14387825385175,69.31993815193735,159.23793234268348,0.5730584129322782,33.64137818645848,2
3.695275490701754,23.209641528699258,21.33345928376957,110.92545663824394,1.750568972864374,46.1123901880055,1
4.757324234131454,32.96765519626584,38.62928109358085,153.7217615254531,4.052923757609169,9.30430578912799,2
6.075291654884349,69.32250651060622,53.207219513711706,136.38471245047944,2.3540570973147985,32.01985639316156,3
6.04871037928876,50.657267479604265,40.471262101998256,142.3888372660088,4.113615208152695,36.52089550250096,3
4.685784596871792,42.34443196580883,42.476493272398386,252.54701898990493,3.533825038015136,35.05167111592857,3
7.083468094028276,47.670232947379304,34.13500837714542,131.97573866463978,2.9032225929900117,22.47286943118749,3
6.8772104134107686,59.78423649328602,33.577716203681284,53.27834561914048,1.4558811079148004,11.368434021846245,2
6.2085963020322215,58.80988992326675,38.69958769621933,200.7913072367174,4.028232327746307,40.396546108341646,3
5.366312749762455,48.49945999206398,40.625071332090336,200.3977950901004,3.456200592677242,20.18255889618409,3
8.073060689624846,71.85918221793337,22.278381076340352,51.0529913101587,0.7079393879859674,22.045551140179334,1
8.983110669632442,69.40925273813332,39.00967021080957,114.95501893959664,1.5532116100750213,45.665487944844614,2
5.774657774230194,58.26744058260792,63.5280090806399,171.79052784232616,0.5,12.268857997747748,2
5.581749624267768,51.09223565820141,33.71299309616643,176.21016306085335,0.9515597905743611,33.18887960285208,2
7.236811498117994,63.146421902390784,21.441175256880584,149.76381182736398,2.5299356084694398,17.462123450289546,3
5.962955930379521,56.28534843602367,37.7287589802036,150.8912689466642,1.416216539478461,17.242671766460365,2
6.290904199005149,71.21600143611894,29.28080781813555,103.07060634584077,1.7525001059194696,26.676527287243697,2
7.609479727587007,67.99122753476615,19.92487262017091,30.007564327215647,5.085855236363666,31.76374798928256,2
3.635965868739061,29.63492197164543,42.087526925989316,252.47536590917684,4.5432199860571,34.50200705225093,2
8.477453487279003,28.280736585165872,29.345769442733832,101.56663611466429,1.9579977183590969,35.81473170530264,1
6.609020786494012,35.975009111918475,30.629287497200878,158.8252845032241,4.190306451603774,17.934124007791734,3
5.882760283156729,69.52277380133842,42.30141070578083,142.05760021703318,4.822309279356261,13.564730594978919,3
6.366148768667826,18.473820064575087,17.002381069564983,194.8598776136773,3.9278227373786336,21.57356102672771,3
6.443644032530778,57.89514778215987,13.876455246233128,155.7448606741079,3.448391224562843,28.47478658048429,2
3.903198044832612,57.250861821859225,50.06308291752897,157.6720476546,4.647484616577607,22.94361857688958,3
8.742407341179854,73.25296117372386,11.037495989138755,20.0,4.154276969936119,5.0,2
6.561988448405928,53.60677381327775,25.34983457038968,108.33304637288734,1.1803586046638836,6.72820175513823,2
7.164503195671063,23.135812188321985,13.002406969173435,187.23165232994987,2.71660161909155,22.595268953696205,2
7.927324655861064,30.81290078703754,32.70795299726751,182.73341125359647,2.17189637841068,33.5520085291956,2
4.96825631365955,26.360089562043505,46.42088121476748,102.41735881913942,4.728710225890619,15.953532920804777,2
7.210207848552843,39.24112067333719,41.68506923098565,71.0985708639439,2.1293669238218618,32.33071144965066,2
6.09853836365181,46.34196865152146,75.87810084185926,156.32896533614652,1.8717225430352344,10.038963375244524,3
7.77015616282474,26.69116947557886,56.30373426683501,20.0,4.540023111707459,27.555685212927415,2
3.5,79.41323981304578,26.03263224765098,92.56628738311187,3.389506523897655,27.628520426734156,2
6.351358549638096,23.49437256095118,22.04417492760384,238.00805375776554,6.167673525947461,29.687389483466596,3
5.595769016324057,76.92206847724961,80.60031911463253,222.25336644368844,1.7066377157903172,14.917185249054334,3
7.148394425951233,73.70326062878681,55.93858008600044,174.36246793825725,2.221746105801001,9.52366942200502,3
7.205066281052304,67.9660509937807,48.84054410904358,165.3668157240628,4.682951606141739,32.26051924716812,3
5.43856115776696,36.124667850064995,41.12277718323427,52.49146077378005,1.0813494431084676,9.738412882517904,1
5.431739203735935,56.84901758353803,44.102823512125255,112.96663816754418,4.979538536888832,17.290903055094027,2
6.334001947164006,24.45257732898764,17.76890086776361,135.2415701017112,1.1888169267231423,38.916826251599716,2
5.155036659027187,68.21814070067498,42.35558755295152,114.02931252494056,3.915335344816551,26.698889482166294,3
7.76297554317819,48.52030436927462,41.06847096188522,132.48783325460678,0.5,28.687539918164806,2
5.946189199328831,41.81359570826629,26.4379173534778,214.96122121731472,3.067694759982469,31.247357392366755,3
3.5,25.525103066874614,31.92210319647282,122.90884693643387,0.9457042659227564,30.891196582113373,1
5.937766915067291,5.0,62.72764590165333,132.95304097216172,5.8894128555172305,24.787168348637234,3
4.942184268734041,29.229182859284883,38.12237619557706,186.97656433418757,1.3925542308067278,15.985782895029972,2
4.053086276808582,72.25596391225812,71.06756953799666,79.02621406985983,1.756714486528737,51.84057815367615,2
4.643860042666141,41.94333143050392,13.889808452689248,107.98977105805767,3.803138934454309,22.07365287304546,2
6.664112707749455,46.61342285769906,32.168047206613785,113.11387061215785,2.0985635566548924,28.310465109707287,3
8.492961242372347,63.11108716576906,16.790821731296216,152.77960732758737,4.049930035528802,29.401391655124982,2
6.96977671079747,86.1133775623253,21.858663191622483,132.75189662531673,1.9336647320013187,19.670495417627258,3
5.59024491767639,76.50009309891277,27.576914415110544,134.3329545326433,1.8180735650961672,20.743110355948314,2
7.1838562927560545,30.55329992367624,44.729644401558865,116.75730064487524,2.9586619408791788,39.88232717497798,2
5.811364534671513,11.14858857125187,44.002392566205806,96.45848698926227,1.1746042395597864,17.6102249038804,2
5.458099446255283,97.19228518200208,29.81064520558592,180.45714621052886,3.594549547001226,29.12429845627648,3
4.768455997650523,95.37983223318906,6.583006639951272,133.10979405188726,4.315947779804633,33.95853901520724,2
3.8722567898724214,53.76907192858565,62.16539309548229,180.95094900736865,3.8294949599886565,22.858574110836095,3
5.915114440160832,24.590235088363567,35.71352925945466,94.41863347594263,3.9649213070673817,24.061160685589208,2
6.737080234880198,69.26453067787878,23.25564744548291,116.73789211251787,0.5,34.56905147035928,2
6.355064494977666,47.8403262797478,44.12396171605131,138.94084860766168,2.307528381211414,23.626505281330324,3
5.876049608078962,47.74037753786779,43.06667755784761,143.60664815918946,2.6594022515344315,5.0,3
5.081380908954828,67.88917686210257,35.15985302500052,187.7184362966105,5.181679007693399,40.03883345208916,3
7.4123692875274525,56.68749493746597,42.22796523462257,128.47453552038206,2.1280389174900596,15.245245200973041,3
4.524302120080122,26.283701779701097,22.674552393879726,187.33711214054375,0.5,27.1547675941943,1
7.664041870765213,43.50516129836052,51.39869264764725,168.74720042798472,1.494045739504761,11.822216866658335,2
4.9966744716099125,63.22305857322693,25.046993578646948,144.65736949585255,2.008210173918315,19.891206467109843,2
5.371347143970448,60.20504444810037,30.916455170448522,102.43506017517402,0.5,20.635141036115996,2
4.299822214076484,55.24033148716951,49.73202724227363,187.843763273166,4.453053781058812,26.741710942891647,3
5.747896779671545,68.66845908951728,58.05938447515351,103.68312663431746,0.645629951722412,16.22867730533623,2
7.962968687716968,42.76566024365471,63.78661852069508,148.93598099213605,3.6690323223481327,44.82834634914577,3
7.273442132665934,53.57339550438144,55.836973576998574,147.302977853196,1.3614049114551978,25.245321455962163,3
7.9676331680420525,5.0,35.13891724297327,139.64524286913587,5.260476550957616,33.81041819101472,2
7.2832138189009035,41.00699612314372,16.88450396349306,130.53401385073428,2.585769453332767,24.911455912109073,2
4.844495257204446,65.27805817151288,61.0758337840434,108.89616525191644,2.281332518121859,34.972680896576925,2
6.003816163508664,42.19211065765715,60.560439833574634,69.15317813149609,3.7923816699849877,5.0,3
5.3297013063238055,40.67545216565776,29.920357699697565,220.1902366420176,1.4890492732188871,17.952544990583114,2
8.49586235605856,29.17094096450363,53.817835567368405,125.41382678713754,3.8633197108413015,19.782040774723768,2
4.704817030360532,70.06731785458291,35.01733309103892,143.59439524412653,2.2774970627452613,19.701145009655477,2
7.840546534083666,60.969265470811415,62.519153252675935,143.28863080330296,2.1080972300849083,30.186778375428805,3
7.839430805163154,66.5082919564617,32.27703006394327,204.78021686143742,2.8686469345740795,30.871649728645046,3
9.0,15.475720760842208,69.67976931322755,246.659711075882,1.365494346019992,24.259485179225692,2
5.885470111055754,46.79099913468732,51.79180821397368,157.99237097943433,2.7136624731199976,24.507036218565773,3
7.568483239370243,44.397779844999874,66.9631726702898,142.1498665771541,3.5092275706839096,49.40511662070256,3
9.0,44.38856586802895,33.04304095525181,93.82714964202938,0.5,28.24593444201219,1
5.573537484599455,37.679449125640886,46.0754440666629,77.82057752936176,4.6369612943064,5.0,2
4.19743962870146,43.07791456439969,25.46081202483452,61.30125351779495,4.2239671951918485,32.701123988840635,2
3.6799849491383547,66.99289565413304,52.65983878178795,110.2077520238266,0.5,30.594652200729083,2
7.569068043291997,11.742972933043411,53.48562299255687,45.45726013434425,0.5,36.59344911644286,1
3.6752746879121245,85.54589536060908,75.95535877301779,203.9414976870056,4.2628599384017924,30.98398228196772,3
5.941521420593116,59.67682250052923,47.23059695829474,171.15481219967123,4.146778362774082,15.952453826951531,3
7.155969780558441,49.153362086795745,50.8614130375914,137.417974265761,3.9345521309870906,33.900045534343874,3
6.777763305244871,68.13668292745852,32.937544352443275,205.4691990380395,0.8596142947465228,25.99305955746818,3
7.138167296276258,20.9633050966313,48.12069058952858,96.44219612983625,5.742963335615224,35.46164314479543,2
6.833434783701281,36.70598189697972,34.30163186968625,109.00094723177227,1.8674986997767085,40.47899046837129,2
8.418298719970089,47.57849135218892,41.737911382629996,53.310335984912754,3.3592148115273743,23.781337373291283,2
5.071525428891805,77.31120740864355,42.61773492318693,188.7176847510106,3.3776685327582556,33.7579696624043,3
5.484507292312204,49.07006837746884,34.71542689976244,109.48293568453632,5.389396729196035,35.336534794916616,2
5.3410108320937635,59.001093423702926,40.9441764481299,150.7847806637912,3.187750949915616,26.587498677963065,2
7.745287717793915,38.208420081277445,34.37057245429869,200.12882002873388,3.623762033511796,44.58090230244703,3
7.850597882592595,59.73684137934982,34.30403312449241,218.54253777497104,2.884311183818876,35.45543358385349,3
7.176837978977762,83.54479185948914,56.14996977253408,148.54268242547147,1.2051009169324531,19.146119885764406,3
8.275240500334892,69.91053383348228,42.63120462739617,169.21187181356783,0.5,27.600793518150578,2
4.732938698935429,48.37088024444241,45.20599408300416,104.80748769781697,3.0488698121909765,33.60168903002055,2
9.0,63.509816945309396,18.140428465216964,234.16866715037668,0.8814553642278322,44.2008942042646,2
8.784857932568388,61.550339092144235,46.35187497745585,141.6924719850317,3.525265822970807,31.20856589632886,3
7.60343299586862,60.13175343394551,47.95635195962857,154.01424759340603,3.223125130776234,27.894601201412662,3
9.0,72.23906721720817,34.02492065966871,129.6573463868387,3.1866505440710404,37.638143364719724,2
4.015065188483339,72.08955407674932,71.27544514391037,209.96244992068782,1.4206130708063016,22.80545741188556,3
5.713327795606022,47.45682806250231,5.66159103723902,159.97969615415948,4.55481611454205,15.100178949614742,2
5.397044808977071,62.83758122955538,51.76550703655819,188.04672887068122,3.712156645844422,32.03756358228153,3
7.582218985636015,42.33810157680412,50.69207207432293,167.6979069989441,1.227450325403126,21.218317417420216,2
4.924788890596782,31.53855207368845,48.123743979991175,138.97953083919975,6.102821375883396,52.15768937120417,2
7.6362427240062285,44.61012488592027,42.643190584579344,196.4734280649796,2.683813023622788,27.529699340617594,3
8.555804215995071,48.47443696520835,48.26018983937556,167.26580972876906,0.9985702490117889,32.098689877978295,2
7.542804350125999,16.768380216440157,53.02263219333841,101.95104695763831,1.8624720236072574,18.716749037877936,2
6.925626535492252,67.2066511883344,29.11168624252009,100.53943080953098,0.7366637076500897,37.64600422831725,2
5.018189988648876,5.0,44.48793433270134,157.44133645158172,5.039140376530355,24.730509435691417,2
5.229723550811953,104.29633878972643,37.25024736965044,195.37289511938138,4.620672490243781,23.75463612169562,3
8.374428357945,80.03758267592637,23.59347399661737,231.9710274253202,4.109219362104556,23.994778888362195,3
7.669023505857998,44.77982551655373,50.757549619199345,61.13932712095986,3.8267128527792753,12.085957000386713,2
6.441470720933684,50.18852721127546,31.534593629739497,151.28299245493605,4.872513241224558,22.494733794848514,3
5.873135681351164,56.05943747174567,17.532119878307995,174.48238310874981,2.6370086813670928,30.46165800291338,2
3.5,38.21679224022116,31.913340089475266,164.78345674973815,3.633993215218584,9.546137605625821,2
4.893721371973342,53.852382951738726,28.01651652860304,200.46635525168546,1.782162704424003,35.21669023997086,2
9.0,47.12000044596678,55.42718513785165,182.7766988245751,2.76982717133829,22.31661545871876,3
4.5793166434963,48.11454565538068,42.29789710837117,100.72499082098301,3.675115759751085,27.447267341512607,2
6.784219731831621,53.62922126961277,60.7357411853491,99.26041556546345,0.5,5.0,2
8.011165959792798,23.729444032920114,30.00165653150431,165.6227428075862,2.070433836547925,27.249870606573825,2
4.617615997996561,50.79139448267296,53.11254807844749,199.52527122112625,3.2474807096612746,14.568531177424406,3
6.777065712171625,53.268954932349544,82.5943437221187,157.17087764763477,2.8837259010879386,21.485416350290823,3
7.906873306265982,52.576992427118284,45.340487006907104,71.10334652158609,2.3214055113817045,9.325344574829222,2
6.518748982860876,45.68338489127691,52.92473293484729,97.64142923418636,3.883727908211217,16.181184368379075,3
9.0,72.75715551938744,50.40276496338109,184.57579279326654,1.9384314401879186,23.364416852255353,3
3.9971011116827073,42.92694890236898,18.6688700886126,132.5677454541434,1.167138810020195,22.282475766121724,2
8.088092794825819,54.5465181364638,48.78725946201176,155.8978651601644,4.775649159434334,33.84530350487656,2
6.240797393905304,75.94595067851091,44.59684480974353,203.27090195758788,4.563972788905796,6.319288756751202,4
7.657880232255012,48.41247719959375,36.10378924902536,89.88954761900223,2.101276353596062,24.486307044991,2
7.161960727548869,54.28926534935103,26.73945438692679,129.28786720490228,2.896958145469955,24.009173765663476,2
5.4002657043350055,48.07230727370206,50.40974860490556,123.85635933130281,4.268984531035567,20.42192936281821,3
6.84349458868901,74.74739587127198,25.413943905840682,167.77012682639332,3.0660514900961227,15.867941129688829,3
3.7131478229025694,44.845508768274094,72.00468407022845,188.6444089135996,3.7953114103070216,36.02177082179796,3
7.404871250857091,75.66709154576411,41.712536252321925,75.98662715506092,3.7133501905901167,45.47713565966319,3
6.947237698985789,47.92824210705871,21.650394283202445,149.72318204168653,2.5212446742677894,7.8593880903771804,3
7.457990252964653,32.81080553103966,32.290055825074916,193.46645520231058,3.7738860040221085,15.758150112836898,3
8.087177487630726,63.58746341148242,35.82798492565274,57.260677426958225,1.552584560963073,14.956394623352853,2
7.051429760314567,43.90664332488688,76.18564980885769,146.78037792801965,3.5914114771178327,22.184782986358922,3
6.722134129697414,62.41001798198326,26.731165797857553,89.21077796083861,2.8888535153824897,37.55845673224198,3
5.178397495008062,5.0,38.25674105122919,117.92165482252335,2.4589193521271113,30.27670472274759,2
5.431668854526423,50.10410523789893,31.932574452024664,24.7482705259239,1.129896195804982,23.461474270621725,2
8.280101930265996,40.80789402485039,47.48887728372497,219.63670593775134,3.1974888914387862,25.16362561623624,2
8.654503108558968,28.734826269374437,32.17174879442433,132.20854362982436,3.0577954164846672,21.809873460160517,2
6.142834345531919,38.935179963204014,22.914150007904343,109.64040679820428,1.7405453067663523,32.3864682996326,2
6.569004120879911,38.52593711414697,37.07058130305702,166.4133522728575,0.6046922696718027,33.603351285740004,2
5.143078437509351,49.04028410298838,35.50909235001635,97.88448836563754,0.5332873490528107,30.912979153138778,2
8.259135267901167,22.653470774300885,31.1163343356398,93.1377735559353,2.6188905156606612,5.0,2
7.4981252355376675,56.32547560519427,31.91784461654324,225.51645849068638,3.459746459132684,25.13140757256196,3
9.0,77.32429570411576,57.77043696821505,240.43315141633994,5.774957391451436,23.13464299642346,3
5.182515384230392,55.618569938956526,35.20389678598744,120.3968163858759,2.932267732424228,34.91303612574403,2
5.932988151472674,66.17977218458017,22.98808506282351,203.36773549580897,0.5619209226323005,27.391065462895206,2
6.847168883788359,71.89124909227591,33.068260543002154,167.80202219940432,2.6896227476305934,30.567385429323938,3
7.469734306588656,74.72979024368354,40.815034891980886,79.30843541448253,4.877047347778424,20.04702953829562,3
6.176498543678552,87.40277385642611,19.95595545172969,103.59340530751075,1.9758065872481299,34.39398378938094,2
5.1905583643194495,40.015960034481395,64.38966940009598,227.55498995984675,4.677905366101337,37.338147298388066,3
7.8221112933853565,35.63032029677767,53.01369216259408,78.66024835879116,3.2635870695524947,8.730086224998178,2
7.581703043818372,65.66931296649469,61.45259115428169,264.0499669037429,3.9703223317812846,12.03810979911947,3
5.125588849154413,64.165324393148,45.88192188231524,121.43189120441104,5.788283997306065,32.62453697119191,3
8.533164201658243,65.51350599231378,8.594538248048494,229.04074531466165,0.5,23.27607705271757,2
8.255298063794905,87.78564908500505,63.030005749577704,134.72181026785816,4.344756274512359,35.287136866310306,3
6.701444745871689,50.22739817596988,27.04647460435161,189.99517957505756,2.8579483231780247,27.418207941876485,3
6.6193967935640545,58.5231311929237,28.267198839968515,219.75165700603446,1.576229199969553,31.9286771385603,3
7.331086656673861,30.392234970330502,42.34487715933165,219.49769088405048,2.8490480446153397,17.527626202643987,3
5.207445394615613,92.70642247951915,60.67344770005224,120.78172346035149,5.536456414727315,28.397938420268773,3
6.545047218746123,43.26910157581778,55.799307009286,107.13059500504369,5.00241896963348,28.42631896541455,3
3.5,43.8356814367834,53.59421680264031,145.93939951244326,0.5,18.11106000340742,2
7.814683468254403,43.06500217983515,35.3225942068817,84.97601894830109,1.8452404409762502,35.01693476775203,2
4.15776016633721,37.10208282711324,35.08588710861832,161.96320878052794,4.414341353354052,6.046783601831859,2
8.755129742643499,35.411259023047016,45.189155019701,108.96016738612424,2.9673838833254513,27.07707036595259,2
6.004819859050325,39.5259143422095,38.04893738074701,204.1354886771458,2.972979990184153,12.059226604968094,3
6.182499527103235,22.684081438981107,53.33976860994029,121.49437918909308,0.6475103163110241,14.776983582449379,2
5.558399140873242,34.293641594735234,52.4517649674284,62.887051525998984,1.8817847365514586,34.8598688829624,2
6.067941689116886,88.97926222895238,48.870119817590584,220.04573880846482,0.962691379449129,14.000751634492408,3
8.627797017722056,64.71310287282738,5.0,159.1684001665932,0.5200237828777574,13.57860995372883,1
3.5,68.51808353455436,41.91982545515896,151.45674452100366,1.1133930249037094,30.803222067106972,2
8.415448079132283,73.54417574833829,38.36719178900948,204.71973924731049,1.6078533638304904,13.892159159782103,2
7.007035221652562,86.68269128724782,42.520384026392975,193.57882511490786,1.858329796637867,35.18209526890532,3
4.689467528214177,14.571548971123121,28.685130421803898,111.90732279947872,1.7368054169093627,31.446051820286463,1
4.887031410426143,25.40233769426919,20.12821134401162,127.51091969869198,4.530684110126401,17.223561376327005,2
9.0,33.925526782106296,46.9470771996256,94.3522374970331,1.6392836924694618,34.80375682193057,1
5.081739680085903,40.605404070208046,34.65548023401907,76.77739724375924,5.139277038278448,5.6143084897822995,2
4.769974234106061,43.98861218829502,48.62039490561399,178.92962674576947,2.2740361836165617,29.724913814655785,2
8.205971813547094,41.06044894387918,29.936284334728434,169.60921550208408,3.658797989626378,12.537684757543099,2
7.0078293144288715,54.38617826264108,61.23865960739015,188.04146057612581,3.7067146220983016,19.76700587134492,3
5.0931116351954016,50.705907814904315,55.01597263856145,214.0802720747971,1.6532348688108043,20.412900666989735,3
6.824937463106928,35.54330409643501,44.45240662818821,188.72373974628363,2.5078641524884495,37.81397318018119,3
4.961370974539584,6.489024460248601,36.80067379921079,193.1729738152629,2.2455842445894696,19.987207414821047,2
8.151232097633908,30.142625892426036,52.78613316697295,46.10193709139314,3.5586610692162415,24.213806022645095,2
8.0920564473097,39.015226933748494,45.88821722856109,134.6507379037503,2.806733265873235,20.61826526587198,2
7.298009298232914,45.05841126384561,43.57876281895907,198.22882473349935,1.8774025890795287,15.173598531941595,3
7.042491591870525,27.406650813789263,55.64298114339413,91.58956318973918,3.178587432988965,14.696987546605634,2
9.0,40.1838706700716,61.398042316099605,154.58356914188818,3.5094241246949403,28.087283275309055,3
6.499529491082338,27.380252230288274,21.213832232716832,175.97322203067532,5.775067017813881,24.73611046275969,3
4.727188811868798,47.48361296903334,24.244238389752905,172.14267469192433,3.102189684143852,32.62516580539526,2
7.17421086924846,28.538173432747694,28.296089117818028,168.439815397915,3.0150125202128084,22.57936557305283,2
9.0,33.021906872590705,17.463631035346722,179.94563595227876,3.6425979156900055,22.903411234024965,2
4.977860760221222,23.82631738021722,39.058772116462734,159.03719474641096,1.575896456005712,32.657529400777825,2
5.957805849959021,46.92998608860432,49.00174682866759,76.85358963044933,0.5,21.278924089949037,2
7.124669057152179,32.67104460095203,39.67872557571495,175.34777677017468,2.5318468624187673,10.604096015789466,2
6.419142726491391,68.13568533350859,31.988175375806563,164.2373280276872,4.608148646966611,33.47546988890187,3
5.026544629434028,58.11700533385798,56.896866356937366,77.51257745722732,4.850327569753037,18.22858978802474,2
8.182786784345707,48.60296263632714,42.10834604810125,218.98676055432855,0.5,25.668865600267836,2
9.0,34.05029005312423,45.144744510494775,176.691884987402,3.9991192207401998,18.734862440020905,2
6.794197188535861,57.61040610632606,57.3135220734964,80.98258395112707,0.5,15.27498281651105,2
5.143897565395999,63.81401778697274,38.151370917232995,109.13874180139248,3.688770832248879,6.012782736585049,3
4.176559212419788,52.85376824403261,70.90321108937022,121.79739791269101,3.5990389693449836,28.391656551315137,3
6.886963971831771,82.0740371093386,33.282774941923506,121.76182805996757,0.5,5.0,3
8.155816014974386,59.19274636149632,69.96922306769349,164.6525094409221,4.500069214697531,37.983447761622685,3
7.212751619743073,68.27214435136068,25.378972271313692,101.1824124470869,5.615753851936378,35.320160935408765,3
6.496394238621719,52.67130831071957,47.762273543206625,206.40683735609673,2.9062795034962856,15.904977979795031,3
5.616092522316041,63.51328906513953,30.362017467906444,202.29017256839956,3.211499812465445,40.88252910067787,3
4.861754550922866,34.064375346616494,56.793491754716385,180.96586547997947,5.218674304480358,45.607991929342134,3
7.752126989487323,40.83203273574412,32.82651088212357,152.21208876969254,1.3105019488680298,22.266835287938218,2
7.870657432078378,56.9872710696476,44.363067859661285,196.87237575757686,1.3483838135656607,29.109704405190683,2
4.1814053199639005,56.841989631147634,30.241870059376456,136.20261385979956,1.7409247441211984,26.36269634529885,2
8.884758467271027,60.15223645886495,54.058377604999215,113.77555693083954,3.055623156466489,40.136159813466094,2
7.361106831341002,72.00785784557459,30.16373109041291,209.50548228098705,3.0516237663937202,11.073676554473712,3
8.59939196771869,21.50057656369176,65.25122267114003,165.87713785095048,2.1700645870796196,22.726304272996426,2
4.486808377272327,30.510949047794078,25.060043395579143,115.79711797093042,2.5492793828136926,34.193978580606846,1
4.451263766876842,54.59145282148506,19.8155812250778,129.11288164792103,2.1906476475738703,33.13533875195401,2
6.276546035349055,35.512727363930786,54.2732811711863,113.1786008117366,2.2622999829290826,24.571918217785086,3
7.254176640342791,117.55536482578724,31.125345396047173,251.10874294143025,1.8472178095821203,38.92311072969409,3
9.0,60.31439238340272,39.89144029825697,150.20492187252623,1.8593403922887224,27.33478328310802,2
7.559118370722697,48.43338302139686,35.16638269246419,157.88856556268343,0.5,26.13700183382527,2
6.13597808478195,39.69061453832282,20.310875992709647,186.060952393097,2.6644873584330244,31.970430238556784,3
4.960446188501162,40.39675433613911,38.84509503792493,89.23195086964972,0.5,24.39104678074138,1
8.345000859078725,50.602813226303546,58.97373842458453,204.82736331431116,4.1258386780611325,25.50261566515889,3
5.052941861373927,52.23963865242516,55.047055049583484,119.60769346060735,2.1601232337822602,17.12708004201076,2
8.942702832158481,40.86601710612974,43.47689143938887,241.50081430575744,2.820885631925509,54.3340299321105,2
6.073423025590236,44.536955069601966,56.684024395526606,134.36706349927033,2.4401855508720653,20.265871238354123,3
8.885873108926775,76.88569150469192,24.107221229587353,201.8820007381593,2.633829336977659,32.29244450468336,2
7.5183969350889175,77.69009925302069,35.11818506642491,25.160094144045658,4.895062223395077,44.087238494258024,2
6.294506765836313,55.04067959869754,45.93707411095312,91.24334619570148,0.9727553821090775,11.571801361544523,2
5.72090544226081,23.174805455265247,38.04377759774332,135.3196420501187,0.5650246164862733,31.1117456224274,2
5.98863818398088,60.77006313278087,36.29765004285164,48.460850093755454,3.179058489995946,25.231627014696073,2
7.142475038562856,81.08564883222051,21.99034401518357,180.0442224420702,2.2561804143910216,42.947316088815725,3
6.615734744326575,77.39562203924757,8.77987917035933,165.64790627181245,3.539435882015919,15.907888860735302,3
5.609282887896942,64.68851705619335,52.26799637424454,100.45861750700614,4.074865859611973,17.477452589390957,3
6.2515528845235515,78.44845910571644,43.648323598783385,149.20206850677508,1.3404851151522221,24.500918324598832,3
6.6178655445787244,51.06768544958044,53.5299756731514,190.32386149615627,3.9050832648972205,20.064856100904127,4
3.5,62.5620593966741,33.441460867624386,44.84752415650131,1.4670847696207405,20.407223800921514,2
7.187252172183048,36.38448867349639,29.30833172758609,86.32554918826716,3.1118627864071864,45.28429322825821,2
5.030418162924789,55.84530912311424,40.098219499549515,133.2455850388328,1.1446294146092924,26.270427018228467,2
4.770001395191382,76.59068487941049,52.81299472919225,151.18618133162377,3.198215635786992,17.153145665022045,3
3.9689834793339345,38.211531770262184,36.528216775185186,147.0694289199228,2.968684078617149,21.099832493027094,2
3.8091612531981647,32.771131410714275,52.02677776492729,194.46473927178553,1.3456057670907824,29.048915593501825,2
4.466828745331567,51.949778780473935,24.905379916103698,173.86056228276985,0.9623829879783834,28.373675847311272,1
5.436468563554264,45.46675592552001,37.57829300245199,184.83174202855298,4.125957876145483,19.227362495839518,3
9.0,62.98295442140841,38.948287838829536,80.50621335978174,2.3204993209824276,8.719683086396802,2
5.711180486157194,40.934809481059155,58.395849158828796,157.241192739969,4.518046443348519,24.494597405497935,3
6.766625159402047,84.36879231205428,43.11441097023862,134.64287453810283,2.1849094052629914,24.2240507462703,3
7.1007220797594925,24.206478040778883,66.19116277441293,223.10359408343837,4.953269603428815,18.538697789004107,3
6.696597779323773,75.07469572439469,19.784728000787762,158.71978186889498,1.577415667518254,37.79779766065822,3
6.3838348089110095,34.70301543383794,41.9487835661692,116.54730326419855,5.2091198362668125,30.74577900850212,3
4.7070593546011334,14.080345308319536,42.69097058770669,192.625063797752,3.2615577945870933,26.34818364901707,2
8.676391322418818,54.75750312697735,49.30139796380301,178.1648897932324,3.599695111153067,21.39288707469927,2
9.0,44.90784027972233,27.799600953266633,108.91991636797601,1.4939630798333594,42.3302862347871,1
3.9760119588159712,27.807812641939385,65.26669509116255,132.57551486154125,4.09382277439618,13.455271591458203,2
4.96395711367043,16.37246216569472,40.19445912207639,133.42767701958192,4.1458921986167585,20.034039360616,2
6.080284486434491,49.83278425457087,23.69398730597623,211.37305461397688,2.5133477137121796,20.476319153615343,3
5.053193307634713,69.51673783247635,39.75962514379572,160.1620936939221,0.5,27.989606133869597,2
7.258948330183798,61.69906986172889,35.30257715679829,186.33912392800858,1.330007151129949,31.60884830374469,3
5.40759169639008,51.13413297678531,81.74852713370993,125.33641394349586,1.329779007912062,11.634253810300805,2
9.0,59.5769514643547,55.7491539928752,166.74001455697206,3.6740292263120216,18.153899753457072,3
8.285822891515394,49.45571735244286,40.74492033562326,215.16804514648288,2.3024514907197853,29.476443930767143,2
6.8188610459483225,21.405515139392577,38.32124972201193,131.94616173746763,2.3315854255916246,18.34853393703848,3
8.040479394979599,21.582120295531134,54.26585293722198,155.75774019188881,2.150531595207874,20.98223913337009,2
8.158850636535963,45.936629420306424,54.98293240492322,81.83468718811963,5.2039354167329375,26.726447021699407,2
5.654078767912635,46.78693427267851,5.0,111.72209550449861,3.0680279412447713,15.200745193100628,2
5.275674133187053,67.0196535701353,49.64489732100001,133.27785540010885,3.2966105033749455,27.776113227127006,3
6.617214594454471,65.14608447549494,40.4194981596794,96.95803455241395,2.0709157328430168,31.125598367358283,3
7.792454186746916,62.10266031517899,20.33284267319536,216.09868387609234,2.9555420144892053,25.383867787158305,3
6.708590597980127,44.39434573845639,53.203212094362655,108.09964898792435,1.5364659859421785,39.2538381510038,3
4.134505276713504,22.38695659779721,73.69282020337397,189.33992960586227,3.5155870163368945,32.25422512063069,3
5.295763334073737,58.24142274132048,48.351939202416716,159.34181187657384,1.2801696330404542,24.590782678049713,2
6.3890407046084325,60.503386265243364,56.50642663385297,151.54259742552316,4.116329768398737,21.78575217668531,4
6.386501593511254,5.0,67.06178637946606,224.30818224825788,1.8975715908423592,42.54719239605698,3
9.0,33.31323626834674,27.546067739199223,36.969985153621025,4.4225892194823055,18.38542896242375,1
4.421018086401503,36.17891245212208,12.136428322496243,140.18975515884475,5.860941386522965,22.278274442840903,2
7.258383862753812,52.36700402246873,49.852990949642525,95.9809831717279,3.0016516672877382,20.901833046238696,2
8.733669662492435,33.93279134468612,36.28582695337823,51.92897954334812,4.967422683214334,28.978033897658428,2
9.0,49.23730862350719,19.387398214426856,90.26341331211543,4.127173423478128,47.551562945130925,2
5.893403865224058,45.78930119294016,38.8274509579631,150.86187675015356,0.8508269414463112,27.466727099088533,2
7.2371441790803,46.81701056924544,50.9132106068593,113.73264353967772,3.1663916662777614,21.77925940675407,3
7.35464053579797,35.672114125985075,37.7654250285346,194.83067949125743,3.7517980585338337,26.886715726734472,3
6.793222597329936,37.220298918666444,28.19758553897444,139.30770760293348,3.8965729731394436,11.871413915479554,3
6.351732198141041,28.394658804386147,36.64739409555234,133.76308226395284,3.2673102074624882,23.122155923809277,3
7.153963084250069,57.60134881147664,39.70785302047982,133.98595247469538,3.2479670944908317,42.040842891250485,3
3.5,61.422052571827365,11.057766060608767,145.07527969352304,3.007631037172851,31.619899979639445,2
7.523104235093947,34.587640997493224,37.8583757024396,129.07607325286236,3.199764128990528,37.309673207376576,2
6.689266855492951,80.41280192034088,19.834892917826625,107.43731512179184,1.1644815445514316,35.133464050919926,2
6.166287654832602,43.70797105115902,49.885389280316446,199.4592441988018,2.6456838285319826,17.9120037412968,3
9.0,80.60371247593122,16.58436136619833,118.7952474805527,0.8205279677827075,44.11988238197481,1
5.4875989718141716,37.157456523367934,55.19038306826404,130.8236691826907,2.253558475869036,7.239514548732917,2
5.895386016402454,9.468444468011292,33.86252396179088,171.47025400451554,2.1137916733486675,28.324973885616917,2
9.0,58.04395649824703,31.855364398419816,165.93706230786265,2.0180055394941894,5.0,2
5.251908042725216,54.970902102379746,44.41681895952958,105.32809688269752,1.4219877633164284,7.866923874500593,2
5.674827075595192,50.68787590615166,27.00948332164912,187.74909720553734,3.4039159106953307,34.35565150841206,3
6.279461864853725,37.15535043112021,44.18118631195096,176.88351699192023,2.5228945414322084,18.086672274639184,3
7.761101723194324,49.30855549028362,29.018368379674442,158.89874170936272,2.3693606163705,37.448855777355156,2
6.81170376102997,39.774810842609455,31.64898231512846,128.4341574709254,0.8886390082555851,5.0,2
4.5610619792716065,43.95300867336499,46.080312539937026,129.66346547392956,2.5532082117045154,24.114917994796595,2
5.701747155309215,66.8326451153015,22.92128899398426,139.91014484991953,4.718299199873947,12.840575416421467,3
5.588968350181683,53.68434459060187,21.034940473564646,88.4084029436117,4.741209464790511,21.714786824997873,2
6.384168432165431,62.199027746639544,43.72338261115513,148.0365775701522,3.5602688695776683,40.48348615317542,3
7.1387654879447435,45.3626298674842,39.59650221265923,194.60510202234997,2.5572690373202414,42.918022135289085,3
7.127308633831958,43.1596530839045,42.53039117214088,193.81855949170117,3.8384742453367884,30.129289152497527,3
3.8359823689273966,26.930349382227128,44.91458855082131,130.95741143617735,1.998969617734963,9.053803865521342,2
8.095911481341284,42.59926774863606,40.86063330710472,203.20416363627683,2.551121616174929,12.933151142257412,2
6.878853268994935,5.0,49.12138935950603,245.29522772647226,1.8862163361043662,26.600549621332778,2
8.57679807139086,38.1955606738873,41.461544304679876,134.18962323685864,4.362549640746135,16.940910954702034,2
7.1662974909360075,48.36251645618322,9.890441504870456,184.57573532160842,4.170008941487454,31.579725382621515,3
8.151984436603643,61.27347308540312,13.781731080072166,36.85950186546039,2.94797661143101,41.75925126683353,1
7.19981796717519,44.626442449500864,68.91923770363124,87.09266359090044,5.596878463935846,15.173301059760293,3
8.519338634304123,56.95347084489999,40.001078005882945,154.556051466676,3.61877187115642,16.049384402414294,2
7.283375954026668,6.404226772195088,54.25362477575645,99.66334687408059,3.5343413195044677,13.195648203447227,2
6.353127130335644,48.863262955861,34.81444141559386,251.96010223612242,3.373680369810132,22.457410742157485,3
9.0,16.409944141731934,39.12977358409104,179.89398436482767,1.1065697734001343,25.522274798648866,1
7.8335556834198385,25.833929686813345,33.19953018593735,198.2915823429065,1.6585802528889442,25.21581482981892,2
7.36061663150662,46.25668904272278,76.98890997192046,148.54867969197065,2.9180430694706843,33.97685287297241,3
4.585543375192496,75.52527975747108,43.798636335462135,99.8395990068174,2.930424781843049,28.92971613096819,2
4.567538573804693,57.42413526940118,31.977131417407037,124.05948589125597,3.8846440503156545,24.412858483078853,2
6.93907322321278,50.364619942742344,15.226904298547137,162.71902398131797,1.9981993364184294,25.409154084845994,2
6.718281796652361,49.60939221065796,69.60600164103778,118.10423307954945,3.1060300511348156,25.855121164771134,3
5.5788161524875255,35.72742213591066,37.55082422157545,183.55959958635998,3.1328401966552244,24.421959772089547,3
6.71147404941809,39.120331732546326,51.163436793423955,185.57074846023193,3.192292622664187,18.22885334667668,3
8.882940392065393,58.547520909415944,52.83995935459819,150.24906519697942,3.0246217755799223,12.969293611357738,2
7.543103711825448,22.29278963111011,33.05754214854444,58.71824564915002,0.8942399721720058,26.422771485596222,1
4.7884872353708925,61.861081005660424,50.08679163079234,235.73924668329795,0.5,20.006997778974224,2
6.332736759285584,42.22985865762294,30.937925698725735,139.3663571655241,1.5873545462891108,30.25103919440214,3
5.2925502787211585,66.5111414973913,25.143604569408765,285.4638324235518,2.2033154658016434,25.719826803978556,3
5.918450125387158,69.22186914464166,57.46697038768319,182.62678481760975,1.232322196424343,25.14914449555409,3
5.879576501555536,16.538319749885197,37.62715930266701,139.50224616339716,2.9164891966884756,34.844737070657565,2
5.783531626093993,38.368384735455635,47.77769250403983,172.3910938249002,4.635160453182298,10.953883288446502,3
4.617296942039908,32.88944624118753,46.16381490822657,49.0357241460694,4.08904974814182,42.69249147721169,2
6.3085179777227145,13.745440698537138,49.568979400829335,201.3071201617983,3.699499943120416,5.0,3
5.659088544729035,29.349334475811787,16.651945986975626,278.3470618764738,4.477966107993755,39.507956952925895,3
3.5,98.8251169053068,31.220642030254453,45.538326307831056,1.613065433504655,27.00836997376283,2
9.0,62.19019792424881,35.132872637553625,135.62954950871463,2.3148055954936138,19.759564276838084,2
8.133154481325008,88.34575937211508,27.52781990647764,144.73309386042368,3.9222702945873333,10.28363631241545,2
5.935548912612506,66.58196880036671,46.435102720245816,193.7614314581532,2.2882049862420093,19.00510370968574,3
6.528228574610898,35.163136779830495,57.80339616393846,255.29878370827683,2.3702602647733046,23.363229421494413,3
4.742518479023657,42.36457606651914,60.177769830194464,169.14410612977824,5.793628682863902,26.949180535551637,3
9.0,61.76872360480615,34.91192852185175,257.08959121077635,3.143163116794984,39.455973886144044,3
9.0,58.750124069460725,44.37948793686861,158.52162384423312,5.645439300301106,25.73414199214996,2
6.735040592369787,38.45315968583333,46.68465256735149,172.5711909398115,0.5,28.196540248447562,2
8.035295966278017,19.80013658841586,49.31884141305294,166.41177830801274,2.0537005430950583,28.5011379231535,2
6.762930168400886,115.75522374777478,26.82797390391034,211.0149891502543,3.6132248709778914,21.72462332657482,3
4.494911841686104,47.17700655314388,67.30870402397449,128.88394709448983,3.1405988696596188,23.077930741243556,2
5.882264946554514,43.4852221363476,53.89780276519667,190.91433793807545,0.5,23.93047549591445,3
6.697891950157936,52.266689278106035,54.28974015538662,88.46016968717865,2.6556312291416737,31.26454609201087,3
5.818178421884833,45.145428213779425,58.051900853505956,135.77479476742954,6.709526394928055,15.870712496323165,3
6.172020083847446,52.454578154109676,48.01203913398977,118.16281885305959,3.370369157745146,19.934228877414846,3
6.362900663736328,75.73894572232838,24.590298654235415,154.3980779308971,3.906653999998181,28.563392270447864,3
6.378682253201808,47.50903040627153,37.9154090266734,134.1960125298109,2.034085248112286,14.235164940937626,3
6.578387735746225,26.74579121344477,15.234199074071267,206.60668462284875,3.3649262210945112,26.136501873138574,3
4.909092400405099,46.76712411042778,46.22608764548626,106.06659524141787,2.981507702647018,19.543224364308955,2
5.424475776308096,40.711964371801784,37.4617951275168,63.434203209449365,4.678221647608362,30.052862299320218,2
4.573123601450046,78.47797874493702,39.39216424709603,82.13580901442214,4.630501330169741,38.73822982790129,2
7.9667233245293,73.42238129475142,58.060016951284766,199.70840231506597,3.61127421723111,19.553728079305113,3
3.5,52.15050000861598,33.14508942165311,101.52213283418891,3.106448723391817,32.57700841300203,2
8.230385514975389,24.42528290361487,36.218152618418856,169.89222077603543,0.5,27.00603185331116,1
8.579524095894264,25.482154731201085,40.329599439448245,135.26062483759603,0.5,21.16179448717579,1
6.046729119526068,50.30246523169107,12.400116258795514,191.21220273766275,3.1228663700962764,25.06631729845079,3
3.5,56.72645938642562,36.00904516356995,138.46171474416948,4.3119511671924835,37.979568402350445,2
5.958034157049064,42.5075436134789,5.0,288.2174258058568,4.997619085434256,23.281801639074654,3
6.403723758066771,40.39660831585532,31.21717657156391,244.90585079092523,1.6653918744395684,38.09107520853025,3
4.98410267010663,38.14401533642706,52.82783580089241,134.23949097971538,0.7361421095380818,23.800335008914526,2
5.727172409287636,49.532120795121074,46.708998373766036,127.39327054525069,4.399438729341873,10.875728655500563,3
8.795292798295026,5.0,31.077695343188857,306.6163075404231,1.7779623493524612,23.53259622296766,2
7.497390743452612,27.9734674246058,40.61197327335719,96.05745193357052,0.6343975984907768,10.096943148554505,2
5.11315382843285,37.458983091052986,23.875156493043917,147.24882260408256,2.259482762821349,21.822879054949784,2
4.103601245606852,74.15006389903841,39.9648489527572,151.12244598527138,2.233351549913632,21.43881598996866,2
6.009474023585343,33.72372716142141,83.95480428238764,149.8831051092713,4.9802566144610205,43.16855657907862,3
6.179814830974343,53.60936283662413,67.68701980557897,63.06441397347368,4.298450872022303,41.09367640917377,3
7.244298781044974,54.53085501861992,40.78933195025892,174.83012048379703,1.893919345855004,25.8539778307506,2
5.697024931148512,75.95833011321524,42.40216247373061,101.48249543038415,5.096931513834065,37.11356431470688,3
7.267249363042792,75.251548139283,25.306520280481735,221.79945620845353,3.18753878687153,21.022575099743392,3
9.0,48.84994062410167,27.973163380734242,77.20174787826892,4.591253452941141,10.7275604807574,2
7.723251533666394,40.490305176211145,45.43276483157041,152.97329636877382,4.990767762183317,30.278265527475742,3
6.427867239003841,36.72333794348619,32.12661151545272,39.19396765240559,2.6061106498957076,28.613827278014874,2
6.225274293420058,45.17873555068438,53.56224392277373,42.28081468296381,3.8569793611905254,15.624704420018546,3
5.964990298730193,41.319332913528,63.54528521466636,108.03240208536837,2.389862303349874,16.066973903529085,3
8.270961368678217,61.07254818716464,44.989311771715585,115.0894958831486,4.3951533928789015,34.39566763892309,2
5.559029831073046,58.40619634970409,41.5260580875989,223.28632064947175,3.135412715705584,8.164699970267243,3
6.567834063499974,61.836023822900316,14.788305626340225,147.97040818690508,4.440483328598544,30.58181075720592,3
6.576796852821628,75.18567422872337,51.21415367908075,214.6203450455777,5.287134995727694,21.855242028528252,4
5.747323710782702,87.25738242800354,22.844930476914126,131.01067026616616,3.820847747692457,30.595636067300973,3
4.441301678173849,52.493267868151136,33.7298630704987,180.30425914401658,2.859810216387222,34.88305727290704,2
6.984461755426502,71.98927542791307,54.393638385777024,113.72623415405496,2.884758185115004,16.25676185324345,3
6.408494042216924,42.9667963233157,55.44637246463548,110.32634654506994,0.5,13.598275182003963,2
7.250360704154855,73.70013967166031,33.00238708974824,58.95749305410527,1.9308085202529834,39.66286421296742,2
5.69959954034125,71.23018314351688,33.86626697620021,166.78769969256373,4.398860280503013,24.428136059765134,3
8.331231948219571,70.16831939885982,29.510216901149924,163.10417073500747,4.454821810522254,28.277478360532157,2
5.184839328182233,51.88139682383048,22.03219382011134,188.86564436429262,1.8981485128492077,34.10770703451843,2
9.0,36.632836720182226,30.47806776843637,160.74591435706978,3.246861926608104,15.387119737186236,2
3.8785452352576075,22.10943124269047,15.80304971627967,251.3097988596984,2.7161003668807684,34.01961873692346,2
7.152155096835337,49.199255849578016,50.245938722623976,158.8013818338755,4.034403568063939,31.401532060450425,3
7.213146023789935,80.66025084498366,45.91785407742814,199.59133571690603,6.312922145018847,39.70022865149113,3
5.306664398088676,43.80310197271854,48.40793927305769,133.79454585004487,4.062702867002886,39.52582979314106,3
7.136590906791519,65.7025317092011,25.683939241372858,104.57649828493055,1.9947338181451286,25.63436533482068,2
8.419278004640239,66.87902801037862,22.073941547274156,185.88475850933182,2.88237070786399,32.53056176623194,2
3.5,44.32627558145654,40.802714114703406,145.54260060898295,5.102892379654098,25.445512046377328,2
7.254117211236222,76.32689675039039,40.96153847425338,191.60215229648105,0.8869846134235346,26.45244155598889,3
3.5,5.0,37.79095258730582,167.64682709223405,2.0774135017667112,13.711408227377927,2
5.051502794715188,25.5449944252365,35.657750962182256,110.34933366049219,4.064945898010064,22.755048337273028,2
8.943749547351418,31.687354072830804,65.6616366654158,203.7168938838514,4.9414968798080885,7.052347987824771,3
5.627326949911919,33.605699542652204,46.39037517689468,106.44050231076662,3.913451853410419,23.625195370991673,2
4.739180053386541,56.72525902371791,69.56017587199736,181.26631316477523,2.089957627174041,38.20042761351565,3
6.203093406522977,55.80075606107804,59.03447538147449,214.08055557629265,3.804802951989589,32.77929251736377,4
9.0,57.87981144350016,65.54906389026017,130.77025807924213,3.621439150104871,26.122481378400014,3
3.752476629190961,61.92162988264974,23.88305850465997,207.79972268361576,3.52623265053438,22.979551430611068,3
4.923035132540983,30.997908617087013,48.89756486497045,169.8808417026596,2.8543894845564894,19.596800449914085,2
8.74614752476944,25.636478663853623,33.523517665099405,192.59718891981316,3.0794914622784404,15.814898845235835,2
9.0,57.92639364015726,15.049199329607006,108.1622154448707,1.6387502091918635,33.18668918129643,1
6.344853163564574,37.39535852707122,62.44004754333289,160.71501160268738,6.720306337496239,9.64966082711733,3
4.641420946210037,18.590499092640588,35.59461211441556,79.59593449877482,3.235499161015784,9.419909258877485,1
9.0,69.42688569082964,24.173475545999732,235.5650257655232,3.822768421576215,34.04357812940012,3
8.891663587623796,77.90203813004595,33.7815420512696,49.300083920774654,2.673133175357487,27.078531017141923,2
7.51842048164335,81.14321779397318,28.056638158392712,132.2624090185575,4.267965494069177,25.44825298803221,3
5.28139647659387,53.7401544294944,29.594530485749992,103.4145702900189,1.0523505876567976,27.07060584029735,2
6.426455988742945,62.51864191945805,36.675949147260255,183.7350207601119,0.5,45.100857128000705,3
6.259459878432754,77.39736446723822,65.96222789567113,246.19729729649592,2.9542927388637614,25.56038821675541,4
6.996276956923366,37.17168419953131,30.005241751830614,182.7457549343763,6.081082912676598,27.932905387982515,3
8.676502157197003,72.21355368108183,64.88905996328786,298.06418484756756,4.812481251809691,45.58058035261152,3
7.819125561706105,55.50792468286417,52.732551939692826,81.102991172058,1.7873303554043396,24.364088073534596,2
4.883935884522863,68.27423304685182,45.94407345379129,84.94079337357174,3.7741311149596397,42.26317943291292,2
8.564744675029306,53.721860417518705,51.221800483778125,105.34428841923,2.046015783254162,5.0,2
6.969698210019733,75.92513419496004,40.204834957561864,156.0622347647953,3.639625031166453,13.381198366502707,3
7.530598693788375,54.47047525083074,59.29075155795139,98.6538812358375,3.7565908143690563,18.320280819100734,3
8.699811288917903,20.32041881065165,48.50470394900651,112.41686228474872,4.389718681347199,30.83991786943001,2
4.832629625729673,79.03853264629444,15.030010224617307,181.0241761963644,0.6515044542635873,42.73990422953568,2
6.446261631940305,31.04938518055776,44.44377897834948,88.04140584430911,1.101618016717721,19.091807879693906,2
5.7028181729611775,75.06116420487828,51.75959714488923,93.3401993514949,2.886644163142562,34.78252418403004,3
4.148210861951816,48.19514237119356,35.66498172098174,130.0730623504964,1.4513649965031714,47.37225074435425,2
7.0200649664073795,73.52021970395413,41.89383809070899,134.77784645803393,1.3354168950226157,40.647606735253234,3
9.0,72.6953722973353,30.807130079883898,200.5007858610658,3.407786068834401,20.961266006286504,3
3.739883383241371,58.60285948630742,19.335615159046593,104.96801260109397,1.625946653330448,33.68562840691069,1
6.451579083425795,60.17070635254262,16.7443469360314,113.98600079395513,6.386485335582687,28.394066799311783,3
7.46081440261216,58.452572343851315,16.943980193967047,179.08350581395032,2.2002510190591456,18.40548900293019,2
6.684617302484272,9.723504874378442,50.03567113705798,190.06971618916913,2.594651873688461,29.27293114953134,3
6.33030792122639,52.366604377964045,5.0,221.4362233563294,3.4463108107757057,20.261900977342144,3
4.551175454831263,27.6787164785621,30.00280109554778,173.4560177432377,0.7380669282813797,26.243536491714302,1
6.849180114410245,53.42374287491326,28.51520072131933,156.51820299809134,3.7627567682480176,11.21602289082193,3
5.36485403447611,27.14114907233569,35.76760696018803,178.75192033730772,3.51220147475083,7.370690130946166,2
3.5,26.300961175478502,12.15352675095696,136.62935970557263,2.47604172693345,22.1346310720421,1
8.291888330770597,82.09869003507804,46.058321421109284,136.26162028122607,3.4108909613944247,28.181415619717168,2
7.937578729763064,71.3889477624838,20.902579087601517,61.29448438606232,3.642423769235954,13.721363184296457,2
6.57749146527662,49.91714830111691,56.986083110639036,194.6707978344667,5.15278606845045,30.262952543866486,4
6.843612032308554,53.695373004980475,30.673514686167515,160.57294725258734,6.750392201970129,25.427495125305846,3
8.111477019073343,45.041679485139824,38.56580464882119,188.8519633184153,1.4077485185479914,31.502516881832843,2
6.836509485167124,61.397527519590454,40.05660784832809,20.0,1.0539788850876843,34.4563855535895,2
7.856026332141972,36.4789126690239,43.66361579290858,147.6449146053227,3.154124416962023,38.43576642959254,2
6.053776698689225,69.87480525735914,40.55521566244214,107.20592468111838,0.5,31.03272060870603,2
8.46797560786092,44.93826317971778,33.59334176901052,225.06812524101167,3.974122847738256,22.047356590541675,3
6.981178588899025,41.603060083375425,45.145727960410646,180.71084577419145,3.1696211446092857,26.88862754092259,3
6.7910779154088114,50.43426036969685,46.992206957424315,161.71177054052802,3.5509298988920652,48.29180931171699,3
4.594908366931952,38.177063401487786,28.522979993355694,128.4033515329488,2.54464209732008,34.85464711832194,2
6.930433781452563,56.57364698992966,46.39551728460336,169.86041550658234,3.3825236489526027,25.71536064661419,3
5.2520676237583235,39.252748213732005,57.87580453602544,103.59071853109478,3.7083593664658028,23.494661939594778,2
5.542575910207258,59.37047205637672,50.58841294156829,145.01373261571172,3.3000351084998867,19.017606333634753,3
5.2769365575258185,74.32013077822953,53.98562862470781,121.081830650629,0.9823520768061864,13.128014474096545,2
4.900647602151162,35.613566263836525,42.578812733611684,263.3244827490846,3.258008740802282,42.0811336990008,2
9.0,47.388490854096574,25.957743308876815,223.49738780954203,5.7809470290747536,29.784990480150476,2
8.497008592982604,59.22661426070843,27.85533310444532,203.15237419914152,3.361338087719795,12.31145850148675,2
9.0,41.282852900371864,44.798319517816175,75.48444889229211,3.2055834191522465,23.74661409295039,2
4.665657470666654,59.2864112165333,54.141455877284656,193.20785561420269,5.340056486836238,37.7048846769409,3
6.6068806248663385,61.1079772130348,81.78867870991084,159.38333375709686,1.8815766633526914,20.530598424291004,3
4.559738562193856,71.66523552588608,54.727329166579054,211.17300697580728,4.334516460130157,16.855133331709908,3
5.456457684204404,37.88019907830176,22.44346363753747,166.11975475634696,2.2047639704217388,28.56768790339482,2
5.122809524875137,31.14449519539051,28.490911414600262,149.66411669808483,4.629875015017705,31.58150383183418,2
8.359376009662341,43.84845220872512,74.17775973933998,161.68921481682793,4.197072231701346,20.543171001864067,3
5.90565548284736,30.644953209058002,36.78416602034832,59.718335418872755,2.38158170500917,19.004614145915156,2
8.102569000541024,61.28996408094994,40.71271952141933,111.62983639161013,2.601058310500587,29.605871171140016,2
7.406181334382777,26.764973996471774,25.593746193861566,168.6667769351636,4.466717312127342,13.751546735751223,2
9.0,96.66032836505377,63.47655108361366,206.96941792032914,0.5,19.61798036975427,2
4.280833665290414,75.918557231475,47.50499810980938,122.47534418439409,2.337106335157953,23.796407519037757,2
8.388849859680198,50.25151539200628,28.380979781720328,147.95965600680333,3.930626225436775,32.39032052907387,2
8.219661305601091,67.34788985995952,25.092620667140935,69.95037776623049,2.5378398429075206,20.72326914536027,2
5.039931742959448,17.263962713784167,44.60805918846808,222.965540667688,3.202295070310387,30.632869049893106,2
8.01070000470974,100.46746662799116,40.663092623206786,205.68708661165604,0.5,36.66035006249253,2
7.004217444539343,38.19570775599021,52.48165325831691,182.60513092835993,1.718282856495681,19.935619559917285,3
6.158785610069888,47.59005172201281,48.204527096907995,170.34030938154453,4.019179008227713,57.22928442485552,3
5.264096769542,12.88133425623127,36.03279476847066,227.62745325733988,1.87348893440338,39.195789084210034,2
5.421335822826221,59.72574609481789,31.8429760680795,109.74945043426415,1.0463104337669806,27.724533012925104,2
9.0,27.873116858457823,37.60086777551749,104.34192218366707,4.5924127994318935,23.18213477891039,2
6.501024228436224,52.033115231320586,31.739787300148564,203.07598931282143,3.773526081104554,19.446801144579275,3
7.673195002297189,39.114511341509235,38.047067007928575,199.71566908540623,1.3671999707743638,41.61270012255197,2
5.313650927498671,28.44512130139313,40.246613929290724,90.3252206955424,3.207755766648148,27.104997063269053,2
5.330220580667541,33.91276996474765,26.531036599299142,123.43200592115669,1.4160783079120698,10.611807024733428,2
8.122977213874913,54.515760681710425,49.4601979314682,234.45465655386948,2.7713114146865765,7.878782676675129,2
4.475635682672702,24.370180542623512,34.443584282954944,170.58336641079518,3.2639822842881907,26.1244165936058,2
5.877179348142093,35.023766579528456,27.37173474571985,189.3580759009086,1.7872554011994066,26.344453698164127,2
6.551041116608348,63.26546762528956,34.72588857577198,92.04767287353218,4.113499400287859,15.83029231816221,3
6.667058902760079,102.04959749748626,43.6338723493043,182.83222622685892,4.346027553482484,9.855631791487818,4
6.231360072475765,59.551776391060095,41.24557299719955,79.02292271145599,3.395348287349785,5.369111039471758,2
7.093729671643885,31.654767156454252,46.33177172356693,51.008931719965744,3.6209732273106017,17.40669928821157,2
7.5392836337267175,42.657716598553776,53.47519187613294,186.3411980090434,0.8207567424468856,21.372519450566315,2
7.601956318188995,50.63178012305156,59.57410306012049,221.72225848172445,5.043280840265291,31.91771235429652,3
5.02129428699826,43.01150098728585,44.2822924403208,137.31069621254161,2.8630125179152963,23.696660410497948,2
6.073767353106804,68.06116333473867,23.958964191467548,122.67246590727709,1.5971154523118765,35.6398722851157,3
8.292144292815406,54.34946966028449,35.963337962045486,235.5424328123185,3.2187537186838875,31.050714960106856,2
7.841970781360809,68.1570476981974,24.93522423425488,140.26083154426962,4.118204988583325,30.132300608432764,3
4.440710822778405,43.711124194047414,65.45281110568422,146.711563822137,3.7685243505809547,34.792486442999724,3
7.027219850528303,76.51000439442512,69.81101323790745,234.69786132201676,1.3729644528173532,11.13305435503856,3
3.532662125937785,46.67028831436908,49.75466796244514,132.3207593485895,4.136456834276247,19.63756149195509,2
6.570402353090555,30.576202617240167,52.87688263958546,117.2986195327567,2.909011377301215,49.014145273483194,3
9.0,93.54640762084443,43.764147898549886,190.7754112068544,3.751806273576182,5.937729083568602,3
5.078160924096521,13.500445060777665,45.49083873191187,114.4071922810442,1.7976727491280502,22.022074619346206,1
5.248515431762627,35.22522549390145,16.038186725063163,142.7699230938909,4.5688673840799785,29.76148662413734,2
7.646044672359289,37.45944296339211,38.891014521146346,84.04206991439004,3.274073289397233,6.230630241733216,2
4.185797727185531,100.16612546113126,26.782704064806104,159.26985441882564,4.783234971207345,17.473196683105133,2
5.550867455172441,86.13717768293023,44.220348063075555,153.40487436015465,0.6976978367158164,44.95996323318372,2
7.394661706372629,79.87856287284396,39.10585231917199,198.4010137361572,0.8978713205774804,26.70440487667487,3
5.548571228465895,43.38682675247337,69.20232943519171,192.86282683308656,2.639958230047041,19.25547598315213,3
6.146045019183543,98.52356007683551,53.74941533084262,177.57590042347908,5.201437529959172,27.10470162360646,4
7.616278565472552,57.36704007681942,44.26767973782467,169.71278463905065,5.944216346510588,19.236413398603318,3
7.132319125304842,69.54526740606245,35.99590469290561,146.33729431238294,1.667360551387801,42.12521584688931,3
6.900227594443103,53.59390762212414,65.14032188139895,180.47779844979016,3.0795705474172093,15.089729868249703,3
5.991316581094942,49.01066857353497,39.55068030810205,94.38339131655064,3.232727962920983,19.772078297573334,2
7.055091672903433,44.96442652147242,44.975109424529165,32.55169640728455,4.077236419557082,10.077782706187207,2
6.314400979850365,45.80720013161675,40.63374406640253,208.09588356064467,4.3274439996187315,22.045548252801147,3
7.1867084148886775,62.169832973561576,33.93769141439016,183.70802311239567,1.3284027106324978,23.254342125406573,3
5.754601962323033,57.34399597550776,40.5475933357828,143.65067828600425,3.0968900403260577,36.95640663895099,3
6.226146538430688,49.37057259592632,10.570497239825261,203.72793042229932,0.5,14.83268830124318,2
5.015063311171979,80.19047985397708,16.784403981382187,113.42512915267363,4.216186924560606,29.836285079685815,2
6.447488584990646,5.0,45.24445812504441,114.72537339584248,2.492070197513944,25.867271293179055,2
5.283498704556733,60.1977449584239,63.52299535791229,107.79311381529163,1.1919268810469066,6.074951278239155,2
4.82893032475701,64.35477413317959,45.22331656216253,178.38109875579423,3.498820214935218,17.746993004810953,2
6.887991721783083,72.93925736510339,29.19446717655019,70.85209613926236,2.445196135491755,17.349381019298598,2
6.819109663786491,48.70257117893278,18.35719368898997,111.65191966089793,4.8921915461643355,41.83039410409491,3
7.6743106024228585,54.15840134767915,51.76790890713458,164.48575116180677,1.661126796680678,30.457268756510928,2
5.853311645637351,69.71896766629442,31.492072734773487,89.79244620386945,6.3344328000914025,26.446703735414843,3
7.112079270255133,79.8233280856036,49.6485312782884,116.98447971694074,4.2818333144450245,5.0,3
7.3261963584104945,43.98928029642464,45.84797737098576,39.42162114427181,4.931541619776258,5.917305945212036,2
7.1671607117473926,55.33951566255121,47.17450588382034,180.29033247007686,1.4567456976773232,32.2778803193884,3
5.261519475796787,83.57147928697515,40.50402561030334,115.60824033288606,5.682689065700639,32.82042792606339,3
6.724045223406783,7.519458482422976,45.75466577454462,95.03593749294228,1.1811788318875995,17.577517958705794,2
7.046210444081992,36.199748003708294,38.208183981154974,85.24886370207125,2.6852824553196375,25.27678210785773,2
6.510767700361913,79.31671957205927,30.470401984476943,129.089324389745,4.956984941110139,24.56763484462195,3
3.5,71.85075667216606,25.547514092259227,70.99222065542801,3.7601536087567116,26.694459216813147,2
6.74073443596022,60.44890421853388,5.0,247.11898385743336,1.1412571240560574,21.279954670740814,3
9.0,41.0280625378176,37.28335656393236,30.76276914155072,4.703115092763978,33.153684144557026,2
5.959941096864526,32.36363002029161,62.79067274427929,127.46904251067551,3.509931679113806,36.06109708685766,3
5.407884353217018,38.175687615152526,50.951201388063964,155.34534646456274,2.3756996459175994,15.403836200079821,2
7.060022839567098,80.96016441637386,43.415636777139376,111.23104979317228,0.6869861159255688,13.056273682645681,2
6.9685673156998575,37.431146216893076,28.989925085662733,160.60658686465578,3.6521257948092414,17.038857686897686,3
8.289102748124622,52.02845928479316,54.96008838638616,110.01992125269193,2.754858295550361,25.4871801889074,2
4.613197766136668,34.925847102765076,38.21036032295463,226.50472318365746,3.2344640231208523,28.55631240580675,2
7.5970703788624885,66.85548060198053,63.62401470683588,94.05614929451116,0.6221979597441125,32.884500050066414,2
7.385633091877195,39.225474393071174,25.28369105057978,32.438802932584025,2.3720144124654796,34.71421886127393,2
6.286780194589181,48.04812219691171,28.750457080410154,85.07500747733391,3.720456932312267,28.624486088378582,3
7.008030976882535,16.332357339143485,27.290950836705576,169.32473874068563,5.8146969169570975,27.29591826150641,2
8.044186222397535,17.732635275901202,17.768224443489803,144.10378102255677,2.692077565724054,41.48895507191021,1
7.808473070042675,50.15346386643012,25.944329722123562,187.60664539910584,5.164948588602181,25.050000385209675,3
4.785471031889407,23.49685689604476,41.54824389648876,175.08723083554833,4.18102263127477,30.900468298515722,2
7.730237280133227,92.10173278669004,29.316984627240586,118.1859825137398,3.350677449380022,28.202546466164826,2
6.402967092451222,8.76953775775501,5.0,125.54582531022265,1.4814873245008284,23.26813590248861,2
6.6093111470232735,33.99649402671792,56.11409946130183,130.7335612173387,1.5442821847035655,23.334122340680956,3
6.6097954865025415,50.33401734535101,14.73859405978892,244.21730417483263,3.9263113060598993,38.21956767034698,3
6.2746355168026104,42.69734124408431,48.83842427329955,184.54111573436847,2.2102566388421807,24.097696936855197,3
8.287561245660598,27.91709086672162,40.468218845043474,244.58434495892527,2.07695592185085,21.473308426612306,2
6.3744230602261815,30.84144321009464,71.76059224630514,192.0389686170907,2.72908449144856,17.629442680784607,3
4.820680807425247,30.18691845001523,54.95436222283929,146.82083025392242,2.7542537544912116,29.22535424855034,2
5.909705216045407,44.26556610359874,32.43093106772538,99.03192565071676,4.35115196429053,19.87861968364492,3
6.768042075215713,89.03858179034847,29.46904656467032,160.07598355743718,2.241753452609684,28.3179448884949,3
8.343822176445576,51.5587459311642,62.54091521198928,146.9565413891885,4.201860054036474,26.777237400136116,3
7.40464202742325,73.65800978775047,17.861933543478823,145.3176357330893,3.659557701081605,20.726119813123226,3
5.224197081879434,60.13952691656283,42.86319903878062,139.5450461550375,0.5,11.044157724328032,2
9.0,72.27724795964441,38.03319305125492,47.376864621188886,3.4417614944749606,14.707756893237718,2
6.897162966466969,5.0,34.85160896942986,213.04199082673279,0.5,16.281284782140055,2
8.413086106998522,43.91083957703541,45.30270976672638,147.47732553913414,1.6571651075220202,14.959700385365348,2
6.272428349634156,76.14270846301427,42.843397907630134,79.28734419856791,3.6946152698433727,29.552678239191913,3
7.300038867058174,38.56528354501333,46.86101114187616,174.08813545368227,2.9840353496109375,46.291753466738655,2
7.759202756777607,85.24946329739224,42.08463478544926,107.2081915696736,0.5,19.890099248170756,2
8.327292067631383,79.67780307535523,46.265221075258715,178.10703114853914,1.3212573495396782,21.15725320524065,2
8.086052458067337,40.617385677450756,41.40047789397392,194.08282302562304,0.5,19.15417452513619,2
7.808295500109467,39.936729619072864,30.10859669175528,200.9818245334659,0.9861551144335743,33.57676760629619,2
6.027369903208837,29.727883152910625,40.06001890354893,141.95416366725897,3.868595023977825,29.26356860393381,3
5.642380937065908,37.40811536272405,29.2842016044397,129.31111359907413,2.1638505921372806,24.83372577844502,2
6.998911265486297,25.348218716621695,28.294350929037243,118.72308198676649,3.254918312589837,12.868885324497194,2
7.899692108511604,58.576223608660115,34.95774995923372,113.87219557697516,3.0204665723092443,15.322376597523181,2
6.165918948835089,20.87907013307133,38.208652588962366,149.13849678945414,3.0488746057493783,26.75293575558127,3
8.09775794857158,62.07466032380444,40.52837959521716,139.53284688041302,4.534698634669578,27.23287290423935,3
8.67892511822927,62.56157393800497,53.74568241044996,108.7348092088917,2.695634036743464,24.838907080342693,2
5.125518621389871,16.775911896321546,32.52303876188735,92.81076230985477,4.366002559589859,31.649271272603038,2
5.24461894430558,80.9963721265668,42.95277889712231,144.5621953870709,0.5,12.77422630357992,2
6.2894374116419955,60.272185888304435,41.770415709157284,128.29011910280846,4.66713893526607,28.035898771599616,3
6.961419002283795,64.99396042889738,30.870575688009023,92.93165133590671,1.0648828618353339,27.47986322096716,3
5.713149479349424,34.82669596914455,41.10611179309817,191.52855067107038,1.3905904153825177,15.420607813299213,2
8.528304018300716,62.447582369462374,55.040821227659706,238.60463754126243,1.943073765763116,18.951002783975472,3
7.136100292277677,72.52786899444132,42.797593253251,198.12941069921123,4.625782831247156,31.931294756894737,3
6.55917057236111,48.027832019906455,43.39875893540962,113.9905994161978,1.6660502262830135,13.614083518499234,2
4.346135714197208,90.03844918496722,29.420075035859988,147.48851577050317,2.0161668311454686,49.63771069920632,2
4.5262762753587396,50.881292698258754,69.53288276807314,227.02144758437305,1.5574684229613314,30.55761600891753,2
6.9215138754227095,72.81571600904948,30.274654445162483,91.31501786112534,3.3830922012891564,24.426631893519442,3
3.5,55.8601761451731,14.983248091787836,189.12975633426126,4.115412502331502,22.478476656284233,2
8.018956114466107,61.71043065713735,52.90276180327115,77.5958395928005,5.5564867736409465,32.882014986419506,2
6.26276923344152,16.573354647304555,38.27774440527361,234.20188137156646,6.599726249680157,20.88650468403657,3
9.0,57.421074764307264,35.45437268579387,128.4842737624505,3.9752711297819543,21.296837419889375,2
9.0,35.30049797485468,31.816693293827093,261.45218622619063,3.5484812803040526,39.52588274783717,2
6.227826396128725,33.07203388444624,68.07571936473757,236.4031899320915,1.1739904018376823,20.284410051345652,3
6.340494496203028,84.88206368931957,45.31885417907024,144.6784745209306,5.863954730596465,26.36081348505395,3
7.993372271003045,45.72459503875302,48.24626832467627,114.02973134447947,3.3231046640009185,17.397879240529768,2
9.0,29.933963380490066,42.43923435373401,159.7387735945457,2.5664027371385454,27.590404774877086,2
4.042956413845975,42.817367437822504,44.050744201677944,140.9920516676718,3.5812976535803305,30.806144344400543,2
3.82043680196797,23.990995421561724,60.979369158391215,129.92165182072037,2.0454739089076783,41.82895509191819,2
5.566947791668428,78.6776893639254,36.237180081584576,67.09433727108515,0.5,15.62651110027392,2
7.374106374760797,36.0863851166697,18.145936817189053,124.27232081727065,3.857704381400403,10.521257957047874,2
7.245310385761396,60.58599867887338,53.02081981341665,94.476043912188,5.013710777900855,22.332093962179705,3
8.104657182475776,77.12213428420651,47.45052418363588,177.58238532126182,3.83538395280142,18.82886009313915,3
4.700453707452038,39.99694637570541,41.61969719327564,199.55356582987125,2.989381304997519,24.84552961445907,2
3.5,60.64044864545572,47.0612986232168,187.03420019617982,3.0199076285870405,30.219883258647883,3
7.787021292953218,29.3982789019114,34.43883669558739,167.11875448137536,3.25841962157443,47.65023075823541,2
5.257705590552148,98.91539138227368,40.3103887428139,107.35464664295492,3.212481331632876,20.48514642745556,2
3.5,68.72760269233244,38.02449619210135,160.2700386300955,2.908948023779168,5.0,2
6.717595618939073,46.14787122478388,31.12767614393625,189.6382571822188,3.0380143192032767,22.62023350492298,3
7.689763532328016,34.54332538222072,57.837591746575036,120.6882212800135,5.332519110660696,28.505276647232964,3
6.316914301818084,47.72006894320747,18.816120588732993,155.9493210697503,3.7084098215197994,15.303692599395859,3
5.813227420726266,43.200325552969616,75.41323257719449,142.72692053650385,3.157720476036846,27.33682452914617,3
6.26095665178114,89.05889107999013,53.16043313809713,233.11833348052423,3.988840344443876,26.374815353449065,4
5.944125856398825,25.489305555701954,13.330366979464735,192.57740676322624,3.988948480174865,27.59851743998919,2
4.477929332089749,52.69602846580407,36.637505057636055,180.45798058741957,4.418996944154788,32.913219541298574,3
5.427978984514352,49.6332386673258,37.47181126144663,64.16531330172826,1.8646328822507097,24.173087156633304,2
7.281919857520721,47.65179399310261,45.878299434131684,158.64186633837917,2.2792081407783154,30.475376565061595,3
6.98251781206475,47.82766690123315,25.159325938904196,142.2493285537715,1.779663818708622,7.010388527696833,2
6.752089708950231,47.67858379759033,40.48038015052326,141.81714447150637,4.150084385240538,15.376207082073336,3
5.007277277219931,67.461321326642,38.1832090281603,71.82932636291798,4.076806461610538,21.584656690739404,2
6.227745256796499,62.1796889298487,28.935724561398416,95.61156888512153,1.0901356912164428,14.948708599837225,2
3.5,58.378232227455726,26.848716527931522,146.59912560471088,3.586256719230484,25.065960021115938,2
6.767714995828085,5.0,53.78206970053536,205.71778890952305,5.05835080180181,21.562567024225963,3
8.643286561720352,55.99589748326328,14.551261899361098,120.47377150802883,2.64700104191327,20.448660104210205,2
4.288801801936842,16.887212796598348,47.16818404144077,130.00306364478664,3.470959910889457,33.83804796892974,2
5.621108490023367,62.926403262716505,51.96265460317186,239.0545997643104,4.095728554236637,25.838217913146224,4
6.993660168065194,79.4899473514103,36.72162492492375,135.15888054160817,1.0191626409019199,14.162900973424406,3
8.379263951641226,31.47521774822898,40.78559259587494,143.56052380732098,3.2279822384866534,18.966776153210972,2
5.827663075549776,44.764385553145864,57.45242499546072,144.23776089741295,4.9081742846122065,32.53220416939254,3
5.461624506101155,38.01288589894006,29.427227339139144,82.72474267977448,2.110186774853778,26.997093562189765,2
3.546615286375875,74.70863551513602,30.975213566663143,178.58990617075574,4.248699213388242,36.95940164684468,3
6.655157193962159,51.900557705441464,32.56774478351038,117.35619407078306,3.040742410708679,33.46566244105462,3
9.0,84.56658761132667,57.47988398834922,148.4964691480131,1.9882430367994888,21.109330711016458,2
6.916037692947014,58.275084058947755,59.384406203270615,172.21864822088986,2.855237173778377,39.35508448908159,3
6.46658153122443,54.84900361271639,19.061646483045713,247.12787945176962,2.210808113870652,40.17815324199256,3
6.983123466150478,51.364135652056724,55.09361120967455,84.11149777268784,1.6675289373557012,7.145804426821613,3
6.483361994077097,66.35984198514673,52.28362459520926,193.2491092533112,2.6184828413203376,25.317808200919377,4
5.280478441609805,15.246276035093132,63.30392215674742,193.43616280869838,3.1026394685791834,19.501605095239707,2
7.734919873516558,51.7068791104102,45.77662048189569,118.08926136103634,2.7509184261766975,22.395242003824563,2
6.838642284667632,48.5990711254407,39.33609819582135,179.97519240259908,2.6019396283067393,16.83849194928454,3
6.526419877900486,64.50837654315532,57.17825029857488,232.1718075645946,3.338993824448399,15.585791177235246,4
5.036950959082625,46.24596788251926,50.48355687252648,111.7514395393779,3.7971089624715724,34.01173239532249,3
8.455261897902139,29.2253113167466,73.6734762122309,162.07348985675773,1.2838571507403902,13.319384404332322,2
7.497054117999665,50.14701349839398,54.38061767442742,170.24006819698926,2.6214061959290884,25.933545667400224,3
5.670618743949047,28.34318942263313,42.303219646358734,176.7089427476775,0.5,11.508629102948397,2
8.002737280522906,11.494755748250292,22.38843429435743,188.46458803580063,2.756724961448695,37.69405811935106,2
5.753643742422189,64.54244962970986,31.286242342088222,158.3152414126087,3.2257935691074318,25.30033854716784,3
5.326994761233444,61.58123145389341,18.460675329579757,175.67180931740012,3.854670018248156,32.452921846797594,3
5.360445323779569,59.34181887987149,36.77406945908705,104.42631749381383,3.231157209744457,26.951057812000286,2
3.8433971703678633,76.05856843891623,53.89101389849268,158.20017468197787,3.822263466081372,22.46755842758489,3
7.207313570627308,36.699362193921495,39.94493367279227,126.1829367159743,3.097837472503916,25.68370900915038,2
3.7532826824924745,21.3777171445749,55.32587903140109,88.50855474229562,1.9867224327262885,40.0733341951977,2
4.6573342531013555,48.59940446383911,45.0636060015852,124.54277252815498,1.3260972474154509,16.025733391011926,2
3.5,43.04999400588179,33.95361565368985,163.4728196099029,2.6054959390672052,5.0,2
6.37089546081366,33.154085664598625,41.31437732754946,171.78986381850964,1.8505856948895647,17.131352854884568,2
6.274519309592192,48.40301693024408,47.08145036582644,86.57704395386145,2.8204213280535453,12.909125363286076,3
6.009955680220454,37.76789707590831,42.08835097695424,103.11616416375645,2.2621844947688556,34.680144644989284,2
4.936133457994136,13.279894332863378,42.26026343277871,186.23281398466105,3.6286215188460718,23.24270704175317,2
4.74164936984504,41.17646618412479,28.4642483861994,175.40740463079317,3.0734325366858513,33.27451084049433,2
7.196554795319861,27.272496665922855,33.50535602136676,194.35513310231764,3.6712415043858724,25.318915821363348,3
5.674172102437268,54.63296143221845,73.87691194231967,218.39152135882802,3.6635770849118416,25.086760418255693,3
6.974537482304217,36.8793048351869,58.42699735635314,176.89435547952993,2.7304904344253558,26.63944953326692,3
5.172126970813666,72.23262948282104,17.89238654785426,129.2596186414564,2.8224954826180193,39.800242857996864,2
6.771594114156623,82.07732134535732,5.0,155.74247290409585,3.752406732482042,26.865275744272815,3
8.454917055974096,63.587627460238124,41.142886321730835,232.9948550463691,6.6689083960111875,36.091698497800984,3
7.379248700589175,18.9794763603336,53.40209341638985,288.22244988926934,1.516303279596626,35.451638684171776,2
5.88137927267528,80.10391997758079,32.20087243866689,173.15481828711796,3.0626272319841896,23.367084185841776,3
6.885798455533891,81.51440900747531,55.32488092296907,176.77770694056534,1.2064374791639403,24.26065483197938,3
6.1390022382046805,50.37581022615881,40.89481847510626,186.28541834987084,2.9686314756631327,21.221973341667226,3
6.5118202770420925,76.45852320671064,37.55408080409538,151.18964229096815,1.9889086445184387,37.831772257784436,3
6.011583421777244,38.96649723906644,51.341727642627724,208.1926951171312,2.8201403834217595,15.589379834820004,3
6.253497191171913,12.675081303008213,32.021863106465965,200.40226463664254,3.2329655009217877,17.770082718890258,3
6.818140029611262,34.79431122756813,35.699405172945205,167.7188223574408,2.2659133313640583,22.237559648251214,3
5.0099619506270745,84.58601732089514,50.05250893195694,134.09900469971922,0.5,13.518476698486474,2
4.976181759515033,20.17840152777053,39.529060944009636,73.96518063114316,5.13830351572921,19.087052162909615,2
4.417186169253183,49.99042563862989,68.63164410066604,186.62067738071252,4.258915469698964,36.36066192247355,3
4.099593343244435,50.68287786680425,50.407381192840276,160.6429157613052,2.8041611566337026,31.514056481734375,2
4.674075961669281,39.740515120643764,49.432207424991425,113.11161346729494,1.6579005026841576,20.79259805148031,1
6.739193760206193,41.1295680032577,39.25743030902398,93.50398675026864,3.1275368854245413,33.028289119191925,3
5.160818726762174,51.44498268472405,53.121320150644095,183.07164246916258,3.5414832375621126,45.81908068677919,3
7.270421696346644,38.756753161305454,35.160883407975305,69.93818391915175,4.155017723639412,28.131118928619724,2
6.552070623128842,21.558830056641376,44.23566626799273,164.98205937219026,4.293333246601179,39.20359459433266,3
3.5472436798429197,54.30063885886912,26.255604294931594,192.1775204584447,4.576014457967769,33.51588816797037,2
7.482463376332535,71.46733164889945,55.59162088345887,177.49464432083116,0.5,22.055630315143503,3
7.716197968387565,67.39145037306842,44.35907045892688,130.46301128207799,2.543035178968284,26.97297969714119,3
5.00920598774772,33.805290652203766,69.73769595546815,87.53127577625429,4.489651230917441,30.262824669744305,2
7.130287314342487,24.975441692446484,75.88447575504637,179.3509619897595,1.614552446043053,17.55030256327887,2
5.215252643886202,44.316242356904425,51.44979177149722,210.02615459767102,4.828901365772509,5.0,3
6.646505565122503,81.35583019591328,41.02637966811855,121.36333226284796,5.715566422707413,16.659244371209606,3
4.603252389567551,62.911961579190915,25.80903231811647,175.34541001464297,4.786881479188741,5.0,2
3.810340321198135,64.07929353588467,53.57124704888236,229.07575593659044,3.9923856106548223,17.48546573358744,3
5.925774215580547,67.79713903570989,43.154268458428426,166.94235482208052,2.3287406589557276,7.925554537525482,3
6.314406580587746,58.41533125037173,48.07052258731693,130.1559927561106,3.4224522056218083,33.801087040750346,3
5.903480459578094,52.41217095227157,65.94681081184365,202.0426770031579,0.9808580269190648,13.174024992662861,3
4.7239541626661605,63.24613793295936,27.633650670049796,113.12195129210939,1.8283340031123658,30.44108088953219,2
5.900151406803294,39.07667791563961,26.13543747277995,85.09039924734884,1.9337947762327943,32.66602063173473,2
6.903942128871101,21.710739772673584,36.4536109244398,190.61605955729897,3.092958860948921,32.01508773690185,3
6.432660454816195,64.45993869248646,52.31801724627735,129.69188682582183,2.4117341018575633,6.316638159354291,3
6.77375154589882,74.7547621149845,48.32300860321732,134.17394929981577,3.392399934930096,36.22644395402193,3
5.49482719931865,27.635361212879374,26.56467232456341,118.65296822244643,4.316740237315887,29.203383660514724,2
8.257576872074239,66.438429648318,51.34829351053724,126.35913022229582,1.9354086856931076,33.04265741202434,2
4.73573999516783,83.61531426776381,21.981807716601057,220.1516713763433,3.2229016394055767,43.298762692036846,2
7.231340445630078,49.95507596485758,27.433874884767135,233.12493828918338,2.376046515273095,32.943321371067334,3
8.272836639439943,33.63995630516507,38.26814024216216,239.74893180723046,3.2852437404857726,13.173473690505533,2
7.221362139123343,52.46037347053511,31.6985313103717,204.50603105887564,4.029258897317729,31.53283440848822,3
6.196213659402755,38.989320635985976,53.34789232976402,173.3135629886619,4.381853686263318,9.963831062210316,3
5.707554430005532,37.665397800871965,44.29567724501642,78.38572040334434,4.005456178939558,24.370343811622977,2
8.054131476569385,58.66368134543085,66.4834176644089,140.6237648549825,3.620978443393491,19.967712002198375,3
4.365537612107491,17.92541049940209,36.29221951968378,257.83772443118437,0.8696800904707058,25.101505403615178,1
5.044813609430534,21.121421550155457,38.16696773438885,128.2189210623673,1.378101105681166,9.90457828211994,2
5.903663351762418,50.385817607478856,58.155739135926446,225.70722373861375,1.7637325802992634,11.056209236317747,3
8.356480636267998,49.55382922175138,38.636187953143065,152.75179095152725,3.537930310211287,20.50647584980882,2
7.0696514540613435,56.871091540798716,62.41007871561319,20.0,1.0634926314141906,22.77476892615358,2
5.047931362234632,87.50450776966777,48.112423155767374,182.02427818344813,3.5062834922517863,20.742049211186142,3
6.034538441922645,52.09028072151642,5.0,213.31273480891556,3.396703885698973,39.50452498019211,3
5.578515283855558,61.96344300669589,57.66355621224196,147.55020156797278,0.5,29.236421244576274,3
5.435316511649697,30.48934128770736,53.69090219679713,211.65255022427067,1.3685957673486722,28.961914597593818,2
7.968334337835168,65.35875327033074,54.269989091658175,66.60862427914564,4.565813362285125,21.176876586379866,3
4.442385306104741,39.472182697786444,11.33532432182113,80.72178680503153,4.04611372259237,11.081681603194983,1
8.91317128360156,51.428416651621866,30.05515058093429,160.24321540428437,1.7244090042075988,24.958792151590266,2
7.742344535276934,47.82302749861677,31.169427496648453,173.8557363908766,1.4477085218783248,43.072699661499456,2
8.136292505905548,70.65948469828062,27.383179486594116,217.82894342961393,0.5,27.243796278841536,2
5.805590731962113,23.80046891250001,66.12883797840908,181.94622333742802,5.206946531581972,36.131924272352265,3
6.275088921381336,5.0,39.82348243264549,90.31854553174784,3.0615815526465675,37.39390887049524,2
4.350272278212932,45.73134605824151,39.45158586056244,160.6522811037193,5.825586083017801,30.595412589480127,2
5.713006389399796,59.37062513810248,48.28012465473668,180.03637226440745,2.712493369541615,27.202739717340357,3
7.240482271464726,53.04538751615,48.539525018340726,56.288300065143545,3.423883948334378,15.122685192903283,2
8.444094592672094,74.64408474827823,5.0,147.81832651309924,4.336947707142894,22.915528584552266,2
4.839264774796322,58.74745348359337,30.30463694275955,133.22087280308875,5.458264029271366,21.391047638124036,2
5.951741094522101,38.7230333628028,18.808171333130847,117.26534631271275,3.751532487726636,28.29995557446147,2
6.273051169651216,5.0,46.004591397322294,174.93885258763362,3.003610826907439,10.85933392534815,2
4.4063161967112725,45.253755316095635,35.66661378498929,92.51592367210381,3.0419364916730456,19.62709304348213,2
7.387023862637601,70.55918004515595,40.23081346751903,170.8439756001825,1.4312465966895975,29.040158901164077,3
5.414014502386086,42.15904434665771,8.822203766642154,177.97455646044472,2.427175699701524,17.97885180400663,2
6.206914473234464,50.56640527355528,35.35221662964253,204.1881655130487,3.076829226922634,15.843902462162994,3
5.822075942132184,58.42720508613417,56.72695377749223,93.82903686036977,5.072840812652643,17.08584944519479,3
5.3159922414204885,29.694152515003683,61.141742246532516,74.73828908227263,2.354935209777986,22.27590620900988,2
6.489432521779168,62.46471793277635,50.7829512931105,163.94518036695058,4.593981968210679,5.0,4
6.176585632147966,82.74243580003412,19.96802059827822,135.68643830661492,2.877242983104211,17.538409873387977,3
5.942213176582001,46.54373296213188,58.89102704488185,295.13251312468606,4.865337839373657,34.527532116769144,3
5.407307567479486,27.418711563353963,50.86003382500024,172.9249238121466,4.015083740959427,28.23878580406538,3
6.979287006174433,48.66797945956053,38.24216448903192,152.90808558520908,3.9137930442770283,29.200385782300202,3
8.980425902738428,5.512317827822628,9.62445528235384,141.35860221617924,4.468239989993292,6.7230883408613415,1
6.709830849258691,56.73806527953232,54.30392425993776,89.09690772802756,4.249739866928938,20.858010219441244,3
7.994177322366694,59.04548755297158,31.117505050249314,178.19407764772987,4.5957200935557365,23.8412094743873,3
4.414667112269806,83.51272587691125,45.192487315821715,146.0427486864601,6.197645938860847,29.643616098129407,3
6.736642158940654,46.1201041486675,41.025907909549936,146.08431582852825,5.425342067023392,36.10855517895484,3
4.8539475215434,58.16970676292941,63.075924766574175,154.72216627493276,3.699636351247444,34.54725915800212,3
4.284612608702147,32.77423795228198,38.11949521003737,161.06062649586227,2.3373797119445197,19.146250330270718,2
5.390942888811446,42.871457589498426,39.773296148710784,63.03721770412392,3.5496266845362374,19.37517795441957,2
8.287849001620359,19.49629126675604,63.67923085717945,191.8511503185466,0.5,39.12015989061333,2
7.925023743004468,46.10420757433529,30.12666634374717,107.67778125920387,4.243479918751537,21.399294177130564,2
6.8645070830816,43.893816929628706,52.21484277111666,143.09839012656863,1.409950208139584,14.174052989129473,3
4.200949160165104,55.98399532177792,37.02076415682304,214.29524603326445,4.68372191396176,22.928681419969564,3
6.205579022918095,37.52806239334721,24.961870569926063,238.97242961350568,5.970433550536075,38.49359789285819,3
6.952550013352603,51.666907019501835,40.017414800813086,64.97527806868042,0.8235984859726364,15.95128823159897,2
6.763304344367897,43.332398887846686,50.375576704119815,151.51224138373243,2.9245434056886195,20.711201402263058,3
3.7343096247788816,43.370012234009714,60.30564759964767,163.6456592583018,1.4033807209988538,16.364891008574173,2
5.164523227970192,51.607246519260606,62.12040978018524,74.62349869042768,0.5,34.5639432872567,2
6.403883353776925,50.8104588463402,35.57853888661701,190.12956822090825,2.8405175231941846,27.878540634496666,3
7.304436364275785,65.22348078103278,25.191261519516797,155.81313387070864,3.9527505556478206,34.25880244360482,3
3.5,47.587139317403306,35.21891650633781,159.70797978474982,4.131600643978566,40.65018881555325,2
6.256814036780212,43.002293017539934,22.277038700047665,104.12235408290326,3.2308887188480164,9.878982210227274,2
6.714573154818429,46.38385109825548,36.73920700875242,170.6443321690674,0.5036519150796557,17.40848627640468,2
7.774417982774319,35.70671766318015,34.87502074570362,191.91119781949686,3.185068143679956,20.664780832071145,2
7.539286376356155,42.80177812866657,50.91235306235148,156.36489418629668,0.7611779756316945,25.68838359623947,2
7.373856978213208,90.62317426146463,6.910972301284325,124.30320495184732,0.8595176129132049,30.058976077990593,2
5.3000892399470985,31.74642478608266,28.995880808700406,128.1965340976818,1.5047701676151606,20.085463724493298,2
3.637996794315039,44.42687332241381,29.117225433371267,161.01978535629829,4.57471678706763,18.080584713784972,2
5.910420864407898,42.250226734606194,57.80690878612038,152.43986891903148,3.817883018522316,34.56659432221819,3
8.00244773781284,45.05656775511201,23.292334338984745,195.24110595596977,3.483886046823901,30.460975203249575,2
8.590181791286646,43.3752138224321,43.39986039473491,125.9870856237917,1.7060787287447479,28.158817813492366,2
7.565823653446678,55.58480202441999,38.07807378370328,89.08096986295874,2.4183369246729107,5.0,2
7.144011234202601,15.796497972164111,55.64563790254573,167.96930386602514,0.9448162407644065,37.06676498469055,2
7.069459472578949,70.7434294506401,48.93747796765821,126.12350735006483,5.046451990338145,26.83969140985988,3
5.665821879858829,62.65165599284394,41.818655977305696,189.18409745181833,6.295887011355438,23.380208160438666,3
6.30490955966957,25.142568278737304,31.679996881178976,150.37693152288003,3.834897621109689,16.806673583248337,3
9.0,5.0,12.21486245335186,182.74066021824112,4.097631316515542,18.670856139443167,2
5.086162991312186,30.458557077171978,43.70628483531108,99.2841476634606,2.761559791182946,16.09085910442053,2
8.922168186064777,45.14667077145755,47.95734697794809,157.16931316149106,0.5708214545124539,5.02425125141157,2
6.016957768261912,101.6058379738155,16.376985812880203,115.03683963080418,1.7340528140592109,16.824781990891452,2
8.488148163642618,60.86513929948546,21.494587535071762,88.981317346189,2.301923176599741,9.009621029168224,2
4.389777485753693,13.84820701637085,43.78494960057514,106.94460609644923,2.4221159842308673,24.39532698784326,1
7.378856301746974,36.20688990198112,45.08712529311805,122.77614541120705,2.076909557144574,13.492391329580819,2
5.3948447960785675,48.93575127454034,25.14029034861911,212.2347263511926,3.0716299628573505,32.299340891115975,2
4.377099212113719,55.07367108596194,31.38902929647943,121.45298002536703,1.7247463672019767,8.356793081480745,2
6.827801063616419,23.705022793791542,12.4526674214436,86.42298748608884,6.251586180929443,36.9474494919794,2
8.014207682893954,47.30019544045877,60.6589585571985,156.57387112483343,0.9519389775056211,33.36614896609508,2
5.232587842109755,35.647217247789186,20.501883889473216,151.45903303388374,4.3309643160338265,14.337642803829887,2
4.251476059312398,27.92482874795367,48.13389086872826,125.3973493994901,2.6072179347571685,24.057328522468964,2
6.362232853497567,55.191912933979076,39.475589557699294,141.93882670769366,3.694197142892773,16.456221618048716,3
6.368847006834228,65.47754346885645,59.343904294371384,198.81135429982854,3.762172300766437,30.785993455076795,4
7.3224794413317476,66.82082553923239,28.116188608378653,183.5352882699588,3.2355648451809826,42.99856823153509,3
7.924391857046732,61.48772702267752,40.91879065510581,179.21151034368654,1.2999438786005637,36.8106401110682,2
6.410877228091259,40.052609337194745,14.52359636143975,90.81606077398848,2.501940374444861,18.12271878052629,2
9.0,64.29099522927012,10.922097445903695,294.32740308576615,3.2536429082990144,26.146346148610295,2
6.836352116802938,56.18108876208576,48.94500375798211,202.5626105137111,3.1596507529261793,40.2226232390289,3
5.980360240989651,52.67883765904026,13.224612413954471,175.8514281595436,1.4653020378269606,30.242707657383498,2
4.082648961345758,37.76613756596403,36.576736983482036,91.78441128013952,4.93681868856235,35.101127298885984,2
6.106010719525749,40.062477453169436,55.169431719593796,197.38650563670538,0.5,31.512285517574313,3
5.995419581883295,51.47773872249108,51.20027284142019,124.9435744850336,2.624812668353043,25.76258239623754,3
7.940457194422206,98.79748933971003,30.031217680771093,140.28645976820172,1.618021867221572,24.3053446525149,2
7.193725436100281,56.0248496018278,16.17245295387741,65.96103619703585,3.2732481245387883,12.890960979164463,2
4.730946317551075,37.77622995499428,47.64242292483293,87.92584570297453,4.525088784006639,17.341853000597183,2
6.7583815796165565,33.35221110061114,60.13385174290271,171.92732494135674,0.8895464832343825,15.981950197944242,2
7.50729675759358,40.16466774687594,30.06642882001565,200.3117337635245,6.5304078484326675,21.48653626055399,3
8.79204703908175,93.54586895098132,27.950307123893253,184.24522098975177,3.302772955436793,25.995480221186934,2
7.831255951121089,42.01486708108076,32.126470556965025,182.54094983714742,3.5725859851432027,23.920658993686956,3
7.641269981467216,68.13741069220569,48.57413066210673,146.76167715201467,0.8403684969788805,27.15863806318584,2
6.590128991922746,42.48143509057287,58.4277640962237,129.6646492316894,2.9301492174997863,31.64235205713297,3
7.082468008135175,55.22369082559257,21.405897829292165,164.44475717826967,4.457512232276838,20.844143245432207,3
8.374257351059239,65.83490548017444,17.525772860130203,191.07041615501367,3.3148823583280165,32.379966371758336,2
4.500833903780525,38.56194300380152,75.09994482898672,150.24311274667957,3.210293360590376,36.38166884156506,2
5.975841009174566,37.177766916944606,37.34015818164942,210.51260099567025,2.9222106469824176,29.151485656610312,3
5.341146876865639,83.1773938891066,43.79339193535464,139.24653680919963,0.9329998625048681,19.554722627096638,2
7.068729678089186,69.69185789791594,29.621037390735417,100.98605323519745,0.9244369934048198,34.46677888139608,2
8.345333263476181,65.81344637381457,47.34943464179074,149.48188789794995,4.753990689961064,29.82648110224244,3
5.60453856991839,65.74552586245828,54.40091312052284,155.29861391297842,4.323430058914641,31.188242912507555,3
3.5,59.19150976622131,44.49694257359395,145.89849663617952,4.545406758700924,40.35171493953096,2
5.881668882463295,90.3555162635013,66.11287115521652,214.03277804411306,1.7657699342930702,32.094426834680235,3
7.87021059802611,50.87816603754314,35.09883115088362,190.26509903620195,2.763648358246622,40.74271053489725,3
7.30644485442482,61.54524734401839,36.05676290446936,78.45295056891452,4.847700279001717,23.515027997720352,3
7.142279371715864,20.981741428119747,43.47109526916123,226.7183507099143,1.15701701286054,20.6857128613999,2
6.0800100471882805,33.50078626817518,46.974424682591454,20.0,4.6948236113299,36.489290692231805,2
4.58145389567032,25.98362000329919,43.41920893093914,257.55121864262486,2.120220611064161,15.142539284441073,2
7.272941482436702,75.48127167032298,20.733774595673637,135.6347243221562,1.717150049348243,43.8840939030455,2
5.2485772849480625,5.0,44.68772749293342,140.521613167425,2.9521255502902317,38.01907380846748,2
9.0,41.95379954494555,34.38739622794844,146.999188051318,1.3244971363323046,25.876150216199598,2
7.3557608125317735,5.0,31.285344788880316,169.26027164200903,0.5,37.01273634703977,2
5.629027546169073,33.3742420903622,40.48723082129865,149.98683993665784,3.1140445299734356,31.623333282439027,2
5.582922128917057,40.18102100536267,25.577159690061784,143.33024055813664,3.801398655572083,12.099682140827895,3
6.3605836900796175,77.69742187588088,22.96913014190153,215.44591546780927,4.822935258956332,16.837088414645727,3
6.1407471169673755,57.93255878442914,5.0,178.2798039875425,3.910462069757229,27.857472628161062,3
8.175250663294932,33.33716953342068,66.20855992764837,102.05980728146193,5.948095777249058,26.59543580779141,2
6.77962425461607,71.31927439463652,48.335969786545036,187.0336957167862,5.041612463604725,38.08128592853521,4
5.402552391637208,50.35664509059515,38.248538180405426,176.20535015916695,4.1071181275299224,28.020575073274742,3
9.0,50.75133717414505,29.99165144670028,122.73631372093905,3.7029282380339885,12.312819514316107,2
6.573962497280334,25.94656984456016,5.0,189.60692131810808,4.845153274609847,19.546723542737723,3
7.653259513953345,30.199725721937213,29.072066856677736,142.121369938848,0.5,32.43063739268802,1
5.587660238832861,33.498054001089514,50.73799505746114,138.91632639374498,2.2799144381055747,6.773844056732543,3
7.044673441616785,50.92922546308379,54.13261455390803,137.55434412835328,0.5,10.886411063085559,2
6.966664986714793,51.5577145396135,49.634379904049524,28.594097152380044,3.9946464485791493,21.273451535372196,3
3.6655260618557706,80.8818532704809,42.37587933628703,123.66503335326993,1.8858541838836522,34.26715277036199,2
9.0,57.70110335875668,59.55811218897068,185.65866210628008,7.529479713507064,22.83251908265692,3
8.43596669138382,5.0,35.0719416686719,148.87943785481184,2.2231113027438294,29.609326354689074,2
5.904207025781019,55.25283975743381,56.27783374201542,85.74067850721252,3.1595447473237845,25.048149505118566,3
4.846595389316217,20.999672876649345,34.231263344196805,198.23156275960187,2.396600198718501,23.5914791195608,2
7.021342420705328,30.680581507769272,26.782880366833567,135.0699920228302,2.266753142784184,18.462134362873172,2
6.6300465491215945,33.7566105654734,24.91430529366218,88.92122546692386,1.130217174253052,33.398256313139335,2
7.033503422844844,36.73323352975396,24.032553682405705,260.30062308355076,1.0797758850885377,12.457321162575683,2
6.7873660942911345,22.49701215919394,49.88602043203728,97.3413702756122,0.5,22.663429155901287,2
7.259361483958889,54.069640069045754,28.858816433543822,193.97457556428552,3.8181934542051574,36.461293380267264,3
8.67095854908771,21.783954298180817,24.504567324475843,111.53429495726976,2.3630298502080285,17.35754102526892,1
7.352154807692969,57.13335214499694,50.7060282949204,156.7913417286911,5.90044233906397,9.43662650040996,3
4.925516751635088,94.73942154123259,44.919555857083495,104.89095183159122,1.1337897238991308,5.0,2
8.543844279068677,23.412818821318723,54.43887974268703,88.03479093631707,5.214471780232418,31.66274605952026,2
8.96092184523243,44.30979391321556,47.688992669091974,176.11012723357047,5.358389003027281,32.33615611789444,2
9.0,5.0,28.703326297040324,170.26452725672004,4.915564749750722,21.557697793780537,2
4.814758950140603,43.981294140597335,41.14153624702881,207.23247221095323,3.352195965698276,12.289716440896292,2
6.864323019725412,62.85434305262967,41.87699486154516,148.28090348520684,2.4926914121708976,23.539029607191,3
3.5,64.41278462714534,26.212620122889966,261.0175897063246,4.914101545405927,36.78094468360996,3
7.329723734568814,51.547274605681935,23.430625388590112,163.41733337185178,1.8128052857434769,12.307030837076402,2
5.677699552749841,67.78526849517951,29.789175863234433,178.3387340618606,3.406061393168581,35.58174419672355,3
9.0,100.92109071885584,70.5487353500812,82.07853774463858,2.9343780809668094,8.047709933804917,2
5.338077544972127,84.24609374875199,33.808838586676764,119.29578424387347,1.6628747059559712,13.630163399618526,2
3.9662254430491073,39.54958141180726,58.49300187080071,175.98398502579886,3.4170704584264557,26.092770097505213,2
5.793104388946221,20.97792027066523,32.97009235780303,145.78861187932085,4.112757377389519,34.47652533715104,3
3.536768343174294,41.87697166852393,53.33258229309988,159.3841567517318,1.6037576858415357,39.716427030531136,2
7.626649181760965,31.060344687653036,53.53737483336771,109.17531221429033,3.690180280673775,34.917565188134944,2
3.5,59.026950957292655,54.28885761928067,156.09734867358108,0.5,40.522649143548655,2
6.542686371774738,26.37612921141004,45.81741013013438,155.9272945795868,1.4262669884096495,26.82060487929604,2
3.5,48.54355134819316,60.66049868171727,90.97824900573806,2.3139814156830663,18.784120663459777,2
6.019553293195037,66.76028109072621,45.67530954029092,182.12749223402955,3.5360058554491745,36.84086369123982,4
8.965067233706801,47.98608254365646,65.7029459401042,64.99675265410156,4.303972124451082,38.63504019697541,2
7.040971837153693,31.07372354504407,15.7012029521735,159.21190402988418,3.1242343367457566,34.30823059757589,2
5.204759592552599,73.49628115171384,45.224293715002275,238.27963469127502,3.8498936017349954,31.12560683774101,3
6.453194766591374,12.420381104923457,44.249853888035,184.0275268909541,2.7591271450958628,38.91971656845203,3
6.52702530806667,43.44409888245074,25.952202312917635,183.71496230185522,3.6071222143624477,28.419711551264463,3
7.208945518765108,49.166799532373304,48.69376332645607,105.12866625256575,3.5278635999430628,24.794687841907948,3
4.44971245507876,50.31817316799262,17.64875986635073,238.45310265764303,2.2364690615486165,32.25521465998823,2
7.388850910770996,53.60992112156163,30.187235113595072,218.8359047301144,2.466930185179092,29.775796714015687,3
3.5,62.20879639618986,10.013682806532884,107.82049885522164,3.900190758526828,33.85291121668075,2
5.5551731714542845,49.29185121909298,63.37939775444222,126.26183790925614,5.718131712962101,23.680636692268287,3
5.767589236322683,42.638834357126385,36.526757590820566,212.7328022463344,4.8102278719639795,34.09250314164902,3
7.4499902391068575,41.848213106806085,72.50326052224467,239.80736891583788,1.3063259158238996,33.57616465476262,3
6.533946279015304,37.76968395923291,52.04424889779243,86.7656982454856,1.311627391161134,27.133492760113967,2
4.39165541921557,65.7508664865373,46.721473200265365,99.81446151377116,2.196552976847605,17.496986889542818,2
5.022510311274477,37.06943041046971,31.20658458578501,142.81066217889153,3.1483820068163917,37.406243185909446,2
6.798020014321111,66.93542218016489,24.304749464688697,41.44529852787424,3.072384385461479,12.90342538991571,2
6.381398987203165,50.37998164519742,47.844573608454176,150.95225801047116,4.8604204153925235,15.422942272159553,3
5.63131383554638,39.574903862877406,38.92728986090527,209.28717570149922,4.942669958770163,26.680228476273868,3
5.778749315732031,62.3681443148827,19.910945267720486,78.06814918821253,3.0084983766232645,5.0,2
7.544251995738934,35.450921505537636,17.247123752375224,156.35534824875435,2.6584551354586887,40.429593341734986,2
5.723461140696178,62.76368081456425,25.61944406284624,120.91146475023434,3.7751196484313994,25.14692239452758,3
6.36786313395639,54.254522423835695,67.31450837899345,231.99729743769586,4.594801980077266,40.39483242626576,4
9.0,38.07350621816158,73.19916877016956,121.51040689334744,3.828655214966322,43.04033599559732,2
4.364476044674115,60.572696306691185,43.07483720963365,225.94965438742915,2.3526812949139373,23.45168658603296,3
3.722235902638012,60.93179451377277,42.23414194361933,120.12724645943864,2.0816192074390156,38.48751054150483,2
7.675384497197911,73.15039211619916,34.955194422557184,188.5587902667065,1.3340944223014133,14.398885728097529,3
5.482035408058845,69.32294024818592,25.982719775357467,162.59728091813494,3.290230271392879,29.332971222137303,2
6.022643708386069,59.82548041452566,60.627685864108656,143.08636667428493,3.934680147479531,20.26610350261579,3
5.328265432803329,27.448180975824737,68.10364590845704,110.47357154730122,4.102267789694185,31.964859017969477,2
6.110299788848732,98.97173976348114,26.598713712410717,166.15477106589466,4.727640554632347,33.825735070751165,3
8.897807168144512,21.927675778563795,38.75742432363098,127.9732368757544,5.220464400992899,23.400920987523534,2
7.703192687927179,68.98526348564619,33.25200548934748,115.5116887595931,0.9375515284839957,30.448213391197967,2
7.793335267830466,58.62567633772597,33.69641387702534,223.636137068786,3.607143650146991,34.447063028922024,3
4.375659416311032,26.51715255037771,57.788623831447936,177.37651137466136,3.6588892340710135,26.878201352829493,2
4.773269395170696,47.51398122243002,20.320576819508172,182.18194759536013,2.889080387372996,50.39040318546948,2
3.5,48.42494227510719,46.997045364044595,130.42007406938686,1.7574831450835835,23.628613758934573,2
5.285928768375869,76.11165431621046,50.92357160958798,140.70108264583476,5.166944752105156,41.55856278270332,3
7.935054779578488,35.73378199439577,37.86773239597271,137.5711666324444,2.1170992334288474,36.45391266665531,2
7.2754197736225565,44.761099871512926,53.39601740480159,166.86194562504886,0.5,6.4010455498855166,2
6.167730105571814,5.0,42.21477760806175,182.09017259212527,3.0301084276653514,39.9297340792909,3
6.46654957442292,84.69525586247154,58.25694881734168,148.48743148442142,2.6432044996713615,35.739449929787476,3
5.466671686136891,28.590635139598575,17.16692042611219,110.36775029096795,5.786545909220204,26.1414591877328,2
6.807138323602676,56.5382172847835,34.76837108489696,188.02852285132744,3.7345409312906255,28.688734894074933,3
7.648817419220922,47.97184340556272,38.92280285723448,151.6701934104168,2.5421058797531515,29.92790928387234,2
4.07616981888429,48.0399806643332,5.0,77.95818106145096,2.7047173644103886,38.75308643403814,1
6.949471531756022,66.1972396974175,23.710708996321976,43.235262496015594,2.6873947382433734,20.869234658082547,2
7.898652306432001,83.42524920607269,27.796011184618205,164.89485877302369,6.325700061845075,40.860024210129815,3
5.877349566554946,55.02987339883983,54.22308992235024,108.5263100561148,4.013225802206766,14.159412634937766,3
7.551050918180875,63.10156035261052,29.397349805280996,171.55310646982264,0.889259741588984,7.398665318332785,2
9.0,56.57783073454082,27.728815190410344,111.21908455680328,2.6333400778485223,30.934858217663034,2
6.343485810519662,70.35062847861252,52.262286709842876,156.65928862475036,2.9645513279992373,37.590261912760496,3
7.089960575007986,40.74167241027346,15.731340313149182,131.07992360189542,1.338647694803597,23.204166192501877,2
5.392914374507913,71.50781108832828,8.931338988346418,237.59604051366523,0.5,5.0,2
6.771876743903076,72.20999731294768,34.5761154989598,197.5157828909322,3.8933450726802667,10.090596904807448,4
7.190407437473456,71.65074017365819,18.28439847882467,217.3648450093915,1.7930505063931441,29.362838382650594,3
6.792263510405207,36.79704265327048,18.854810580105266,151.2023884559533,4.873157427839972,24.899450478172216,3
4.970457020436715,46.633247315256185,48.60150687531973,191.11804695574406,3.0122916489117513,37.84280450983013,2
6.809542656988176,54.789339775608696,53.13960756868869,154.5825038800571,2.2885967696073966,25.729243963262387,3
8.693293908076456,22.583159103419884,51.832963237781875,223.4795683716863,0.5,17.59411707725709,2
7.172953646771791,81.8984041617203,56.631649904608494,146.37189673718632,4.833476774441898,28.09081124114705,3
7.942980783607761,49.754469329956486,58.61701480022202,80.12553298196032,3.440290248967953,35.15612059260746,2
6.144482044981059,55.678557752094434,8.071146867596038,50.068923737303066,2.3277079217739565,38.51234430541888,2
7.624850359135566,38.45991120545594,46.756179398941995,233.41555597822574,1.6645629186296962,23.88990641740877,2
6.918901757324789,23.462448812659545,32.05587700645662,173.92522370754295,5.398636813546883,25.674241956328405,3
5.073633905469152,37.91940229050458,28.78863631014346,177.21284250208708,1.4036704489907161,32.792719316516894,2
6.977781507198312,54.38408375267177,48.406219483130585,224.48239211457908,2.447028812546022,17.513916658141902,3
5.012455004839534,63.46857625507387,14.045567801563724,67.41325281370223,3.8546176530855947,32.36773408501652,2
5.550679587672812,53.2358308120544,13.733370911915202,132.0699392384096,5.176149960035061,22.67959318669487,2
6.783992460938562,56.93448032483901,49.503591161225756,138.1965085192483,2.67552043944333,24.24424295673759,3
6.945866410070186,43.25947250637247,47.31679026266347,187.11376166035075,1.8977745386511864,25.026764052583122,3
4.716151302384306,59.92497132490856,42.05098983807265,115.36798874495587,2.8398911871670225,26.29589893026987,2
8.080978656774315,79.65665732771814,26.80129892915295,89.9313128242605,4.3567059944360045,44.13783880100868,2
7.35800941745071,64.09578884877973,51.157444518731864,89.48256745014464,4.694092327894804,20.310183244092574,3
5.442907346583674,66.1908377650588,50.20454338090714,207.470903813601,0.9372612764319279,20.825060353616927,3
4.193622805326237,55.88032798613262,41.279567725711814,112.87339530984413,3.1724101805655143,39.46737590147863,2
6.282643131377853,19.93689860800796,22.340184380953428,122.39912578390943,0.8486018865579017,29.446908452947667,2
5.83108442920826,29.106669387375135,33.6212748140574,181.72490753639522,4.326325756465909,32.67555710065899,3
6.669710685579534,59.097516013276866,52.56750516286664,115.052729588255,3.6335758508747293,14.697494884183905,3
5.95532500826665,49.781218960798284,59.9078683420268,64.75257886221792,1.6182215535739057,27.464341788141994,2
3.5,58.79685772945656,35.10195094935507,70.91494131375505,5.301218355076745,33.1037574663115,2
5.917479592548262,83.52846835688146,36.25490548287606,147.15963016422708,3.502520220011081,18.25630370430372,3
6.04157133339753,64.52071998458668,37.574663379624084,174.86642151826106,3.337788720699943,31.284928614393884,3
7.4504915371610885,75.17772411485643,44.12339513366458,139.887737807479,2.731332776481061,22.95602480210195,3
5.452700488083425,51.8936277894146,31.283990499099644,171.52213519045344,2.987943098498015,18.545792084692522,2
9.0,33.855686450311204,5.0,69.35812369961822,2.427776247865818,35.131914429039874,1
3.6325391740223645,48.842676815713176,57.89153502470645,72.7348229515946,1.8881872556756196,36.379131274864946,2
8.466751246703936,33.90496372561724,66.92033420743824,262.69679581471206,4.843695881408091,26.287288889106932,3
6.163521543682843,81.16589913544897,30.814002105914312,211.639213606834,2.260886115501477,29.50704395268884,3
7.789377308515334,65.80782153070939,24.00019946621839,188.44859459492588,2.2103879434024165,38.24589076502093,3
6.6197022260880996,60.41024993256559,37.94349216414667,117.01376646327805,2.806058864776676,21.04512941601883,3
8.209333304038203,74.71886404456207,37.18744174406841,138.09969046347746,5.136771721282212,28.485815673533345,3
5.918957053170783,9.598871709535494,54.932778657444395,149.91613414332,4.69674884054597,21.13656546802608,3
4.852069362233282,61.76275902685319,40.81959162467557,215.7173056858262,2.40772744564877,14.815420010907856,3
8.630756430906594,23.787084313912548,28.11065754443225,170.13913832225458,4.8401781383380165,21.053521977160038,2
6.3297790311767885,49.85488603068678,20.223858241629266,176.29569006439007,3.1621802556425083,13.75056444465524,3
6.832337710436316,43.765848150655714,52.984512772295105,141.617253244125,1.7348620979879472,29.255559886918714,3
8.352127871067193,63.23473224193896,48.99266861746374,189.63325334200422,2.2858059779948903,17.2781975493754,3
4.952067136858348,54.563745779219104,55.908398171377286,165.11613737156367,5.059880803925592,11.029462670073347,3
7.393236346458886,76.90234347223577,25.477198739183592,152.201136637284,6.12426789535367,32.42706845725645,3
5.6151578653056635,37.96205678134773,67.57655349292494,112.84579139068643,3.4797251381298038,31.77672870093442,2
6.301745966533442,64.18228779266568,13.844582394141447,144.32141289491838,2.150194257475472,21.69735000502097,3
6.608418448076433,53.24446433797664,50.644015321022195,96.02336481100222,2.81262379848908,32.032017113403754,3
4.249667207829596,17.29419459856895,11.356258492046475,147.99304970065228,1.8563337270916191,16.93904059687629,1
5.331744435769348,31.627670829539348,28.145029274522983,154.44556789824497,2.0748549316151257,21.27683563078856,2
8.526609338619709,47.00243932955664,63.41534395671938,29.774080769684304,1.9274283033047712,29.073301441379904,2
7.829286782877194,72.24584899783456,52.470463817139844,138.48302304497483,2.8809843787520144,35.338018213867066,3
6.406040634009147,59.27446115114229,31.806693767692273,91.20598976977037,3.18102155468689,21.175606427902657,3
6.864685187769339,26.649983522385714,32.21744435767468,174.93196627583472,2.7777582889773162,19.040902310654314,3
6.058636241545313,47.193675439056804,41.50933166253163,181.85798717754975,2.668015598217644,34.825070386222116,3
8.534875078741972,90.3561289758606,47.71211486141084,128.68300911673413,4.14073743525854,31.12686417814337,3
6.199471133308754,52.22446669681716,58.773690740240454,177.45110435609578,2.65618661261183,26.487235001567928,3
6.847763138202272,43.45348849855208,33.15648993087258,179.55334681675305,2.7524762840493984,36.81118848223294,3
8.219045216213097,59.83479281512441,15.823224047691976,138.5142080294116,2.735159593460841,44.47005514478067,2
5.33394277273114,65.2678615916394,42.3545294057314,226.71434876518288,5.314931599426903,28.659167785283024,3
8.83818377674534,40.87663305039882,33.138537437374076,113.74625314967491,2.2631780627613796,19.10128233134336,2
4.204307885384935,60.05149548742874,20.49049442877329,223.56828516265833,3.894444160412302,29.97309106537526,3
8.944463196669197,43.422210066583816,44.46503372969192,138.74002854083972,1.8774334590938087,16.800661134472,2
5.940986624072038,64.38655203658877,36.803293688608164,107.83368233870164,3.524917247137894,37.42162766179297,3
6.135951878262078,53.39386315942568,44.59768309704692,132.42257620978089,3.819349787682506,17.983505661705827,3
3.6649847432255855,59.63935654105784,26.583336997192294,95.03053861353384,4.626388930204108,23.068595740965584,2
5.817807923933461,34.816329076649914,47.30065795488248,189.22789336946013,2.423597746061153,16.62323568256613,3
4.940290203459673,33.57427231854281,20.243527048675325,69.86155109623618,1.3290561527622278,26.82173265770865,1
5.588530481939791,68.9099460931879,27.584029154551253,219.4804276884413,1.8240220151091378,27.174542879350216,3
6.294033551316681,48.412072372290126,36.356286533690835,103.20663991267699,4.446812359705007,32.426459542336396,3
7.936687421709358,55.70069484198723,66.12727622439571,191.83266859229772,6.1226274187300085,26.196421879609954,3
6.811405027100939,43.87209145826961,51.7723805282274,151.2112930530234,4.251680118019078,25.4626704769303,3
6.961514980101671,67.97453548027288,56.157887564016846,163.54076415247982,1.1067908553174726,19.261199116056147,3
4.856720916731657,37.843800399406845,61.256155500147166,120.4978314361318,4.200979321669257,22.136526905732833,2
5.178868865595905,47.28797520198234,94.0424820371631,167.64040001665663,1.5843133634676878,11.070870190133945,2
9.0,65.71985625406263,40.62383601337651,156.7487144275432,2.476286074303141,38.93700908019309,2
5.39719844785513,73.45935398328533,61.306013846947835,77.10444659153362,3.280846615297941,24.05698177539572,2
8.984312378085944,39.52481417946633,55.18952881602912,101.8749998533371,3.5330532832064465,41.406964316034696,2
6.1354082016787,89.19367963911766,54.94048754961289,122.95439444950968,3.098163142006825,23.789709525225973,3
6.503431904215256,56.26483387387233,66.61359427060272,112.25017409367751,2.098331779425618,5.978756814296467,3
8.105547740344894,29.141434763825245,33.71030453523285,212.64054726918258,4.589937397011502,20.496060775925276,2
8.407838632907985,57.38104097179936,32.51972464095431,150.35070919237498,2.20865039265411,24.97393768994179,2
6.333781159581369,42.340015710330846,44.79648270222792,111.0664326180059,4.881769118042984,25.653503617205967,3
5.9176354197176915,58.68136974366354,37.259503421171694,125.46150879984802,0.9609301638154997,31.768372267629815,2
6.4161193272166805,49.142875046793236,44.777512794972594,124.77684582264666,3.3232955129166344,26.738804844560708,3
7.006936292348177,51.4854738038029,63.441231775795174,135.5975263997467,1.160773555152702,21.63003736547521,3
7.836955530304634,31.76813246827708,32.82779915940583,96.23352976402002,1.748876052011045,15.850102976479626,2
6.506344788491227,69.8012246143272,35.429815561094046,109.30344447013405,2.230481686599873,20.936316407379678,3
7.428329447034731,26.877452656979358,42.61466505289866,188.33034555821052,5.280908182096461,31.045258436087344,3
8.957539598406411,27.824702091900097,36.57522360962246,159.26715516834568,4.96203699915349,33.58412709101728,2
7.071964418397177,57.347206982949736,11.28991257979769,142.38312267298997,4.3113731438357945,18.261429861261526,2
6.967479284007167,82.0568849435594,31.29808535951591,150.131140865755,3.049928625325298,35.06996456212765,3
4.221633762364898,42.948138058711855,50.31059863356256,147.72196217122948,3.2820884240570147,30.69064073822782,2
3.5,64.01944645407931,61.5632012639897,139.5434447634178,4.899718742747035,16.12915798788143,3
7.0825635938452525,71.4668035372709,22.6807214869341,175.85524193537395,4.0519579293101975,27.467050505565837,3
6.357763653078692,66.29368874588138,22.610764011537356,172.1579992923963,3.027012635056135,28.69767062992807,3
5.727825987627887,43.77583421652637,40.45350704076004,71.41185133863924,5.2300073700244205,14.355571987868377,2
6.865295306279517,28.17906565611851,8.86607402683245,143.42189070453784,4.221794304245272,11.413623726093158,2
6.409394406204638,5.8490486865729,33.32544695519309,74.70903003296175,3.3636297987585273,29.73819045403836,2
8.191670375950848,44.74319001075214,13.959369106729099,181.77886017278533,2.311534829627278,20.45724012055009,2
6.629166302388467,73.56174737124348,60.53591949763698,188.38332784251418,2.176136620060481,40.12101710533638,4
5.379615072394749,27.51668030476132,28.460032684743933,119.4610551179152,2.495736967199581,42.21066278335324,2
7.985249358438933,64.0041969503753,64.7925127950854,144.1620522332642,3.685486328642978,29.719892891015313,3
6.1743033875806965,30.996949398962556,56.702820301875086,44.42798514388771,4.25367422389921,34.517401067711184,3
7.2898050255084605,52.12145152773677,30.305240534538747,198.63949070460131,0.8335622316734455,14.761465534366645,2
5.783883940710799,64.15583228310035,23.920605447308837,185.4836870125701,0.5,11.68103313941405,2
5.525259671753846,36.81009126323144,37.09681376248617,207.5042630868763,1.5727652901118014,23.585856879407018,2
6.6262523452785445,53.40969361393828,38.43030063612695,224.32720701685497,2.3884850799369803,12.134394117409808,3
6.519242965315527,41.69817326549342,45.19220415928602,88.79453535116124,4.79392080098429,28.076377087627687,3
7.21974055305025,64.10297317876353,28.351850657047315,194.40221008192208,2.579372748025218,17.163236293545744,3
6.097031370035387,54.706343369692746,51.19592310283305,223.96522222092298,3.3821600234578386,26.90455806996587,3
3.7454603243444042,51.13015348858535,43.979920824998494,75.27110644853819,3.626856767981507,23.268980818476678,2
5.850839174617417,81.16699920283955,34.89407264926204,141.43943940771433,1.4646437097434706,31.373523721936323,3
7.6907277007157235,63.24612284736604,29.319390168729655,131.82990083852877,5.189833247817406,28.26338780395426,3
6.05393588113534,36.19296267747422,37.22672525351971,192.7730932095749,2.0027911710301205,20.96076858898583,3
6.1304248962281775,48.28272198404476,27.74648122258646,30.302946682796005,5.339687183949421,11.316143349014972,2
7.979564758858905,48.482024298406785,40.87658042325381,240.79788481160972,2.8107359978044273,26.625105878591157,3
5.432040159111616,51.60639145250424,41.28158027829865,144.3731467902703,2.4937450535803407,7.5752345913310535,2
4.18579517263565,100.4901855321499,43.925609252145094,195.80472010085728,1.333816224515548,37.46106910835875,2
6.259053320711758,57.417037854219934,66.4936361450778,146.98813811542047,3.295927936797871,30.2893408030417,3
5.773739073126895,9.281948597904481,38.01332920450641,174.6062525489837,6.381573591053908,33.427745722869744,2
5.0506305203701185,39.144020565660696,55.06896800686724,33.929087069192505,3.6203824356030045,15.30515966690303,2
6.236932316151964,11.352558250083831,43.443810954635524,130.7558813599645,3.405655307923357,28.560811049765285,2
7.2372584708701755,43.404034859083204,36.42633547152319,192.38806056718394,2.0000945613162626,18.333971942171168,3
6.486067157648276,10.253795405471429,38.21261095073149,164.43661733568473,3.8879756229176703,26.49069713182562,3
6.960471609029357,32.568190578631445,39.11760386247924,68.15794536366212,3.236426710684424,15.015638702486513,2
9.0,19.585569407317603,44.196515615923246,153.07124469383066,2.905748287887791,24.16558139352928,2
5.9856817076636535,57.68320355934955,25.61018852171545,109.06288370692477,3.7421921764927646,11.214694996868069,2
6.917522951967005,50.01078725257757,18.019894248325496,104.7290374413281,0.5,23.399694096590444,2
5.7361799561012985,56.05924614997462,49.814460902114135,73.96528633416412,2.8492132614072325,8.556182669796929,2
5.230460420169541,47.90897222862947,53.47185748871889,180.9351310953565,1.2044582323219437,42.47113708930617,3
5.6226385198733455,22.114044995911645,51.18453749204204,205.65072219678177,3.043347747479915,26.604049870689494,3
5.7818621427174675,60.270427385094706,42.32458027834709,256.00715670814225,1.913700936549968,25.05680216139648,3
7.039213696320688,88.44449120538906,51.50836941179933,76.29758041285358,2.016240224158194,31.760570554492638,3
9.0,58.18425157213093,50.70143539025713,188.36860806132378,0.9998380758214491,12.006931792777575,2
5.425934845586239,41.48150801364868,51.81444038432432,191.65856852104542,4.673497456870232,17.19249033100021,3
5.875062041576806,21.438656477891097,27.106887679868297,120.97476613909959,1.983380252598182,30.310598149475698,2
6.405315480333128,31.838660584800692,23.545723042680535,104.12108072953346,2.0636420645493687,26.614546649066,2
7.0936982730646205,59.06079313144118,34.17146129871594,95.71288395165348,5.2959226067586265,17.803499196252623,3
6.895326217932178,71.4623605359875,39.73923835686017,123.63233782698924,3.851936149149876,31.48045709811268,3
8.426143690922176,55.21732349443952,36.37118309301566,160.1310797927975,0.5,28.027312871772654,2
3.5,65.99774579411967,11.849645029931867,218.00560052534064,5.078040257582723,30.055572726991215,2
3.5,64.15356488054486,65.82538918202712,205.26691690050583,5.471835962548955,28.89738480249981,3
5.756182741984776,60.130687827718354,35.88931016671397,69.22915278656687,5.331564132384521,18.185970001495004,3
8.145950281315564,36.83052809477488,42.590566248654305,110.5578375699744,4.002283864516696,24.241523631786325,2
4.151527952591605,53.47847023950305,58.66823486144588,214.98201871547354,1.347435360103482,6.429438093903872,2
3.5,33.03244392235723,5.0,113.4453583702466,2.926161738977712,19.89167796329338,1
7.356769109328813,50.348579059162034,32.32459192132432,147.1542918294912,0.8273320464254406,22.546567026950704,2
6.865485835554072,56.617270621338236,34.19324089630293,64.73555326929574,1.7009759167468947,31.267534333205994,2
4.864687389800856,83.5756761477371,34.95534931824033,207.6516707756474,1.3336699140559103,30.121509030305752,2
5.021690598918605,23.805360512647358,37.39770113929071,54.3625897074306,2.0594543172157214,17.479181990364538,2
5.045384420547988,59.630152619826106,61.70702197667267,67.85947096066904,3.2459308353171945,17.257940611660807,2
6.665802976210911,79.6247318324719,50.10188313590834,202.54085304183516,2.3326320762517305,38.06974298838003,4
5.560527085725489,65.17695531677593,54.37052902943244,246.00308397832785,2.268207367065033,22.060916005240664,3
7.2410958784632795,66.65890885650083,40.70680407716386,135.46944576375427,2.5636583329147973,26.14249919152005,3
3.5,61.753898037356244,19.009404307817483,147.65685940685876,5.2492090193278225,32.852486400246136,2
5.214722202308301,75.96668979550833,8.804544472809898,195.41397798914943,6.245633253526205,24.204983319610193,3
4.8109190586334245,28.250436637752642,17.058884151525536,164.47239073486912,2.323955730271215,23.483400778314774,2
6.115488982441262,22.28146668059507,45.39648556249029,131.3390910311668,3.5041113037454354,21.846681175571078,3
5.692928362264793,49.873317190694884,40.476545690464526,125.72731893071536,1.7380830561650307,19.909270005182712,2
7.69676566984365,6.7767579285658,36.84754528665989,71.66010212575083,4.151476957284761,26.42902527171343,2
3.7109948425099137,74.61291608356022,34.47134639889795,161.647088606011,2.285324907108386,6.7753633999285405,2
6.568237214496128,74.41430390990882,70.17582363164121,145.40415889652618,1.9333427053653043,21.388835339316948,3
7.3375046348175585,41.33298889830948,27.656446135352887,128.10769104436596,6.002380898723545,30.40250882856985,3
9.0,42.584588066789806,53.917291841740884,99.90926022188057,0.9658961355125912,29.236789893652055,2
5.777351043359787,48.55305049698657,40.02869404031491,104.97345733532848,0.5,39.11064664325658,2
6.9866879065287755,51.04041300879239,39.085907323210044,180.918846025335,4.1022453692235015,33.37417509008852,3
3.7942058111564525,52.543478383885706,57.64956322925116,194.08318242045235,2.448557383570288,29.082577060162546,3
3.5,61.16464213756606,61.93795574037167,133.64419218546917,2.031005131119117,25.286629420205315,3
7.76716156367255,46.547472939830435,36.40675814672743,128.37602133768104,7.097488500660966,20.434667976737334,3
6.4916595595278945,68.86386606955588,51.988040788632134,107.31759766928982,4.095339858874043,30.032682534784886,3
8.267769034697634,58.91895554250607,45.45837043225081,196.8410021787129,2.912228853741786,28.23489530834441,2
4.439895666545376,37.86073108254729,40.11155708214872,151.54978848279535,1.9381025404084526,21.25717966372018,2
7.279853209293129,76.70225335608194,43.063824139855384,168.39504896636325,3.6686817732475303,16.329083177262255,3
9.0,22.834860277550263,29.679867777327434,167.92350650467316,0.5,24.469018545757386,1
7.129558412535899,48.15668378357047,35.408509100033726,134.61491897330316,2.225847841542298,36.56006963427101,3
6.914872258386573,69.33834802150936,31.290470803709404,91.73199500782893,2.9443515453033067,26.102073797312976,3
6.512834121236525,35.53853790175711,53.520650746433795,100.19334221570404,3.320237747545403,25.283975086293687,3
4.143677814311132,56.19111293534303,38.57198326688406,206.39427663237257,2.786352994808836,29.23166986899009,2
8.533359403565523,60.866791939980956,20.534289630774424,113.7157842574714,1.9601831344066556,29.813205689775184,2
5.583713540292401,32.78952264037522,29.148441652553682,129.48188401258247,4.380993218492307,27.489072621814344,2
7.256724884574526,48.5504456081193,5.0,93.2804732314395,0.5225196537013166,24.579196686487887,1
4.155448540143119,46.869923395815796,32.58261097176777,89.19667405367966,2.583114191977359,19.918179567345913,2
4.730810503238329,38.96524296335414,40.564675976457245,111.54175014856386,2.2231041565185166,35.04856724211027,2
8.652631098833353,96.0334970410155,37.957962266995395,234.42035921222293,4.517764650063999,20.730383375415098,3
5.979046566563236,34.737872931090486,69.70231527297088,182.90186955962145,2.311675358505953,40.723285878615684,3
8.679913214063816,70.09860588135766,48.623590613725554,123.66055642881885,3.6564953351659657,26.543586059858367,3
6.382654011412224,42.14397966237716,47.95677779633726,204.14383972759975,3.499570194239119,25.526912250886447,3
3.737153340563214,28.267276222294363,15.350964481445832,142.38505633517767,0.5,32.599784198395646,1
7.838101399597581,52.056284863101375,34.53036918824301,217.7170023495919,2.9015289226355607,18.46813846582976,3
5.615161523366588,62.98186768775001,32.70005789014456,260.5865175198106,0.5,30.738672409858328,3
7.548033220275565,68.41019150131358,28.208782017879884,201.40808696330956,3.526927827681348,26.1525825520081,3
6.537816301310123,81.24530221310138,28.0017900172998,154.72754776112887,1.904517699034246,29.108813422845756,3
4.185322658085695,108.904925798702,12.878155690875644,184.96549367581798,4.780004365274096,18.164054961219154,2
6.746442148055854,55.01028407511194,20.862201929780074,150.75356096411062,2.7288478501830573,18.070295869723445,3
9.0,36.73815652349224,53.11140104147424,58.200081801247876,1.8449155466936469,6.674824133568354,1
7.239479687771689,59.05748653589782,37.85627962010226,117.26872928939778,4.799788299292375,20.427465580642327,3
6.413723370491805,44.67574099187017,32.40396372588499,102.42042021733914,1.6921647529374706,19.90293615816766,2
8.113015102935346,68.51932259704459,39.91882998020938,116.16044790845636,4.34204259202146,18.326296653942,2
6.816002697804667,24.056714072685565,57.51086018051727,239.6835716319722,3.7012930110271993,23.84538285686422,3
6.814301345394192,97.36669084800874,40.06315781313678,206.10748714273294,2.451852566100593,25.642653716137158,3
4.862562241761346,67.12096189551025,48.10561196396557,172.04424007208235,0.9960332917295367,29.99741269230657,2
6.850772038684397,16.319919644076705,27.30092736417614,190.6171475225679,4.862493812726014,30.657892862418855,3
8.053165124625417,35.819421953700555,30.72055073879921,55.3943257047072,3.7506960860390395,31.50478510377524,2
5.245906771849963,66.32162088227878,45.30965327595513,186.40918565447646,1.8420779688597462,31.922995453980406,3
8.636743731870421,73.52688112342909,68.38980562505671,196.98121581010838,3.3669085268918852,27.7531299575852,3
6.362440963782311,24.555247455360735,61.44662289272311,38.012640615635846,4.5092428480987286,25.55226883113791,3
5.168345732692189,64.26051700865898,48.742421041842086,188.26183768896996,3.1680281912953308,34.291036089519494,3
7.996448115380367,11.053202546761533,42.27150640241077,78.79631786664574,3.357598248979645,31.9328584980674,1
6.069808646392596,48.21328269057908,61.01604033440756,51.499732177698405,4.5480056157060424,10.180341574255571,3
7.6392723312291615,72.24093684206413,51.920174845676854,216.31591084297892,5.305894161454765,23.272119945597495,3
6.062362051612194,38.96968539794039,5.595069664440082,99.64754761938289,2.820601237557299,6.96599548489629,2
6.4102607847051445,19.86155401723973,24.19103728217167,114.20266303078114,0.9938357020073858,6.7704101356609705,1
7.240340306501437,52.924295927551185,45.072104880368975,199.48022713786727,1.0461355296359311,19.911248045797485,3
6.936345586385009,37.90562266729044,13.195486516735418,134.73808638737995,1.963510780740163,23.720070807280685,2
3.5067023293223922,62.59116732131672,26.536164928647068,140.99173131354587,1.597662710371524,20.75822447642831,2
4.818134389858413,32.29347135563879,29.502775845130387,139.89565467810354,0.5,7.239101194378492,1
7.894114977186224,34.547262206937994,36.157511406312494,167.3799385487393,5.771737504697323,32.75095877643016,2
6.301795116647679,9.579953582475127,35.688546876606885,138.6832791804662,3.7921488934145002,17.930572841732367,3
5.714403045842867,53.39889422102966,35.6631935924976,155.70630371795502,2.214303604747513,29.893761967711534,3
4.4621389771137885,46.78190123446802,52.37961275860471,124.8220937293647,2.951224736412032,18.205622661406238,2
4.880395518086227,26.232306585198582,36.021642018241984,167.5909794939681,0.5,20.023676454908475,1
3.5,53.87597427534184,34.23054801893149,165.69215159522838,4.735982846863113,29.33684139252159,2
6.3480789219477005,70.54140601288279,19.762418437847256,244.8942918842091,0.5,21.508528356621426,3
5.60234362912843,45.688641131621004,55.36519302978737,130.9374525163149,3.765041672466395,26.70507580361897,3
5.050118163522027,55.363338996439474,29.927537290787708,140.79172410975102,0.5,27.7732237736646,2
6.397814862248071,55.466224991703285,23.694545079980873,161.94121629685208,2.3789878573211096,10.728700924515135,3
7.045955946279107,25.91340345642079,43.19635862303456,198.221782215736,4.864033308406338,29.77788730526755,3
9.0,91.13171641415192,28.495881064254057,95.42074234113994,0.5490718625373461,15.623857143096291,1
4.23217487065518,40.58300339755432,32.11070890308559,155.1788260887534,2.7769366496720402,13.889369220209458,2
8.239071564950784,63.122324037205416,43.87690261478603,24.608698197246653,3.94165601359078,17.733978458973173,2
7.959652341522608,65.384305544581,35.10276064330665,136.42340416388024,3.696254250516578,33.14487993589493,3
5.331360890934949,47.208097457684964,74.67414062950951,203.63635150496805,3.105278999667544,8.996303055365512,3
6.804853931879046,62.135900501192694,38.87757185021203,113.6928781826341,3.743645268507297,31.509978414411176,3
5.813550125993578,54.91638443632778,49.26757328318833,158.8418807642656,2.0837640665935666,28.39552964570754,3
6.7785328706281085,21.647204855451882,10.874589287605822,123.55472128081988,5.899193782999496,25.74333743142413,2
8.763696520106826,43.35454597499823,27.09026302127905,107.02989011331587,0.5840732206622468,27.46676498045,1
7.40840934894697,37.74898195291876,23.696294576249315,198.57429991340507,4.743106116493162,22.098965615588888,3
7.262912559850163,40.76509917307746,25.68430415046057,97.73706550771732,3.284241805175274,31.82287348979512,2
5.8545360200680365,23.919936443267243,46.23306990755504,164.64826469315466,3.925663847046524,20.73439302766525,3
4.2739150026134975,72.5286743349206,55.53347601666115,165.41758103830796,4.19181902637561,8.751404588349661,3
6.187297684189388,82.03985309226826,45.16945756951766,107.41002414806881,3.8334429051948646,24.227781926542416,3
8.309912232295872,69.56005951996818,36.60033064650536,157.78426284788142,1.7834673591615433,33.01356633535241,2
4.209248215115529,75.41058448294285,30.537174419313708,103.25260812660113,2.5705954657668277,29.920386664625813,2
4.917365947734957,43.107303259836875,56.703996267797635,176.0895937454579,0.8226154994117527,43.144019197742594,2
6.689401604351103,37.27486330027927,71.06883181232293,84.25271426785531,2.5522564109828663,22.46812189766405,3
5.0230178227291065,34.428259063765765,42.025835571755366,133.01972484040795,3.483778492212664,23.392481598048025,2
5.311214829327181,62.88129845914445,54.090445961073584,137.361417017105,3.910692413035055,22.66690703576608,3
5.864602127407735,54.541261062882995,45.15055524693213,205.6477669105335,3.5871515174913924,17.2368907343452,3
4.451573893714776,48.455565768031484,51.33257359698384,157.0021535855946,0.5,20.268537201943744,2
5.0388172306754475,75.90297088390686,22.531798328348252,197.75067450560297,2.156739101368908,14.61114818605201,3
7.555141875180963,58.09882707630686,32.67795579786814,177.73455242449393,2.0066257659487086,5.0,2
4.538945326653554,33.2268472495883,45.93204160068376,177.41515004478794,1.0347481001349625,19.19777201092451,2
4.103191798257743,36.38182341728611,58.187364161229695,133.4033404884966,1.7460998983443599,25.23488459093181,2
5.554962530699158,63.639865985082906,27.727986675434877,201.04529417624434,3.0019187705542643,31.30720845415884,3
7.597933253764769,70.83465705309195,9.500513334398097,132.19147953489986,5.120682781167641,19.243443415731054,2
6.204617288004665,61.03360464511939,32.526033603381265,63.508726003494615,1.5704035061865063,19.359441086403265,2
5.803128382826572,87.93777495744163,55.15196071522375,139.26064157665536,1.3067033474914531,35.30619669321501,3
6.56653819627341,82.70014331462838,16.24156613368226,172.6738202322034,2.1007913345331692,11.688265773489183,3
3.8814388507105217,58.82071669701526,22.346201618026235,69.66871406435934,3.506199580629166,23.367267850512334,2
7.242058480662549,33.228386810369955,42.33877879076668,105.74488206398071,4.835561835537814,34.57254681017808,2
7.075152547105466,23.800249765364647,38.26043120857804,88.47057799113222,2.8702366384650455,17.91587147512802,2
5.886037288856418,42.252365099705706,48.91699722329841,189.33585523544818,0.8311818810719833,9.664643812228018,2
8.008886767694625,65.06426892832314,21.569098593316312,233.6431318506248,1.1503757575799245,42.06849581240707,2
4.808755851570442,86.53294158623876,35.125321087469985,139.5150422893392,3.2824220829899162,32.99295318824017,2
8.191863489880355,58.348940688216,57.92778103604647,176.57651815341296,4.4928815920140845,33.30368704289468,3
6.731740498392877,73.37445588462472,22.10655709544824,175.27596829498617,5.723612887261924,24.106904995886755,3
5.99517111518274,45.093850276243955,62.15368444465403,227.68984732199806,1.2263987476458964,31.40627093292032,3
6.470189546947533,62.455382504551004,23.988745211669666,117.37235480236966,3.2096615719264787,5.0,3
6.339102851283587,66.46713658954346,52.740723660664166,139.00605176208379,1.455232444132201,20.627060032192276,3
8.330424344626575,10.408114482949436,34.40562234680311,132.96156752879708,1.65205998662306,34.47569760318021,1
4.8849813087934795,41.7312239524698,22.82637613541535,153.76836200201313,1.5250324015877381,11.040954162325383,2
5.356221141280103,68.99400768555739,32.546514292711024,275.21584010584047,2.4986082528381988,21.665468239742793,3
8.05445433810872,55.4893667127313,48.17393782268491,151.54055575986567,1.676581371041294,28.196619307676727,2
5.606697597224211,26.06969903698134,39.897190076477635,107.26446736964701,6.718269085400201,17.157232184099946,2
7.850799615997388,5.0,56.777041171650154,92.27513865534405,2.3104863250714915,25.073751916896658,2
9.0,42.684385093959875,61.53610091402322,212.63225036565234,4.481667166289239,28.85684921457988,3
5.89730745958755,48.56828614212242,22.254540020232245,107.03727480109605,2.0107084880478023,28.01972493611754,2
7.522043489862958,32.32154100343309,21.155962826344826,183.17934795995478,6.349860794802342,20.992569121872172,2
4.769461577990212,52.86169874055989,20.428093395687373,116.01543353706859,3.5085974721282436,16.709471606188764,2
7.632099947101714,60.127734944657895,26.512058559279712,86.6653631708414,4.255397594292034,28.961508659734125,2
6.799135978980151,63.41374341452466,56.563217812296166,180.25998001509106,2.1133837355910927,28.3915229865042,4
7.209557423240323,5.0,48.40542926000103,118.46275666182342,4.464660907653564,27.900270132694295,2
5.531641891946908,23.714298043837594,31.824586406163526,171.27128196194468,3.502333538726877,26.144955393289052,3
4.008374876649241,43.907547032905285,39.833461140657484,174.9641470423022,2.4315336811871933,28.401454150608146,2
7.254878097124257,61.44346262074927,61.06458257748908,177.31326225062344,1.3801628453555534,33.76966102430274,3
3.5,59.78468027100071,68.6201627646868,136.59256580284068,2.6436847335456375,28.09952470639496,2
6.023974261636198,59.43739895753352,43.89076500164203,184.30917782523537,2.5152847820662987,25.97728171627754,3
7.911772799629954,42.331641160621366,5.0,103.87268357759586,4.303542414879639,19.731392893482976,2
6.787846603809554,43.44733125380078,44.459306421399596,27.295487446793317,2.651626701603506,38.858781003668575,2
9.0,35.433414631565185,54.02122194312021,185.3446086560054,0.5,13.769652765494897,2
8.03766372887266,65.36388256211696,43.36948473784113,158.2795252418735,3.969270072754772,22.972101618352546,3
5.519152417511635,31.590224245208436,50.89772378102175,119.49608779930145,4.939749872907438,19.909264145792253,3
6.540970069777158,67.0007279037914,45.35598061690576,76.44236190124775,0.5008987724573388,6.728969708910203,2
6.428943946183346,54.157064762752924,21.48031873777202,48.17108505823285,5.707095920094082,28.5381287149056,2
4.126734854980809,49.09911043089693,26.70642349954806,152.58716741044861,5.094977704730027,22.967382300389687,2
5.08940162527347,36.86579200447067,35.18271719304765,232.4392982864976,2.0536790023005436,25.318761012095692,2
5.65885863953021,22.889162776717473,55.98122167357528,143.072129178451,1.3242605897735307,23.211738255983256,2
3.5,37.046944872439084,28.51173897519069,131.93323066542274,4.579466185387825,32.532766579598025,2
6.5712402023774645,43.39986262750227,46.8385394975147,148.78160787520784,0.9455262306928987,33.8146546157589,2
6.126392233020439,5.0,44.55538890881795,258.9602555954385,1.9974891326738904,13.987343006108183,2
3.9906591480326385,46.052896893306716,63.79295897618695,187.59521133265667,1.0273053877405711,42.65338213263422,2
7.106319297915999,68.48714736052011,39.37480332805878,103.32123741498054,3.008861714221359,22.59824945095722,3
7.573809117036439,61.344358108677454,13.67862372585612,151.40519519510516,5.197777715058192,30.875804770776686,2
6.840551718297333,40.07588248516985,49.703056973451666,166.62184555774704,3.5623752515269906,26.803144423953807,3
6.013897737186545,50.93872596830455,72.07082817451007,97.18305667105776,4.527111748084237,26.05713565622093,3
7.3871632276277825,38.876708611560005,50.68575017299684,187.956831117128,2.472296286697974,30.56835535647774,3
7.520330540715037,52.975214666713924,28.185076122843896,109.1095601427823,3.1459542440427684,38.18317391191665,2
6.961105354579533,80.80215647488063,23.77081181231553,74.45271163299645,1.1603433530257048,32.77056898366052,2
5.263081624347858,69.36997605249752,25.705467497388923,153.8066776919889,2.854671107192527,22.56653913471699,2
6.914901148266771,60.41588611385505,70.04967820573069,145.89220702548224,1.881044835515186,24.157511145091302,3
8.293220976238219,40.142301752325636,35.09008839217846,149.94890488986528,2.7595945524355923,19.36506642137557,2
5.605056412082405,64.99876785889677,30.060349092579585,111.76776911686062,2.656481891073046,32.15191303233154,3
9.0,16.26246097253894,37.6234503380915,118.74436910644795,2.5283401829789773,30.899018790919087,1
5.711553599021923,44.95293036018219,35.24639427091447,206.42233301845556,6.161335499895259,21.57882665287398,3
6.548610520010205,61.674228396478995,63.514755396812554,172.0542807500374,5.651316979067889,38.26509258777861,4
5.491271605990496,64.80842428095502,24.782837634755452,102.16269617113575,5.124213572312614,35.738008046195674,2
6.8349062538803915,63.39768980431482,57.7096484749067,52.46515527899463,5.692588451245886,43.23506110431249,3
3.8866674610470873,55.89661378419389,41.83138144676627,104.2791798943895,5.128953973916801,17.101731636008182,2
5.680937301774918,46.08550041832234,58.105397701415285,157.86495360800953,2.9664339988347406,23.998096048733913,3
4.861818199477149,60.759519396529775,63.739285656010765,118.40341408227792,2.8126355924412176,23.034912010447364,2
6.703007521838436,30.942779188273988,41.27196450869643,114.51748974115895,3.3531003757808695,51.03712034767443,2
7.991671063263361,33.106454734135,35.27404585601251,120.54197805346685,2.68397262192688,25.098425852966283,2
7.469009280671827,51.234693529205934,40.99268247797655,146.36462186318562,1.4399319278513225,37.65171990965921,2
3.5,53.46395285417495,38.57843991992303,189.23139564791745,3.4449078833205213,35.34767611809183,2
9.0,13.487696428707075,15.14550316391908,149.97903980271536,0.6508183746700036,24.160559042040443,1
6.942919910931303,59.10292761899037,63.2872056067761,153.09685107588254,3.2064624606845396,25.5551082424351,3
5.3352512892604995,65.45456755838786,43.68677526071785,138.75698180585897,1.5078406723857831,30.22783143545896,2
6.735691878486412,48.45429525067409,22.553512224234186,125.03215839226306,2.878441694443949,37.57843235589127,3
6.764284733754039,97.48932566567984,8.987150197023869,194.71204356599648,3.286805163808703,23.279944647574307,3
5.499726924572655,36.34129787369628,5.086011506044763,187.1201033922098,2.4707197928957716,19.914197104292857,2
6.796875001013113,42.77825673226261,51.55720655031255,252.2639958833025,0.5392337056940177,34.322844001118085,3
5.588791568569539,42.09866187745581,30.715336473893572,180.52821491946264,1.2179717498257245,13.531313487511785,3
5.8934570109649655,48.47624777417965,33.176489978423,125.07928390962684,3.6873654325200755,27.52740135175479,3
5.4705812963673734,43.42550374067418,47.322313968082355,104.76743454449051,2.1638367092296695,35.6017293353147,2
4.35099306539052,21.863789107902566,32.25927765847332,197.6472630355808,3.8412746291765947,29.302475311168628,2
6.718754705323076,39.069034075270494,48.197866240802696,109.2506557844945,3.0145519374473526,19.330245714833087,2
7.377949154774507,48.04758608451848,41.42896096565073,190.48683432610355,2.703252163334284,14.987662540817226,3
7.272325394114558,74.57144164123994,38.73805625276146,112.0043003053693,3.5214653821822917,36.87073409656941,3
7.729887878952852,94.04486546745827,16.408743914627667,167.45791918936402,1.987654392157786,23.24334233587935,2
6.9865103150223025,76.70947795701309,27.704029653417106,97.01243925668189,3.6005923771096273,15.98593111681912,3
5.700911752674645,34.49241940654787,49.03803048380299,188.99426771660407,2.3707393762794617,36.388574457086165,3
7.7594957966467835,36.08380778747669,29.76967277703923,88.31641722453755,6.804428338559154,33.0100220402238,2
4.463723690237098,46.81342844981298,58.08054333676736,163.6478664753351,1.2990965742958738,14.48258885433512,2
5.14899292623128,85.69117777707172,75.19601985990099,140.1080032886494,2.464127054903935,50.1430509537942,3
5.053699892865133,46.69151895636213,49.84577951261984,155.090321861313,2.5246395045711685,19.594680317841956,2
8.120084088708966,23.449850189251386,62.39247837047736,130.2098082919183,0.9722016584086952,32.840493366236075,2
7.914182771210113,39.9764572609393,50.81090857444103,129.03700263145043,4.08871888364779,44.86584314487368,3
7.2309578555674925,65.14112003638834,31.98606965991718,157.73906020048858,2.3569138783791255,33.88220111182814,3
8.107894797817696,63.79880553792174,43.00227497211137,99.8930810955074,0.5,27.591794422892534,2
5.181075826382018,45.99566667016688,70.19981419146163,99.59889691666618,4.042692857318,10.677330978945319,3
7.022892679791471,63.66829347120061,32.14669386058823,132.0725250180794,2.0457468279707163,45.410289407224134,3
6.312238357425254,5.0,24.41009051682889,130.12649301404963,2.8426478656203504,33.65136536011609,2
7.770323155827371,52.07658470065395,22.987083653270957,99.73017680978128,4.0152338697837875,10.851461334549716,2
6.327163651171704,67.21370842737261,36.73705924249676,196.21073464573323,2.4529401224668286,40.44626729924585,3
5.922585667384878,33.3427344969093,24.947918670354067,133.27632907841976,2.4406550408901198,25.6115223378556,2
7.3113627778414845,33.27322927007424,65.11029141155856,138.66688985019442,6.6970529764832465,22.223421939381062,3
7.8142537507868495,12.671036944730496,43.245348018869315,83.62358370152268,0.5,19.27896370559371,1
5.497482207729798,81.79791189621389,54.57589464640755,253.58179273060597,1.0710517700558326,26.71161750823733,3
6.408386492971436,35.596920459568665,35.52001914130452,271.3533697777456,1.361908597611833,33.07963788981465,3
4.912339049537521,54.820865557242236,22.897042033658227,110.98007107978259,5.683534111363515,20.053073104023902,2
3.5,62.07834082966749,20.359090818500842,211.3043190584549,2.0330800409369267,26.27583642494285,2
6.800689447120593,80.24135898282907,26.380123867328187,145.40933081312048,3.3603133122685054,58.806144890575766,3
7.413358034381948,46.922044520287294,45.21288241040067,230.18847964065532,2.2888826956165147,29.75699648272766,3
6.893100213630088,39.211404124431624,47.79824397651922,166.81165432001933,3.9048005134963315,34.659080043860925,3
3.5756574233684493,53.46135297141107,49.047941095880276,154.98810843836995,2.9809296784327595,15.417309377964463,2
5.973725854885288,75.68160553084574,17.669909743272143,25.036523019070913,3.379648794299358,11.425970304548898,2
3.5,46.596549371984324,39.99386221152595,106.06970132866584,4.930869556954771,39.64532792187814,2
8.554551661481277,30.90261836831847,24.60907253661411,151.02603347874714,3.6604044702734475,36.79068425547779,2
4.870918126822871,19.184843833692753,46.02198951376792,159.93331263519894,1.897398933815607,42.13858160026744,1
8.383105414189846,25.574052307895492,47.18615583246178,89.25831430313076,3.4681005736328627,24.20404039536301,2
7.918804465526218,67.2878299481333,22.417404294603426,113.56142356618605,6.62797912252183,37.54313832674685,2
5.149114471195908,43.58751047386377,54.52044410794522,177.67235086254098,3.847455703505637,5.0,3
4.800822573098382,37.84958180158579,75.08234412292367,80.83946351333212,3.227864482468503,30.41220886225469,2
7.025555324579507,35.680655536321154,52.522536063769934,156.68648618617698,0.9441705708589487,35.33026494235181,2
5.233513944225393,51.70091720400364,37.55748940673343,211.89767657445276,4.0866277959974315,18.11708188236743,3
6.653726963237311,45.21089812468833,35.25181445185387,169.27348145559102,4.308340320272579,35.558338854241185,3
5.775758613789622,44.53735712561495,36.86404027491237,166.77433715829886,3.4690847201809505,23.202108917470515,3
3.8282623783015497,76.98647855621479,28.58899229834484,48.99242754111182,3.171141178640697,24.20299373872879,2
3.5,80.76032563723267,43.78597309978074,108.9043611791052,7.2488095217609025,22.414003552809707,2
6.840026372741896,17.79956654182007,22.923061132685437,252.71009167955202,4.28314162368661,40.81317893414938,3
5.6576633805040615,56.55185462285915,11.654533201031494,120.04190412270339,4.860042392764445,20.45635965569991,2
5.670365274628802,34.46275802757216,43.29402522720323,213.2238104773534,3.100323231632732,19.233353537441097,3
7.5437957586406785,45.03497772277813,40.318495986637316,119.45795553218586,2.8026083729429163,16.427702483158427,2
8.260163414948668,56.18556770253389,31.432449753442086,136.10897492452685,3.948148616553212,21.314242562538116,2
6.091182917957286,45.74560166138161,20.7595506608445,175.77934226767593,2.8011857066956036,26.9500321115901,3
5.989101939635208,54.60919761255266,44.34616040371052,155.03465079970047,2.9243490229828533,31.385890023671408,3
7.250214549670826,63.459404120638354,25.14737442144324,169.075622550054,3.694808522811543,17.467090500324876,3
4.464596645450637,55.8915360108064,37.915834737019985,109.08048726365064,2.230785231574003,28.729039098917852,2
6.834729582121546,37.06327391664753,66.47457781189667,93.18649052656218,3.330613822589426,31.11970873858217,3
7.327828957733231,37.416007860593524,49.76784654363076,105.70641928047493,3.1201262197890762,15.6722463553864,2
7.520345312626444,21.205894067639292,19.46301006427455,123.38409292688166,4.45053845618105,25.631366437786358,2
3.594870946246303,32.921594049585636,20.877226434815462,138.53593089712945,2.0830284927718896,24.151515272343364,2
5.357967095286589,89.24136723797056,42.27728639115638,201.863769031991,0.5,25.73849692740937,2
5.1826051207648,34.159928518095114,19.370189769114685,154.3670728012524,2.5340476197859867,19.700104827780017,2
6.64983043161382,26.132423751123603,9.974117781485702,174.22985512542925,3.5959290340871206,23.645002751660595,2
7.221116869651976,56.39855723689547,47.98558016945085,157.08005062900662,4.446161185740355,25.310708393570064,3
8.745065611168972,47.7927048141628,44.814036314813016,94.2282873235612,1.9607354958422771,43.64047943611504,2
5.7575517794478905,46.08813526301549,46.75897496918699,150.86347630028246,3.813149789464335,25.447391619327608,3
5.7536412525361795,78.1809193282418,43.945527727268555,156.5391055095768,4.702731548427049,38.38414199120111,3
8.22450802831812,60.982533511167304,39.020339324914076,187.99616106706537,4.126875994658235,39.14110987296621,3
6.944865407795458,39.400141365930494,30.06717178485009,96.57059651782676,1.8140473448313776,11.810312781486466,2
8.40147726678196,41.5104816481644,47.74202449131915,47.979456742581974,1.9751604377439476,22.088107987461477,1
6.933092004514754,39.9482697218863,62.94825232607726,158.81319075852485,3.652505174511967,39.1617330983385,3
4.764325071930093,67.49479243160513,32.48156488834819,167.692500079419,5.43801046818765,26.811084627700392,3
4.50030746783329,43.83704741093725,24.688896846875522,141.03075968414763,3.0212477390736323,23.836161247754877,2
4.172731626411606,14.136929950916993,22.973208708831415,151.40104503633955,2.7520084210056392,32.50029952594739,1
7.49307775213771,49.03360642531312,26.999046499994236,193.93861892914023,0.9455738023306255,35.6752520814143,2
8.282895234630512,19.25947997744142,43.03897786714111,127.05972117362455,2.4535696802636995,24.706288634292772,2
9.0,93.68461203509804,7.905586546696597,136.06795789207104,1.9271427691233183,22.217458105515767,2
7.764657998484861,30.68664172305538,46.58755636648489,153.9518222306916,3.0407990612743636,5.0,2
8.24425786630248,46.76270469284539,49.65869515444234,89.00926604153287,0.7307640105972482,25.47053497791873,1
5.629975501019473,55.16405469402274,13.028824600856801,142.40513874761228,2.5071143184094358,21.188442545038274,2
4.765376274884215,44.2268367864154,25.31229345583601,146.8128341332897,1.4865984813582205,14.934725690150684,2
7.77511899862633,44.199391970676146,41.19521469768121,231.8521107160137,4.410343958758273,22.94664816211965,3
7.1265211283591015,58.43654572321754,37.84795404543403,135.09421711857698,1.7112414631852757,20.825881185607397,2
6.6611665615113385,80.52431917592557,47.794562024028856,160.00056199722334,2.1414761435253857,26.69164973709317,3
7.081057220949485,65.35018163634595,37.88294767725451,195.93088026948712,3.4231897889319125,22.209970653384858,3
6.984778223687309,79.57027757147085,58.971542901624474,108.1257637344786,2.319426633744113,29.469973751035003,3
8.425725289780342,29.067617838129962,35.18245901434477,218.7870193438083,6.539178933729486,26.73905656050905,2
8.442478377225434,56.34725266510723,25.254505199203695,238.1935116028639,4.395772735919134,37.73549347684438,2
7.3163305285105205,53.10492104116558,24.048372006073656,148.55518561756625,3.0258098674713274,19.657021013496806,2
7.768704308844392,57.0218258335347,51.03202763922533,123.02869692703099,3.552152078170508,42.79849033589958,3
7.271093828637164,77.52463941271145,40.44431712935374,231.3559712195194,0.5,35.67241180846457,3
5.808245401948072,45.584217004158916,49.505738510877926,189.7815436384074,4.8475877605657445,39.86744159366454,3
7.63484701236971,41.88993266891825,49.196837488437765,154.09846023319182,3.767845004650755,27.52768054572104,3
4.408257396711107,60.67961594837328,9.70225220854239,221.34219098078512,2.8902632656088665,22.18683529272442,2
8.080837328443824,14.43594544868305,22.898760984648348,216.04960942746595,3.848774524131631,19.620524640462783,2
4.708215590350948,45.26295901755643,24.69062439244269,133.18715230208886,4.03177386576421,42.52389740014418,2
6.928704930192099,47.31604621429094,27.759037172623565,162.43649266495748,2.3754412239956264,35.966614692738816,3
5.2322690623607615,31.592827673861493,33.69467010135211,178.8396243962978,3.570243061742626,14.918836802117708,2
7.33008347461164,71.14118022713154,54.987243919257786,151.43650149439256,4.57308681223005,34.77615313282345,3
6.449112161108137,28.755193653134317,57.97723528575849,80.45647045478597,3.682346614803323,16.746399262970282,3
4.107866062755002,47.282539032724074,35.60663754695505,103.08702481508769,2.6210910191439916,28.24290756262348,2
7.131049446527719,55.86314450645936,36.230787080128835,82.08686072698865,3.4449761424868006,33.2593259460541,2
5.633118834750934,77.06903122952237,29.418494139140705,174.6462151512002,5.073358595433952,39.57976115034356,3
7.821720081220054,49.78887130238294,41.33781545857816,90.78238414381279,4.175963911523176,27.375444227732373,2
6.501988533101611,68.72307188256421,43.03781324100905,159.6209035408715,1.2553992685919364,23.660039183310207,3
7.093131478082057,64.01190794554255,52.09713332503398,241.59519131375788,3.880025721318632,25.44132205719895,4
5.063646567477182,52.46915112338285,51.976580889738294,221.3885092456073,3.681236857787784,35.668464622948385,3
5.616001652858957,28.209731834530892,5.46822923396423,58.12916765330107,4.746170285567355,32.883816955471026,2
5.812042045848373,21.30838278191302,37.71182578544323,86.06492646144969,3.049229269394701,24.836662489652074,2
7.785053720363834,52.13010802838373,60.76150046335155,111.17417879100708,2.445989562901972,6.3665013307393465,2
9.0,39.14606252194773,33.428276090426245,91.54881553903161,0.9477527783145865,5.0,1
5.292242372385686,68.38522183362583,57.088627275449326,67.30928113391332,1.9581083895130686,27.253360179242467,2
8.11527221698652,64.91713036197154,35.40322299983217,149.45798301373796,4.811918354628442,13.18750334617288,3
3.5,46.30778011125901,42.62385201162946,185.2550274708282,3.2969347300487706,19.71156080285427,2
4.708715898361566,26.845741521174613,22.946639614012764,197.70170193614436,2.8503182798595352,22.73057821463173,2
5.061832315719838,60.21471099214547,23.51127163650228,126.27619146280954,4.943435673888834,45.76485452907556,3
4.471236965838917,29.641011077296994,50.88237358394522,136.40481498422042,4.634403701018978,26.223725029712362,2
4.12461741531863,34.8307215413827,53.22727420300997,167.78386225623777,1.8963816695579854,32.19976796179519,2
7.119498368206696,30.41168523569691,40.396433593007394,144.57572190804254,4.801494500439501,30.045473404932356,3
6.178898453408208,47.229979561200935,21.587136360424132,190.5303388047901,0.512128453981294,5.0,2
7.069108096407665,73.40384668141124,40.65706834910822,171.51824314172566,3.6893174128506345,21.00508961921046,3
7.53570902918227,49.899182595529425,58.858524410114164,131.18477882429855,3.5119625960908007,12.799697644818815,3
6.8984254897588,41.13562615144609,66.14299705077642,57.168184417327836,4.724672868957683,42.2720309567145,3
7.48664476422556,19.487701399095116,35.24938101511128,224.95158027409968,3.57151751436826,6.806856439554863,3
6.395701570636596,61.04249169459686,15.101982246133147,115.69588552778393,2.6331597017954844,20.791760087293888,3
4.719509917541383,34.39190788142745,52.60545399332168,167.87793228651302,2.7516558884248785,22.392726107756225,2
8.086721271231195,52.35035238316193,35.86055355317499,54.17041656404513,7.039873480114929,15.141602827351836,2
5.616331800828309,42.91562768166719,54.145609623415595,149.43417083070975,3.123960671972395,26.01424044002686,3
5.096605551856361,66.76354439198875,44.21608337526429,155.01309804310995,3.8956135379213306,24.57721976665415,3
6.233123186293403,46.85527215942896,26.74833841357225,157.43010362738312,0.5,26.630456477546236,2
5.1307836210552304,48.82147290953897,40.87366540989071,300.6896641358998,1.758964652767978,30.024913022931035,2
5.873854427015852,59.714942949109194,59.62507550581492,118.44408131032836,3.778152066946687,27.368188608289792,3
7.0160808823452,92.13880364526372,37.76269016549134,191.03321134783465,0.5782162147179135,28.80476247131019,3
7.0225126088691905,67.7689386071711,24.477922548319334,176.16162261046887,3.8240982505008767,36.12211632535258,3
5.153254900361556,48.227877873027815,16.17033747105015,116.0680503666207,1.9123119683733967,8.503351521951707,2
5.768441940576883,50.06395981230577,28.417529697030226,190.2834701590465,1.4492230350667863,31.99966494611776,2
8.111499507155365,39.50281079351131,33.84795607343527,141.7839531534599,1.9067456195576598,14.54297543905434,2
7.244600176600912,31.000085929606097,52.299987038758886,193.76216087883594,5.291308287216542,18.576010131589857,3
9.0,38.94498425867356,23.187260982825673,248.0481311710857,3.500126882235418,26.210855934028714,2
8.27019226061229,34.55702072576115,63.306278285944536,157.539944531705,1.6343454333736123,29.113210164135833,2
8.216439602839909,63.06736767591771,19.94271683738213,135.94373854657744,4.163009778462161,30.290540402483394,2
4.4181971743162975,28.57610284262028,74.97229138835255,202.57780919052067,4.244607516137808,15.548781547536038,3
7.645790527450134,76.66421122760089,65.88277835131706,219.83265829671706,2.428037848796039,41.311937569501254,3
6.420339797454634,65.0409276723766,42.11749374081988,105.83712303039754,4.438760437642986,20.821475074745443,3
5.673527294692626,50.41003458735337,15.284596978456115,127.35214552309624,4.510124453397354,17.805928121949854,3
6.752023010798792,50.00637222930137,39.16863907026367,183.7711635920631,4.276997951020098,12.280641348352079,3
7.917817301917225,38.85437380770893,34.19738563020241,143.39839947926401,1.9893719501414142,11.29486817845806,2
7.251247386506318,55.40168822695528,20.88569165423614,102.28339935066066,1.2314221608362672,11.002008651452286,2
5.18228929798691,71.76184926417179,44.365144408711636,177.03474139476975,0.5,28.1435837515033,2
7.61368837038893,35.93687075488373,27.64535305216534,183.57448578533862,2.016728041278678,31.04179089203862,2
5.543618686886054,19.33215822162539,29.27641229425628,133.28071220515125,2.448283562445548,16.35794978990469,2
6.82502467844643,64.06436509713488,36.944820481414666,153.06743826656182,2.570345870823493,13.581211833501444,3
6.044974898784298,56.48731948487601,31.376367569414448,121.17134655269405,2.9291947188726906,22.88354445004254,3
6.171700622396561,27.59602397117641,71.17234925665043,95.23812870440136,5.599482823815147,25.972864031094854,3
7.649364462560764,35.33217258171764,31.964280505006755,125.14676966859068,2.490634240152639,27.62977484275201,2
4.939709420276153,32.817914518997185,46.61321517091713,153.69661750879533,2.926838825115489,15.357133847445928,2
9.0,35.50935461931502,42.18283738315543,76.24553892653519,0.5,23.32803728438207,1
3.7683708960582556,43.526344919176246,45.29125337888308,128.79935343739206,6.341957196807061,40.671775538175,2
5.603498475117714,44.66905391438505,46.43632605416398,154.39150652963693,1.026138898957333,13.052358880236348,2
7.0553178349126116,36.9841268986308,53.22042229909184,209.73299550624336,1.9397179432659655,24.70871614010609,3
7.3764712496529645,34.836723610001435,43.99669113427964,134.37038225997344,4.043583070305248,29.999810671196254,3
6.349286419142443,45.42431312161237,43.373436923294804,87.7048824945389,3.369288657327262,15.321228548726523,3
6.413913945497686,53.35383069719123,40.87715602702209,139.51699936511355,5.464779405448605,31.113143463986983,3
7.115825127991425,43.67406927270311,37.92373221490038,121.67153479549549,4.0800204835912615,11.607646510968063,3
6.15339578381348,73.17334046682603,26.323031775089838,177.60892775286817,2.8780739231432095,31.3451730013039,3
8.589771886902358,60.16175428841573,39.086974338696976,133.10473368188855,4.566125803266537,25.433565189423422,3
7.7590236713474035,18.183082862826083,43.619010628983,20.0,4.741961918802559,10.805792362975327,2
7.809236526508451,60.47455530827707,46.03246834859193,334.58122505989024,2.0097618579267937,31.876656679863405,3
5.0507649149443745,62.110879651711656,42.704271594853545,157.1181645795465,4.444544079246359,16.041396160868985,3
6.380917363391446,41.305300637516176,36.50567479827199,154.45957551542895,2.6666082559523847,23.46689178249757,3
6.049301076918945,20.09604825393689,39.14380145206153,72.9295014001484,2.8447831386217457,31.30166889117002,2
4.991597936465801,50.16133518822272,31.69530273173812,76.7715367019194,3.2143999245433585,15.355564236477061,2
7.04024627591865,49.84582697035512,44.69835986509846,145.40255211634837,2.428828691488871,19.717125007749218,3
5.693531363330275,27.567075269336105,36.68307658128817,166.808566615582,2.3481132782609815,36.261592272119344,2
7.483105744775355,20.97561567480129,42.70841407296205,185.10570695883763,4.477081272373038,5.0,3
4.894712655658502,48.24892907093121,55.01204565073829,161.87188286591302,0.7065916419748755,39.18673232448644,2
9.0,45.33845615898356,29.359616355363706,90.70288984159328,1.4075595818112188,10.35745607990062,1
5.155501012111907,41.65469269355213,48.95043071365726,24.77666954599755,4.012100974665738,18.007295328180444,2
6.828953505800654,48.33178530506877,40.49815269828059,144.98888253108973,2.8906508112612666,27.82412346925872,3
7.687788965582101,27.944472523593618,70.31790399371133,123.3012664695436,4.487268978034175,31.0313985063018,3
5.644039354699831,41.30358774267772,36.755495073047356,86.87141379438575,3.536898417185186,27.979900267874886,3
7.778702965149426,60.66650061228695,50.42746874726599,191.40291120528127,0.9994430114345216,25.472653845033978,3
4.656224603299376,43.000598392974226,40.23030177633966,71.22116254100058,3.0942516289163793,20.63955006172072,2
8.678176548773841,16.56055056414896,19.175432375297593,180.84844197282914,3.8018217016338247,40.61290760620903,2
6.521223897448637,40.546154445528565,32.18966356721283,79.49310124912593,3.3510594877999806,32.72956371146026,2
5.60538288804668,28.59683072986279,53.207066581425906,156.70443427916655,2.297588739558826,36.756048994600995,3
6.051227341358849,55.34272592923462,33.50958309087591,196.6987161009311,2.5890895198196975,20.78642700261419,3
7.71337890408908,56.3767480676085,6.6961552774057935,133.1033342198863,2.1598722663588665,5.0,2
5.623317062224343,16.82450749827938,39.52895474613244,234.49599172534107,1.0122043775982292,35.20030320866303,2
5.3759634658658335,65.18025941164377,23.614955530734843,245.8943162796752,0.8058906527283964,28.56433566879213,2
6.167695103624393,27.75627397442883,41.97726598895078,161.85875000098278,3.585031434141553,26.828613019327292,3
4.734556830845047,81.18364580964703,63.26720622097028,177.06926852951364,1.6928124517066452,19.32625166493479,2
9.0,49.024474709987665,51.54185966204355,203.03544331582594,3.8633976411780884,21.518814132908954,3
5.650408113177916,25.072130029216755,63.04983743109966,177.22131862427446,2.1073987688227045,19.00950250893318,3
7.747425179270605,27.160278586146372,31.57731967833263,171.8621608799272,1.030277119927577,25.45167830616107,2
6.814205125471659,56.9619058357469,37.852504995467015,123.79652986119561,2.388084547163178,13.6432252877184,3
5.023198924277048,42.17400220203245,24.333457047883307,65.63219124111438,6.14156245862708,32.626108804987936,2
6.491067936180906,48.066921807637186,29.739348324398573,80.49522933752615,2.856583831225454,45.36629087021687,2
7.676004168966122,82.2556046539408,26.0967275157073,269.11836793807595,3.968800002498347,19.023474044427406,3
6.21760799737054,36.015118715418495,20.39915546182064,166.12294789025003,3.2532057148861155,9.072094227730501,2
8.289669418776542,51.19925715391413,60.48784937997011,137.71582593043343,0.8922029457503076,23.979849522254927,2
8.032273089172795,78.39688974746106,8.620595574603666,213.16636295589547,5.173444869034755,28.152233365611043,2
7.8783722819874935,55.410269509328,60.552083572068355,112.52710135690853,2.628267285264098,29.532538943050938,2
5.810514841590504,17.867945292839885,58.69088387380347,179.1554133706594,1.034231152921958,41.02510485985695,2
4.880236328327769,60.10778023464273,47.49689013218497,153.8596016780019,2.2316497373349984,33.158029401494005,2
5.579618591955809,26.739942844331118,23.28239097858896,173.00137505518012,2.6906338575387023,6.8841809654592865,2
6.7943614110000805,78.1361505746593,16.26737332835189,133.17950653530715,4.124219285251838,12.640265678363178,3
7.318680070298534,33.54264790004044,31.773944781046538,101.76528463548098,1.9788552290845798,29.05653784535763,2
3.5,109.39019015491328,49.376806845098855,108.8564463430179,6.930518399975898,20.458468655236636,2
6.487830197582374,79.34751976655356,40.04595456161012,110.80578988698514,1.5942465262370893,40.15127059235492,3
6.737133837984777,34.06774860744043,24.347507573578635,149.85148438389223,3.917992443346543,15.628673131091324,3
6.083683615526673,50.40027610003221,57.22307176984735,72.19324097630285,0.5,34.6070995311007,2
8.436910758523819,65.07288563266927,65.26574992272307,87.62856924889536,2.814452000611051,18.506598176733167,2
7.1326701113763065,65.67320948453415,36.60101253978104,156.7762148764601,3.5508514189831724,27.62193188197056,3
8.465287862121345,58.846725199523945,41.640053553960186,143.61624777930425,1.3206251192660705,16.720741396184206,2
6.176059219474651,75.0431807393222,17.367269745557557,159.51157671283494,5.248568221562505,30.588595776747464,3
7.906216238760387,47.54062106731261,33.784199258364474,147.74782328334456,3.6517149767762564,35.72711305202166,3
8.95259959179128,42.66564662847934,47.656599670014906,275.94751034441066,2.523539302730359,27.529952136028836,2
8.467540173908992,43.06272024150779,45.32284810386666,156.33692169954367,3.6355162524419633,44.0913253738521,2
4.861787609856901,67.16746463944254,32.3849822618544,131.04601752563622,2.1100287570948257,17.79563782076722,2
6.119485883686428,57.30362080605292,35.886347372853294,155.0565892680755,4.8770698536113635,25.97968546300606,3
5.982252941825306,55.825673313805126,33.29183895183172,200.99775212551648,4.522947902733264,33.45849400930816,3
7.2338818026144915,65.90468498514363,35.82302929422423,147.51858053112676,3.5600851006612313,15.502221458466115,3
7.5295303325218,8.978951842922896,46.3485220377719,184.2364179318123,3.917538071246885,25.62287580045881,2
5.241660988961396,56.201376477503004,10.486943719463163,169.8022982201108,0.7842056848481724,31.64039889915184,1
6.601757770875406,54.371377777474315,38.884757277881164,135.47922115786778,5.200417660116697,34.29199860157663,3
3.5,83.3761616260141,45.24963303438534,155.5437899440976,2.8509632681020483,36.41843240684261,2
8.662917508702835,19.42824035472666,31.44272971538384,229.94610570960378,4.537568474139152,16.309371316840874,2
5.73143863898496,81.14373264753516,32.810004340526774,162.1539147518982,4.124763335287046,27.882583951275343,3
6.583795909766746,51.50818257849332,33.244083387768256,100.69894879144648,4.514572151315807,11.850889385441164,3
6.035525429017908,59.7797906132009,32.8142503969426,134.02447864335625,1.4283555746115686,17.756257886322924,3
8.219041362520123,83.51837575218752,40.0882566677556,44.28763751335974,1.6192509865261333,23.258869115185906,2
3.5,61.21522536011146,41.935041370206754,156.869935337644,6.372412153230856,36.44027583951444,3
6.475084486511136,58.00736578925122,8.492285256493005,215.60311718914068,0.7209868897614649,30.279152360625698,2
6.3412718637534535,54.84582371604637,49.79320557208432,82.9297115933073,1.3535844697369375,25.40091002376347,2
5.819545418612476,40.330437300112465,35.650016734795614,157.48663672540246,3.064865994897239,29.486567108262566,3
9.0,49.43021750979214,68.99444763202801,199.27159029346433,3.0674695909929146,30.212038899966274,3
5.169005811716343,35.68974467754503,22.125271916519374,204.55693165982422,2.189972884301288,28.69023366124976,2
7.6576942658534914,49.10866201149036,26.990282368685026,213.99005861379155,3.924118307878908,19.249230447292067,3
7.034379183059126,5.0,36.956365321251084,56.587308432724825,4.3531251564007505,15.433104021528248,2
8.392278878803275,58.580791351350975,46.19838174529053,175.2465477305905,2.972748550636801,22.76709638987085,2
5.499216372833742,47.56525492432749,10.738490089427476,74.72174074526974,2.597265210467405,17.06138847893338,1
5.400546651314362,43.275925266664714,27.5634992182584,100.08339317137643,2.9666067155772806,31.21278252829211,2
8.144104861216098,54.395161678802864,48.869802408607654,191.05611298042533,2.2539588120383725,40.28956164558712,2
7.137981962495165,21.328721540691188,25.77814080351186,157.90235609258085,0.5,30.636405038287773,2
4.182593979984862,88.58539993242564,60.55039564564341,186.3168037119687,3.4513866555113184,6.898615301108116,3
5.691042478305095,47.944650770248,33.19174601726392,103.54416975991508,4.148753570622061,18.667491286176528,3
7.079573980772091,47.08311134055621,26.50940197987155,223.68015550814383,2.7691090825141402,25.18149066363038,3
7.7566463323198835,30.692075797341552,49.15366386684279,184.41669669205254,0.5,10.652035792945796,2
5.4811540202105675,50.47892764898523,64.11426080236669,194.46490596467297,2.1424274320173717,25.311965064387795,3
3.5,77.73919780546561,46.245943881158446,95.9916611942432,4.358583107801895,29.693193966985135,2
7.28483477860555,70.71832418864068,58.906440988348876,208.57006201063092,0.8426272311947862,39.08858597595481,3
4.669518965084036,67.08875502281111,65.14953010955446,134.19192116797984,4.04382603315558,43.18707024562313,3
3.5,60.92797903334543,26.172119801086325,119.43868649273045,2.331875807445341,13.084758592260776,2
3.5,42.829149448747806,54.075870010893794,181.2731770022831,2.9718372739875885,23.834118623695073,3
7.720971290296612,20.996736659265963,17.147942360446788,179.16058873939696,1.9711507338241927,23.960334867918238,2
6.692926175607449,45.9792245626673,46.373537976795774,107.65905761213313,1.2966262355730795,17.869910859291032,2
6.161515428931622,45.28257070932646,38.93023164227771,252.81505050962602,5.151369702405558,25.98648468618916,3
8.583536544444144,70.97588879342482,58.64425304563093,240.71752881948873,4.223758548857235,24.199303335422304,3
7.4559870245346085,56.1878088491964,57.58377269477262,180.25175704058847,3.96708154425306,31.138028957171006,3
8.924450064082874,82.24623055807096,48.54675025801603,171.52017113658442,4.362833223302869,38.56613929546859,3
4.410896791749505,73.94977080076349,44.476418492242274,166.4893113130148,3.754072308453745,26.323639495364436,3
6.448174064069055,40.87008780991809,47.62553015082926,72.50016869906642,4.416196883670351,20.09950218627599,3
4.074929937577979,14.09741606760263,40.926563070648186,155.64036939607314,2.0041488810293777,14.744821232697516,2
6.155926502216799,77.71150467882961,39.082063883381444,154.9770790947874,5.066530330918568,45.424608730336466,3
6.127076219349984,77.18770446461488,61.638672583786644,121.19941568808093,4.932646589305994,34.06875608272958,4
7.439920455894606,22.675768181955476,63.44334729517264,134.53254139992077,3.5707229512769088,28.99710900711475,3
6.568345821712848,80.18480039655002,37.875112034466895,30.935380264226353,2.568008178172427,23.34019287686901,3
7.435110707419874,57.642343411850355,43.56454604516117,95.13635349375043,1.1647061720253897,41.11878674195377,2
7.555160199708341,53.21370996251306,41.22482837159161,196.0913145753645,3.3429866613062913,23.40375815958213,3
9.0,82.29566508494655,15.824523370942075,236.55984508196804,5.527372769502097,7.878829324507919,3
6.027055017070813,76.8937034646123,34.953466335819904,102.83096573521145,1.258744239973503,27.650264210536502,3
5.088465949000431,63.02661903990408,63.995563015721544,159.14243274879695,4.527112722788409,12.721938763076324,3
6.869125422974613,59.46434131623966,28.753361874522838,204.91911646986586,2.292841689140165,27.687606819938125,3
5.296579959290685,62.327885810607185,71.71815193451953,123.9892487052623,2.420853322777082,38.44134153247705,3
8.722941152654805,41.99885132234948,57.581894643840734,183.81240886173077,1.2368115131056971,8.274913528814501,2
6.075172941582151,48.89797100535358,46.02247225819313,148.310515220992,1.8712606101495428,16.00365685541187,3
5.6516354481890145,31.953656908109146,48.41264928964631,209.52009942126745,3.9701731283417203,33.64727418490506,3
5.793026418273323,43.33920448522162,26.241899554974616,85.87746301656884,4.1566913531351535,20.005292585796468,2
7.577626135207462,42.66732242662134,36.02156871662947,94.77116856161734,3.353787121614908,29.151643910499153,2
6.263379525152772,37.293892607566704,61.62098665482639,163.97695844714056,2.2487807028602216,29.173138624411536,3
5.537499769804427,52.73493005296926,30.782059912396996,154.81030499502182,1.3446641966516417,33.8956992280775,2
8.998027876435296,43.520382985988455,55.91697635423199,147.1838051753335,3.092637700215339,18.53408347397145,2
5.215745239007375,60.04469440703948,19.344397158444124,178.79170801022414,2.4525685436750733,5.0,2
6.55334911104949,17.55358773412469,22.02762381287484,103.4675217721132,3.3167721336561455,28.96864635584757,2
7.478459227415346,47.732904117854005,68.52076998379474,81.52821941892857,2.518143450269503,9.309962559240635,3
4.05299733437439,52.631032803549914,39.82244280639514,124.99459459856372,2.5565028199718056,34.35176546729963,2
7.220390752108887,43.78741520326239,31.922501695084886,130.58607206509507,3.2384410291686945,24.577360852927573,3
4.917338486779326,46.55214600381537,60.44111240498444,135.81264094710446,3.528288696965584,22.039687042634316,3
7.734174171251004,18.29507978540285,58.687323324452564,213.45228556769382,4.8358819351466025,31.90555604314089,3
5.056023482121535,57.129542093389844,53.81131847885858,188.52086233996044,2.4945174988879613,7.581560251996084,3
7.5391535477732905,62.952119651341405,31.451531208818412,176.66199345777144,3.8182417755784144,22.99793109782313,3
8.15874959944207,59.87074588407533,35.69623636093487,161.09997973146557,5.705433088548112,29.478742276386654,2
7.792154788449207,70.77454118884366,44.67443235587095,128.29057721422225,3.8581144863413437,27.528437721115356,3
6.876974972357154,54.03059211565004,50.415990132208556,107.30274216082776,4.746376490347469,20.11169545879644,3
6.15304858560545,59.57362361301874,32.37274638972194,90.14212896539894,2.0690589910969144,20.212663354089752,3
5.635370635497734,53.121814769137046,42.56105665931045,115.27465747646623,1.9194665394774852,40.43242089080049,2
8.706552036225656,63.75101439184988,44.01086951196109,147.85390058195057,2.760938807422594,34.12671662331738,2
5.450757169748535,18.45540727735756,59.3015463456288,92.25078999086668,2.9205901721793914,18.35826805351507,2
4.944400889645006,32.12838064043979,51.316987434026785,158.47598788683047,4.606236775673917,38.48460944272874,2
7.498053402549245,81.73799314066181,17.39797532747064,140.27809363821774,1.9054740762279678,32.55081016713762,2
5.305794795220256,5.0,36.79554537271922,130.13507942283985,2.86705813470362,29.883896417081687,2
5.074904753800809,47.19644140349312,26.068249450248754,208.07664506058185,4.612237870519815,30.26590139739048,3
4.3345936067453525,73.44549919216136,48.521311309175104,26.969068888863433,3.3233153750980127,13.538789020098825,2
5.7756352408092235,48.134786689164706,53.84730025757566,130.8135227357535,2.9837745445431265,40.052640110463855,3
6.37592746415526,41.89977857098605,41.52333978415367,32.3781277185261,3.357746432200396,34.515077265732046,2
6.864637591491048,52.588433536306006,35.97809454058225,161.92813364647213,1.308671247733706,27.451234301676983,3
7.926959366449225,42.93759639995107,41.03754689553975,188.1090791599463,1.2843703286370594,27.43606544304106,2
7.290346885498691,50.61698985513878,43.13378910216632,82.44468978930992,0.6176793725495879,24.085249989044062,2
6.21369167067023,36.33237926959741,30.3985052242464,88.84712080543048,3.310022681054405,19.31291156765315,2
6.20270648543042,72.17348839911449,21.71933348845952,65.08500841447722,4.3782821247645245,30.34548246817713,3
7.265236203372775,78.46529842131322,9.247914361669704,153.18209963565837,4.148379726905805,17.0459321420683,3
8.408855244392853,47.332193557767546,59.00773197608326,132.96058618979862,4.715441988847223,26.50698704143639,3
6.689471299224801,22.270211586175137,47.44549365452449,136.06726348042034,5.181333328580812,25.973650630153088,3
5.796303718684387,39.5231365937321,45.43766517016259,131.60141802570593,3.2169710767322446,28.851815712318164,2
5.010700998371682,46.32022679794071,58.97798331929424,101.32004678160305,2.9030884233396765,34.412499577416725,2
4.3321921033816615,60.11077753806416,21.167979854613748,206.59370119480184,5.2139470422636895,29.0333712191712,3
7.499404508065284,29.83973553658644,13.96553686217472,163.61703400658138,1.9484772049843697,31.935664220520092,2
7.366967785459336,34.61675362715699,45.763478747786344,90.76682316111979,1.232201069425128,5.600574194599247,2
7.3660452876599924,60.21352275717615,44.399070631651455,114.97265920837492,2.491680821146347,29.604133835825422,3
6.307010830471916,68.77817664079116,14.030397854908696,106.39656127662622,2.3163850359986764,25.75056613538218,2
8.610402118837627,37.568119096586315,45.392815932107084,220.29639517365308,3.0724901187315314,28.71724947037388,2
5.773822258122774,23.33565892098008,33.99665571400648,185.56096363414326,1.7249704632853207,19.709202576524582,2
7.9329038558108085,115.68236402575768,27.89367910393628,143.67552715387237,3.5545997171449986,36.50925342001209,3
6.4418856575156855,65.66608474177427,34.99864437576381,235.36105924769296,2.1463319394142752,27.504304615628136,3
5.5874738529809935,44.659924764659365,5.0,222.6021797599592,4.842305739533809,17.551851263091176,3
7.388795460976642,67.3806255106168,31.12938664912093,138.4644552929115,1.2081517448404395,19.31685345771762,3
7.114454178025991,47.51086740571156,29.435581457736934,129.47173389380953,2.7907907759218467,34.02773546647126,2
7.035459138900389,67.34313778200372,48.3565367040421,131.88180220513257,2.4976285626337327,24.147108718614803,3
6.621917633084298,53.18786395552444,37.62654795233671,102.36267020155347,3.3463348840057017,24.952835894709075,3
6.4431603774247534,51.82543796335146,49.583033105183226,236.69872242335813,4.39005672424006,23.022874447000824,3
9.0,47.72836263538423,5.0,99.67937484705614,3.3993163595834144,35.1113050231339,1
8.27638496779426,21.052373330738202,27.41352666143428,193.41521577137198,2.8071132024731793,29.823299698227817,2
7.584240342478268,88.7618979878628,48.33995577357166,184.52715654544147,4.036882556647941,13.128664603756107,3
6.6676987373050824,31.169321594645133,35.36703054140267,134.7567010888217,4.264537154124227,15.242289754212987,3
8.010735800895004,22.799528473788108,52.68190799461551,240.50225518322253,3.4037996950565144,25.045675533501164,2
7.276992164587178,45.74280234487266,12.930956359161652,72.04518394592358,3.5813877409597437,18.56958335911062,2
6.539307129161053,30.770563729789867,50.966662595342115,146.01543495105548,3.9699533194434204,5.0,3
6.044653512101127,48.96574418879458,30.412911733224394,125.54799175297478,0.5341099112261243,17.54973771854921,2
6.378623993505967,63.755276971235375,28.957043734259884,198.02965751354265,2.4737921828153153,22.214774415480967,3
3.5,69.90605801058446,54.86570570391178,167.6782932187584,3.5643508968129956,20.99998367629099,3
6.815901258946463,66.29461443243363,57.42851694934759,63.63524106667538,2.5625887743384377,32.2076224454582,3
5.767285879834461,43.887358904286394,55.52049544130923,211.97397218732266,2.567779665542716,5.0,3
8.889004997424326,50.99183655323172,70.57962887572398,174.2730861462284,3.5623523141999005,17.276345216128853,3
6.5290161062176315,58.157581017949816,59.002054126650016,98.22540690185346,3.5964674610231455,32.956627044751855,3
4.716554870697557,14.844251521158547,28.068451244015513,132.51604476068036,3.7005890318563295,18.323383635392585,2
6.425179768807824,61.41169400239719,42.124571922034754,85.0057542513959,1.8116648074195414,12.886090907646825,3
4.930818372406243,20.85401424832337,34.59703137272597,141.458098719176,0.8732949591687271,18.192999129655558,1
7.2101111235687,90.80693197812978,70.43634789923598,157.50589836799114,4.2065801735287645,29.462072759804357,3
6.936421046509228,41.909698307166096,56.573049320480635,133.26764206830256,1.886376738767251,22.465964365512846,3
7.936759446662402,46.30249645610817,37.166797949298164,127.47677500635729,1.7827119655915857,17.750409413036852,2
5.313677312458152,34.60585801524289,53.16864696629503,69.36298154744107,1.6473727118819634,29.81780035806624,2
6.55101214434222,37.400599362886204,21.51702300530343,166.8620730751604,4.726545212003309,28.74867575744097,3
4.452467306860047,95.4818713828648,43.75392606468209,53.77727015685237,3.3180402181296946,12.365017908776837,2
7.5522421728870714,68.80739377246596,25.931162610953734,151.5539759118631,3.5137850975768017,25.94785946041278,3
7.278306770660183,19.015951097043235,14.671116990588896,60.04220879837695,4.034326774841203,12.005148530307155,1
7.243707531541356,80.08425801370458,51.768043562947504,152.52524452431433,2.9364442043766803,36.70091332031652,3
6.502428547035412,73.86484550282863,53.62886642781327,149.69404977061257,4.519032693998563,37.31197181029195,4
7.122159336183186,44.37575075423423,46.85818954317979,170.16724838392702,1.2047952660306631,22.123264982671717,2
8.906508662462894,56.133938840596755,37.25549439150249,193.11428584007965,1.3715894913689906,35.649616155772094,2
6.072358614436979,49.70111841157851,21.00462017730386,202.3794211125469,1.2888458015009423,17.4378574135133,3
6.707967775565127,89.45159808893865,22.579796939241287,69.4978700312035,3.6325027463554997,23.601164857137668,3
4.870810551227885,34.07419622015819,25.46080030391804,147.089697343346,3.7596265442980346,19.15210704392765,2
5.197608557602502,52.92021219551454,36.494900624126146,250.54704422800268,2.291126944929745,24.75312750772345,3
6.646719939639961,41.43709338014391,56.14268100407372,155.95502842488537,2.651342476816837,25.662451143558826,3
8.155900320052861,21.339191907642917,55.90606316617979,108.43259298493433,4.902105901192848,24.973369362218126,2
6.115578763622642,93.83276510109974,15.271486005806846,146.0149436780332,1.9583457060703606,24.098162876394802,3
6.146125206031814,26.368668417951753,29.60149994924579,130.81670298429694,3.4431491868799284,26.27287488714257,2
5.889672133243438,54.40258374975552,29.19758470642242,91.1770921433923,1.9714261934701953,37.55390479431645,2
5.697864993733515,15.18598787239329,5.0,193.4552094103504,4.643961487410254,5.0,2
6.942457183563232,42.018589215138135,48.49181420424861,179.21762791376813,3.9426392764090017,44.209214347751725,3
4.254113532232033,58.43937642866915,36.307602635222175,83.2745463943936,0.9016178609931194,21.49222425425086,1
8.421409365000091,33.505320409952745,38.30286195053536,145.3362708091549,2.608798455528081,24.220953063832525,2
5.50186655280581,61.736037014713105,60.18806587563458,121.67681754089386,0.5,38.29301492879721,3
7.582855228157213,44.61917816223835,41.32463519926536,69.92037427375165,4.350683371516245,31.06689021046197,2
4.595002103909186,73.20165024797227,33.539043025509734,79.25902712620073,6.070963426382153,30.350188686960713,2
7.503260195819327,77.23521826680447,48.58116431507415,86.7020088099834,0.5,37.4563085419344,2
7.507916911721747,38.265104785399764,55.88307769863343,147.07851232786015,0.8593519635944284,23.352425561512998,2
7.076303108008845,51.53465718785914,44.447013490738385,127.10234998983216,3.250980125354779,34.19015520279408,3
5.008357217300311,53.66908452944465,50.33784398047223,102.04060189520433,2.97231178456582,12.39514006853418,2
6.874322284397116,62.38698590869397,37.81648525385673,130.40584851895244,2.383732242292319,29.175242181260295,3
4.725415722898417,50.28763992488531,38.77213380460506,187.37674859227388,0.5,30.618167175300794,2
6.120855117355722,53.80421918685684,41.69531065448243,167.83480486360278,3.485170244962693,36.46049907566168,3
8.04411965143299,45.13187050409761,28.703185743510073,200.09344038109515,4.3312707779204676,32.07832128534358,2
7.695052890606113,52.30479733944037,31.479075784455986,138.58435676403755,7.270478173131346,27.044846845901183,3
6.52277441381065,75.95880387070265,60.6681946272771,230.1278595340822,4.960931883205232,21.82390246442217,4
5.037790136115737,62.921664824237084,70.11934143793482,167.4039941849246,1.0519260120881446,21.712579731689264,3
7.46838156826129,64.02511278886738,63.8829687105727,125.55412883293047,2.9821628832573475,21.797187382754345,3
6.529071856547038,64.46140648271157,20.151139648471787,154.64759048451847,3.888116582173073,12.021209298605273,3
3.5,46.92382444237929,18.70213698122541,87.59620237050913,1.9676078287150556,42.43429912926925,1
7.673944739474777,56.376540871590606,22.139358520822586,134.69074318761153,4.170018002314334,34.98675070183369,2
6.463650749195462,28.29652643328511,42.01581162819221,171.49871151133038,4.055066684905402,27.545003559276466,3
8.30367687197461,75.37615312633915,5.0,180.58347540492946,4.856039573603749,33.14937282693293,2
4.857094221735792,5.0,31.16797650070749,129.49188885844018,4.20336412990128,32.53052612363315,2
3.5,48.2570321532915,61.1064893374167,286.6945213761318,3.4277154751616385,15.070225039975835,3
6.918625787517778,72.81791954300549,54.73658246093362,141.38961284223558,2.0431023794866716,31.3675126603035,3
6.937345515022959,22.722641327413168,32.363580241397386,66.08029789284234,1.060382108260264,37.69745986393268,2
3.963992558590322,57.99559835233702,33.49966838244043,210.66335960042488,3.328524207230928,18.22105293910773,2
5.0322506812000904,36.384671068419465,48.508625602103564,180.35636519248385,2.3942488624344733,9.6629932104772,2
9.0,42.623934696222626,54.02903132866298,161.5844410477625,2.5392041434902857,13.379574975805962,2
6.041584078769295,68.91881921278875,32.0029409839036,126.75395544541111,4.682685736079053,24.036574011581813,3
7.596438464564324,53.961138517703006,36.48450967420843,169.66732580132208,5.053386020708791,12.802478408570487,3
5.524010258947424,9.312882642312744,31.50985407219965,230.95081229988153,1.1469500756200441,23.279948484988036,2
3.5,30.47148920536803,20.029758379371792,160.0816468670073,2.684354091127218,18.45285033593119,2
6.2446126298061415,69.5067146977752,36.70384377967279,76.4983206594537,2.3501922445551497,24.99200890565041,3
6.101593159570842,58.97885436385995,35.561086896868545,20.0,3.4723629630040076,19.903374355782667,2
5.900182641997443,84.96271145048568,21.090338260170164,169.22797803191926,0.5,24.64020011259922,2
6.328038746740411,83.65295188026595,49.69121406456594,100.7043229369946,0.8087430224358294,31.025155602891992,2
6.896402407468455,43.15509739706417,47.24981017938834,145.0143641302098,2.8237576004423914,15.419412039609089,3
6.27482457311929,100.06475610138978,50.435795512676144,109.54611884933004,4.179172806457974,27.813385520374286,3
4.603990748078955,50.48959339703821,28.47894466803448,105.95455079017009,3.112936106180361,16.47747395355222,2
7.229277187342908,30.74662931181949,10.246364828280289,111.73629333568664,4.007260609586552,24.942478309031525,2
3.5759423670163653,37.32720268178845,47.009966944684734,116.2562320041717,3.2959625665304797,24.181443627429324,2
3.5,5.0,30.038309280554298,188.81179942414178,4.9144343606161724,28.555796887703657,2
7.608770742052352,82.14038016498563,26.639978001314482,178.68218965682922,5.22883132324827,26.846273060771694,3
7.260530408203035,81.89523978087728,21.144203880348364,89.60055885944134,1.8593056692517598,37.38881065510693,2
6.413906952388946,29.68985122373358,35.870162078692694,96.41326368164957,4.325468009681328,24.739375049827895,3
4.406827242867392,45.44231423236188,63.659909455757095,168.95609522346862,3.7621793227005824,18.72496331553078,3
5.438133588988887,51.91215088225155,32.41825717966728,202.62511827177607,6.757002217625208,34.29725836497597,3
6.105879878470244,30.792938957157723,23.652954337495995,201.85706799570627,1.8032474714788245,28.30984006266508,2
4.10615904713883,14.897959374576772,49.779001015450426,99.85455796098842,2.8248967034522723,33.84147430384641,1
5.391457012965151,45.79284792446177,42.59218419656926,199.46557159501123,1.4515895500261986,23.800315297450663,2
7.47849550726502,43.578411410815065,8.210479484676888,61.1865182840575,1.5405956518469983,11.913010647208203,1
8.640958046433825,42.231775180224496,49.9351947962993,139.85577914949803,3.5783460324676515,47.43911747123873,2
5.870847871012174,54.45432125201929,71.927016527524,174.35132213043264,3.3083151308086665,18.973559443516912,3
7.634732531474148,78.59039317051985,5.0,46.05974934791743,3.8121766408622673,13.390771132926098,2
3.628909894118799,43.93814560616548,21.464409639668144,254.6428462042731,3.779630591173598,32.16988762097934,2
7.489176861670417,53.40885997442726,5.0,216.33475914883078,2.646541870763383,15.54849347521413,2
5.294077377908779,64.53741047489872,38.87043368888748,182.35019861802945,2.6361913969527557,21.075964138501583,3
6.961018425061955,61.082858530254974,54.855793549170286,101.74858962175392,1.5438019012921278,26.245733535217138,3
6.128371372640436,37.71152951104316,41.582511246944186,146.59481877114337,1.948268543573108,23.566805512080155,2
8.480621014675751,51.92754246228072,60.87993547169005,189.5210084881511,2.9147973351630885,21.365867537521734,3
5.188346527490123,60.95079640338106,52.45825435495201,93.8669216500093,3.2955444627631207,40.896894425843655,3
7.441409446342747,27.432973249784446,65.53220985253265,140.97628843809915,4.066181837382883,23.88535676451417,3
6.0807388050552,75.27078021593016,57.40316152160642,195.5191924905491,3.91329098968826,16.005737547643484,4
6.262541782985505,78.63177810428222,33.95585397085743,75.27024991134749,5.335615148348599,34.769528126055135,3
6.224219160261185,35.54439489111012,41.0008968435226,166.62123555102275,1.5409678612536464,17.77462394280713,2
5.23149034325883,53.873400366963374,26.969846267785407,62.26151851894099,2.6511218840338957,23.909330821003014,2
6.478851551139993,62.845565133420635,36.54015746697927,102.80766222106732,1.6720431657033428,15.95373303035252,3
6.406027666817268,39.087716873424945,40.9274750802718,124.77036971619529,4.915930604043106,27.114335054264956,3
6.861860372610094,59.632276913761885,38.72639014696969,175.67778063593892,2.246289167705365,25.397802726076502,3
6.626757718539293,53.26511252584331,60.13380289455415,114.96054487468982,4.7325411786669545,24.70990747139473,3
7.696991824418355,20.641636447223984,35.047479062397535,156.27741956645755,5.179179200589089,26.50018168681644,2
7.8852629240710534,59.18322631957116,26.018703796639645,115.63859310958836,3.620155445191173,33.17801428326636,2
4.9240650172582985,27.997151674579285,26.95583447645219,123.46916139424239,3.439588241587545,32.03094239714605,2
7.803158750886157,68.78405703324094,49.82650407433796,212.53307538930744,3.0579677182268696,14.605927331337705,3
4.720495359335218,36.575778497322226,18.952923878665004,92.48859108788807,2.524340945750366,18.25346736963176,1
7.381783832206603,46.774291326777096,36.98220744773624,187.95769869735923,2.343922854257902,34.243726172789394,3
7.429608177054303,77.4455782689315,59.91250368183131,149.94680572625091,2.7788749144285383,17.171697786766543,3
3.633024662506244,59.927632930576905,44.38897668611246,121.22231555460047,5.7365675857186496,29.918972846365723,2
6.639468869794115,28.410521608509093,38.880919163218685,89.1238583794941,1.4372171775507294,33.394825702488454,2
5.797255829959527,29.701668584018325,39.46134394542355,92.68818464504542,3.306913835663986,8.584197024917803,2
5.361852113096937,38.01394422752549,24.55653111659241,113.06774876210267,4.0669589462811,20.936612692998644,2
8.526278496048509,57.892881667133324,27.142979343481883,142.4972796389429,2.5734362379864657,33.15034134193216,2
5.519481289043871,57.165996298655365,37.07227490628134,180.17548180782006,3.624123556862368,23.530261289723587,3
5.2904346063229255,33.13795390674262,44.0690954516394,134.98803700388189,0.74309728097484,20.95824761574241,2
6.61354241000764,26.655810287712818,54.22225017703166,138.33445740588905,4.98756471947277,33.31114780970304,3
7.528384619447625,55.631668101716684,41.388409257571524,145.80048883388474,4.696723067161635,36.03905755968539,3
6.28752712098481,46.36279868419676,60.291612636313715,173.83888457193643,2.852361150939526,18.21590255750001,3
8.249555818503879,93.14431774895475,64.07797022814287,182.2401409598255,1.6802462020423972,42.67130780580204,3
7.296463492946136,50.73207313126158,51.92900818723306,80.6517262214076,4.189347221380361,7.157832672168777,3
3.5,86.2850565540055,58.37472112083827,135.89626451283442,1.2778208005469058,9.928866538245078,2
5.705799554739487,26.592328037913198,25.139297179178584,211.37020086739608,1.493063901135598,20.45620453244909,2
5.657236850972452,18.535741208765856,22.762015979679063,84.19400231400228,2.919585763396975,21.65470567054418,2
7.2190414301441335,27.598297349489307,47.76960064435249,153.71564452244795,5.277062350482023,22.112354525346742,3
3.5,73.78259562906933,19.88185282199429,141.45779981016096,3.9608727839029783,19.654948458766086,2
9.0,85.12203179387068,35.644422339761,121.66622050316943,2.029507245016072,17.743891274763158,2
7.296539142341315,34.35641092094732,51.56787857994609,229.5391325521679,0.5,22.79687594665242,2
6.723315205876537,40.788679404808846,61.200593870278105,151.84179044339373,3.062280620447721,19.101536022203597,3
8.272351574628718,26.620381795750006,36.18676524567902,225.55725359721572,3.377132678852396,31.819277380032485,2
9.0,13.767203057632258,30.250835570384645,150.2813602622205,2.890829877616795,25.306144647983505,2
7.806119966882605,64.36823395553259,44.80692432267374,173.01279446588657,5.7095875203475135,22.788372051719637,3
7.92321964470743,54.46040605924326,23.89684834714166,121.13892455365097,2.8021096655873317,24.278813450718502,2
6.696035036696573,50.20975965347751,37.40082027559859,121.69531623511232,0.5,36.141613669709955,2
6.2877113699495775,21.9988692567324,39.87999927585578,170.46737651244302,2.3892906627354176,20.165934864688566,3
5.786306833992648,82.7991336365732,39.580240109938075,171.38487288167954,3.6819668678211435,12.266085743223458,3
5.260832012428187,39.93286523901054,41.327552107268225,179.8993533295927,3.580345963127959,15.226352546982868,2
5.469478850450754,60.67252849632952,27.482277166417873,168.83391434772878,2.734982570647454,22.6697880052624,2
4.474166053485526,20.90877189510551,29.095105110723743,83.17895364979576,2.486672720890767,29.815031947726297,1
6.386192823972465,46.189496207599255,28.793256084510695,109.6815661643792,0.5,33.79807520824424,2
3.9729986341604198,55.827489124771674,15.698584912074143,192.49714430743475,3.1286561343323007,41.48638342504509,2
6.786374786215566,56.54150436106615,45.12745482769159,52.07673172983313,2.492065835881556,32.39155072011981,2
6.445504087936487,53.0929708647325,53.41986177538007,164.63036207528017,3.373874823065189,16.170520371382825,3
6.720402947580031,59.89044984097545,51.94465124280304,144.40599504654094,3.736933911030436,22.96774124834352,3
5.716802644970011,27.389590879340776,36.06254709308868,192.47909337361799,4.861602558066961,5.0,3
9.0,53.9474521087932,27.834921408041687,170.83105930353776,1.5666523480291978,21.884596413814638,2
8.54017385027047,52.275153669605544,51.16471963544034,116.80098601457689,1.0590267682264274,18.948931048348854,2
4.6331862498729155,54.633453683901216,49.58384533561828,114.53249808491682,2.139049903313399,5.0,2
6.849302131140347,51.44690434638363,43.26130963654444,123.86082635015404,1.8966101324155393,46.07535576162936,3
5.587990785594014,24.53574452173205,66.1646687863491,179.0031523685314,1.7618856379255836,21.220162526107448,2
4.978280409938879,23.644004957820528,39.60361717949406,34.889316022237765,5.1673596613023784,5.0,2
4.489891893314097,5.714636282308973,36.14665024112667,157.86897221785307,3.222623807307442,22.25859602429989,2
7.148325036138881,66.35069019690596,34.002740033881,105.84827063863165,5.958590193942122,41.50770230311148,3
5.477929647395639,66.55315019470397,16.58683440278789,159.54176489036286,2.995394365462856,44.07099083645775,2
7.951739036037806,66.8710058244424,49.92009946213439,167.22488932516845,1.2421853264010583,25.583705211332088,2
7.990673321795659,56.13579924922904,38.41771949263335,66.88367085356563,1.7877381237033456,25.963777480430856,2
8.560871577817174,7.337615645637783,47.64896862035193,138.65667864996846,4.5366830205659365,37.255932729143666,2
5.221419850888845,29.465790164294678,67.6281700313686,157.77851784001234,1.2992223945592145,23.494880802092176,2
7.213048416038015,53.40830835186224,34.13872345143074,154.39750476375738,3.836814966395818,29.602838315242284,3
7.448681324963451,52.710360055835906,5.0,143.88995234420176,2.4648712062710088,33.39590065611116,2
5.788732737344053,45.545035736959576,47.216055542661586,88.95562400929941,1.6052616410028588,14.240637980624836,2
5.342342063910687,57.378344058164934,42.50289084839013,96.5685984676729,5.079779598222336,40.367673287837036,2
8.914280998663958,50.233034153704914,29.013191860430204,81.09763386230749,2.11715094551997,16.203115145178778,2
6.841243813598081,52.41540931102723,45.95899503432247,177.70227854198768,1.758643463099449,18.66208364721013,3
7.453951626067607,37.218693343359675,51.791444801565625,144.22145790966994,2.8816603806707652,25.998223002733873,3
5.266885982258109,69.64021972243181,25.80085134682679,147.41233803536434,2.2376434607372024,34.39601374719242,2
4.671073300216709,41.38456782639232,35.48002207894926,64.72532780775529,6.322478850899802,31.774049537366963,2
5.645825338261835,23.387018339587474,62.15130594773392,148.31986013693972,4.590535940063369,24.50600320396797,3
6.313967918915004,34.58001974362543,29.17566713155952,181.68185359913414,2.1139613663172554,27.841697909900077,3
4.903669989773977,43.030676172760394,41.000046331206775,57.90802127128603,2.286994333112353,35.7328973561228,2
6.485232787024425,69.88005576737693,5.0,123.22968706275147,0.5,25.083934274526854,2
3.96724221789725,49.15464003130414,17.772317483780576,71.48254342275973,3.206105476637167,16.879446329533877,1
4.819928866295191,46.277035620687016,42.362762459992,128.98589626350565,1.879410985591789,18.970721609816525,2
7.506366872415313,25.026731504747453,58.419817143784016,104.95040512145385,3.1320170732399,34.09280657925723,2
7.4056857804168414,65.70965179659153,19.569554769984986,169.04544168208014,0.5,16.887631416695278,2
5.912184851919701,36.960956919532286,41.118460930907446,158.46197817131957,2.9598654960165875,9.321563010586981,2
4.97335353638457,47.99944282117328,34.36423136419425,214.57522028170223,5.548006959350241,21.95811318565918,3
4.958894672710984,79.6036615376373,54.2963208248874,147.2961075349753,3.0812117418484903,24.246527060963054,3
5.940097631088029,60.17526662098609,21.732950420161224,166.92439010521366,1.8379767194241885,33.60498301561447,2
7.466777737467937,17.43491904569651,46.45116472551228,122.11462591757612,2.969299912635262,10.422236060247382,2
7.892368537016487,14.609795272950556,30.194639695056146,94.84676743857105,2.903626895720871,28.464719221220392,2
5.7552023967770465,48.71379099761508,43.34557037239713,191.73812173450432,6.2877497111344365,36.51259004733397,3
4.769761361022824,25.745187702503898,41.03396578462709,212.16275267735398,2.50073710616897,16.826547990990004,2
6.9017654567995,62.97093495265996,36.22331388786073,185.28278496191265,1.1950600451657145,25.816437113200188,3
5.264697544061226,50.84526129929959,47.16717769404077,156.56140615647664,3.032187261341157,5.0,2
5.722621041708196,53.30769538047726,40.654791014544415,101.2953222757362,3.2932998567589484,33.73163707911803,2
8.487914135655556,35.86513636715294,38.00790546884958,207.0814086713473,3.8434439495312342,32.955963657030935,2
7.740673142848652,84.8276731057341,34.65375198965886,178.9754657818506,4.133642775347079,24.800222140528618,3
6.736961468377178,106.85187456020918,41.16397584618005,251.2439304664723,5.933289128264693,11.727188297861556,4
4.592121498330916,44.428305524865706,43.33065322219108,92.27880248800467,2.1065044474911923,31.668832580373692,2
6.817094851205988,57.06078496830002,25.162868798790683,193.12832506236902,1.970175383732723,22.550020676523765,3
8.09398593618129,51.948346861286254,34.75793143123935,177.4553252437399,0.5,5.0,2
5.9365495013516965,44.80626273117863,24.17221083053241,132.8986399875972,3.9924806500735848,32.78212482371743,3
8.526671134980074,33.358590645344066,39.402318658288216,218.1917440101552,1.669028451841284,36.63615809475186,2
8.439117934277311,28.300640250390458,31.11501692718958,170.1172574212274,4.3376464198719304,38.39305783894389,2
8.99559924821521,27.288054689489517,51.56174721971884,103.1553485769173,2.262547629621232,12.229971162180709,2
6.957864689797029,58.10480051098291,50.09090466635035,144.0830491862795,5.588936957640551,5.832060186105778,3
7.381087549709019,39.60651043592729,26.158771546534453,102.55705964484437,0.8497396665298975,20.896148567886264,1
8.621280932496635,5.0,39.965389819022874,126.57421423072432,4.534388255029041,30.178645279899932,2
7.171090905603464,58.89716441196644,49.57774868872546,185.19130767698664,4.3557638442191795,15.572092717921835,3
5.748148838314681,49.23477435071688,37.370375197539566,199.4637022617108,3.789864657696329,9.089655854635254,3
5.827185745208208,76.93346002802292,29.07673712791683,161.06061668946825,1.3241044515186904,32.245695833783394,2
6.857832430660609,57.46244794182019,23.613947079328064,112.4962561705234,3.7967262304628306,21.547931581818357,3
4.564157867080672,20.426528073794053,52.81401342367543,169.08042101976784,3.1903121111950576,31.225892309360674,2
6.285111626953711,5.4064671854003805,53.540697224274545,186.16998189788185,0.5,25.15796692825586,2
8.14482067734538,35.61055231324126,36.88078601688927,51.39441273801411,5.337409484601993,23.338948058427693,2
3.5,37.49785158612695,51.49206376790016,155.82393875154585,2.481582876124513,24.358640179322368,2
8.801723152691773,68.86318402000333,5.0,140.49051008003343,5.221826544036578,21.415546277501363,2
8.18356132805474,49.82258135420853,59.913319760638544,197.6855627704786,2.8985078248470244,20.414575777562124,3
5.810353076254286,72.67376996197018,37.64582792084232,169.28445824307494,4.473489094948108,13.987188811163891,3
7.315086241807714,23.503338885947308,42.126648411992335,174.21758507363927,1.7107123323895772,29.833494467319085,2
6.50472159035949,69.30528768760897,35.19223414501046,125.9044516809519,3.321652431492726,37.47537145982321,3
8.344985552658024,64.41978306861839,60.93561222801259,150.0825858566218,3.2159129896915157,19.995206923925785,3
7.974024714154911,9.635317771376073,24.089025640666993,197.18424849019442,2.5145984589110504,43.66099624233269,2
4.399893915225486,76.45235682521545,62.116904899102536,146.75601335148616,1.6961657791279998,28.76577977229068,2
7.380893620196265,51.86916983532706,45.944063814176666,158.7334777865787,0.5,27.581745776660064,2
6.191558219535128,57.84089007737011,49.33996323877237,73.2021350778967,1.731360887259622,31.55018181861367,2
6.62424885577715,32.702077751431545,35.061931550066255,146.5729981836392,4.0507636703636,34.7510791002777,3
5.407742148545276,75.50494025843945,20.37671203155444,49.40000159469453,0.9071556766647548,20.454260746330284,1
9.0,26.282953415222604,53.95766148304152,124.19275653208717,1.2177995402570718,30.548234979483432,2
8.060092729853864,66.64184036747892,44.67112526783996,153.17577788634497,0.8477057874529401,35.466346824327786,2
5.390343254040549,66.41214951817342,60.424351874632265,188.35153972422853,3.3133321744658346,21.20622763022774,3
4.498084089634651,30.516651436555556,37.09335519676453,100.0420028274012,1.659890122360113,25.047388316559264,1
5.921491053533227,89.66747198845148,33.71152931651628,168.68420717350511,4.830514465800205,17.327421746368778,3
7.1517539691369585,54.630569604350384,60.82132354960453,223.42467021810643,4.1019295606789115,20.069517593562068,3
6.860308765919335,63.077852205420484,68.67841246746167,117.96280671421889,3.3001860959264446,21.503090877528113,3
8.379699237152366,19.457584093284886,40.14020764548595,72.64735391386714,3.4559244998637797,15.958031926014248,1
7.684879583271279,92.3546000601713,28.708637547143407,164.4919978528544,1.8555778910254472,24.370525806810672,2
7.95435353862936,25.508861195498206,52.157961441843234,90.40014967318535,1.8559610610078852,28.308289651666783,2
6.990283100915656,70.49772865531861,36.18969150743989,109.050071326324,4.06653981987302,29.279502571050354,3
4.416051904683515,30.104565641366094,48.988942381011974,196.1668470851243,4.370088035455563,16.915287119985877,2
6.206452203279648,37.62022394304635,36.1108603843187,243.84496376883405,4.053393557870319,18.936780653108052,3
8.090134609862998,65.77508087770894,63.460210273177196,99.96549418292574,2.2941260153649017,33.509171346137194,2
6.422715607213031,70.55105427350314,29.507657424239504,113.12901299922933,2.4130168837195747,18.91272866233336,3
7.25463555293562,24.574315017717957,47.2079449378294,128.00655187955903,1.6023648272924564,33.2419135903872,2
6.0218775271308,71.80944338113989,32.66947044651814,122.60959732372865,4.152380755886828,17.67535613399648,3
4.955282227187233,70.89960990266388,35.77740157868846,246.66462569060172,0.5,28.76996025123544,2
6.314983903930834,31.24093182310215,33.81916517859135,123.47160851561068,0.5,32.5235167539775,2
6.963571164548981,81.9729518718222,51.079120991401226,130.61240427369356,0.5,5.0,3
5.5164684208078345,20.86284743503924,53.77544672400806,230.80887365874128,0.5,33.68466965328946,2
6.146433132714997,37.50454834444769,48.36608243398557,178.83381557696507,5.035711352247218,38.0407113959795,3
5.090805137021026,59.58005248183977,38.38024799882094,199.29496164746223,4.1802080453554105,21.910855427073635,3
8.178867376346144,32.92867430594787,42.102700465023894,104.69435634888043,1.2021050974754188,28.457383944834266,1
6.058316363617949,55.27638171358682,53.46582352689137,123.4910158412132,2.8411006399688308,16.608775921940122,3
8.679133317689274,54.821521576065905,53.93967380811408,98.01408211605198,5.198685560772547,28.634805361705627,2
8.793121775811363,46.258514601545585,5.0,190.0630773017908,3.750297931368635,49.61049780614118,2
6.378431052917384,66.64801077181119,35.916667423409564,211.26216038917218,6.171564401956209,5.0,4
4.987326901178975,45.43278414684722,36.636118128407716,120.01128154092436,2.828600798860773,19.992884731911108,2
3.5,54.63082137627612,50.03878846189243,131.7879338547862,2.0172615804411524,32.96754365517815,2
4.291944390459813,72.92943754975805,38.998437734338815,133.9754967480671,1.378336249969329,37.61583294155018,2
4.43924776265201,65.8137242005168,50.78775071423931,72.63880033609121,3.035466983699168,11.175776311218977,2
8.567704441192257,65.72034581628417,23.820088434541717,116.30889611201732,4.404096587380451,18.61809267433559,2
6.673736880840419,27.0164079556644,43.9008177319117,188.66331073818006,3.148687549903935,19.19682111561746,3
7.084406786137982,60.495851510026434,53.50308480175741,106.2290747777453,2.462707500535479,18.470042018562772,3
3.5,32.430024180609905,17.884256960227777,154.6490931102494,4.884780652975819,23.838254105566822,2
4.703050356174108,24.371700404439473,77.70465202313355,84.59905127679217,3.793338144199507,10.713090366478212,2
7.830619664669431,48.56587307430063,57.863288992997795,142.7999544435566,2.8298452550701385,22.454746020101112,3
6.930161168573879,31.914096266968205,40.02029953698463,121.83394227069961,1.8501130898323674,15.638511031376217,2
6.279192081971604,65.81235437679955,27.57387839141848,88.91642581081163,2.6183358127023078,24.311450985937338,3
7.347263537900184,66.29070919390648,37.37372274589441,189.5193048077556,3.7091208341353585,17.948700229971095,3
8.953696709203722,11.947475271371161,41.25703539417011,192.33136806005095,1.8294766858273632,23.309632832741098,2
6.168436304694424,33.433949208462195,46.60993835218071,101.52306438820125,1.1495205918487614,14.635626344239336,2
6.604054703987104,20.804266561640024,62.509912741900465,139.19082679031365,2.279773115097476,34.52700614292733,3
6.788895378096957,40.74741446814219,32.85852295835731,152.21593415362247,2.9261854618833927,21.744033882876913,3
9.0,59.10351339737649,48.44064756358842,59.261910643607536,5.044935247748666,25.138277530709217,2
3.5,45.15423803643223,20.613562560998304,80.1453636802984,1.2599439452062207,23.541805709491374,1
7.5248345221832125,38.20481518665729,33.79598928512099,214.31422181833904,3.340122145399274,25.072322186434015,2
6.327796626861405,76.00353053626279,45.65075271804038,96.74365517487146,2.5836427900391525,25.021925722269767,3
7.35015758927627,5.0,50.36893736513207,212.9091554125848,2.658088821115909,33.051383606293165,3
5.513941169007913,74.73743787036449,28.701512850030703,82.72931628083346,5.309049454326384,22.139331007998383,3
6.426552453712325,39.11423413689029,33.38812455982129,182.94138885702014,3.1218182059880513,17.80206464342298,3
7.5671158691982425,48.43781979774421,61.90834953375318,134.43484462448325,1.629667632426332,25.417152893876313,2
9.0,39.45273324559783,57.42862929442067,141.46168654228165,4.333120082318408,18.87095788293749,2
7.7120542841031074,80.85776211078237,43.12685825578549,242.7967956766982,4.222861024960293,24.250864215500197,3
5.227901602954237,25.38043006389481,6.450322701689267,87.2906682840659,1.4982433321175797,14.479727307732107,1
5.864360476965945,50.234727394438714,77.66698821535013,179.73990981305354,1.2105949054694327,35.49782472376255,3
5.819878837424219,60.548773037199936,39.70102657514133,177.6744831778911,3.6157795870606053,17.19467241817106,3
3.8065352410549775,17.77994464229665,35.3114941296801,317.7286694583189,2.9505466218875664,36.994036428753176,2
6.004864712447844,31.602036591076928,32.16460111218828,96.14345898840571,2.2941259429366085,24.388742743996207,2
7.599243622732617,47.03642933003542,45.64550555798663,118.70076032482817,4.584447761982555,33.56153188742309,2
4.588651821384808,32.2666993063125,45.798738837563945,190.7961142916277,2.111578955946363,17.32688034312673,2
8.072723976575888,33.688164575617,54.25941809689769,139.98680703990684,3.632344353755081,5.331549117991738,2
7.231662231626507,43.00274673847125,26.109067534764804,126.84745216341253,4.761966551926182,8.51190121603489,3
5.398650017043443,62.99162663292346,35.31257682788108,197.87557441615826,2.491303709777722,50.029023352294885,3
6.287705543993229,43.14564446243711,70.45818584836303,136.67157818481397,0.5,19.020597019879826,3
8.89748271146155,71.56852388945893,43.36885949874988,105.40704648092913,2.395398324907726,35.96158062881656,2
7.6003217202587985,30.044844346812905,37.41213440009881,186.31050773809906,3.2839256123631575,12.022437131551843,2
6.513175482347222,24.961554790530947,25.875733516244473,168.76440040139303,4.504508914144211,26.788547236329187,3
6.143475024558524,88.52690811442268,47.589014587311276,134.3576702197012,2.218258964646152,28.48407217928649,3
6.614913605677489,36.840837446689775,55.46527325563666,131.98492406199892,5.584640169694821,53.364120111013705,3
5.732354663086545,23.781759858556804,53.11881468714711,104.25466975297184,1.0517664318993876,21.821412612308166,2
3.5,15.158921164563395,36.11798704586625,186.2548427557671,3.246215496820982,17.88731950908756,2
9.0,71.50206907617878,45.418784250453044,131.99460913728126,2.6412554494361924,28.50933609350647,2
6.732987498799102,43.17390970679882,65.07489154972917,111.50770482131651,5.020636339709968,15.75237413030545,3
7.097220897683806,44.92580529867203,56.063234382572034,85.72224164040728,0.789529228827087,29.095768893142115,2
6.413138375184637,46.815965768267205,28.237558867100205,169.6077178954418,3.6384521372038847,24.46511545395516,3
5.397324798913118,70.25885769339563,5.0,124.57085105435013,2.6336525521579337,17.461823455816663,2
6.221113278576844,46.409403320481594,44.45158760626352,49.366234300546424,5.293711424528985,29.943839338212424,3
4.100907856708533,96.88107557665252,51.97852190122649,89.83656051779768,1.7571619781661274,26.08321369354089,2
9.0,52.67521148108459,23.661632621901063,138.32015321705086,3.6229773937416554,32.6032043904326,2
4.648232002366406,71.23569533916643,39.86815716815833,139.7231167541416,1.7427126893432272,41.52453373839492,2
4.952050574229231,66.10479715808813,36.04451401190382,137.82288748146746,3.2820932661342734,19.98356921161878,2
5.839611193420399,49.271053594839245,41.56429483348298,130.86219442162195,2.445952690903842,20.88491956253181,3
8.432113587278566,38.260580279590734,31.829555693204313,76.20731386317944,2.422155367113863,11.543525804087757,1
6.521763498893981,56.639278571331076,59.3576649644199,106.27257379254743,0.5,30.210302745974392,2
4.645796305954306,60.201974624145464,42.21953320949144,209.18884932420508,3.6218760965371453,18.552484525395396,3
8.38150754113601,38.548279037469456,26.81474670752875,201.8114063426533,1.376641294572225,28.455279831667514,2
7.596500940178222,53.32677731901312,53.76193230390581,178.89758911720256,1.324980577422163,36.65473220566628,2
7.307652435824679,74.72409956519192,21.037186060124423,174.47513020203343,0.6670748916618381,18.156015656261676,2
7.5736013617562605,91.39895478139357,59.267415663026995,195.23779540327456,1.4159259624015192,20.257171932990552,3
9.0,67.08738640698843,54.865891363338456,93.96026312539499,3.750719649493779,35.14512665719884,3
9.0,87.25519372760564,60.84662942981179,151.64641833784745,3.676759932729613,32.07422833352277,3
5.469926985495057,37.41251577587089,37.62630441337576,93.98664246765199,3.995566440811843,31.014835793148634,2
8.935827489216727,64.03764504118588,32.55829030324935,94.85427651173634,1.4595286607327838,21.08613134146748,2
7.07475228463835,76.77039017162545,41.260326413996395,168.40324688734705,3.3221724383590856,10.639303692296917,3
7.248643724206624,32.07333334056008,38.73344820466703,197.33752195679375,2.0769247004938185,17.881661215653637,3
3.9615937525350073,40.288197759099816,30.208955716547315,140.3075432788731,4.432094532507474,14.905194851130155,2
6.244421351917706,84.758095236705,31.695650288115363,232.45002161047506,3.639020932266453,30.815463140538142,4
5.280764614495153,30.498022884261204,34.504407291003034,160.58921635227682,2.0152225099295817,27.84521536620425,2
7.742088222339964,23.177399346885785,22.44994470340206,111.16072337917443,4.5608633029773555,19.013830751542358,2
8.106620750604208,80.55963147279023,50.16944934399002,95.6635724063164,3.761016510961987,20.7212447180448,3
3.5,73.93526449960876,39.2155429364349,200.90657420923583,0.919495759629263,29.756496589088044,2
6.466947703993594,58.64240487967539,35.374322961495295,156.42295578699074,0.5,21.806688664941568,2
8.182792257191378,49.08578490708345,23.34468758587484,183.8023689084741,0.9784712692100732,19.188532914228926,2
6.219981556529833,41.22950988790036,22.594405334988025,20.0,5.473772574789957,44.78591128994171,2
7.593595467503547,55.638977476181026,69.03871076083618,162.23360171734691,1.4768060609453544,19.50375805334536,2
7.026748201440626,81.596139148031,30.591138057076456,124.41129057518815,5.814210311522732,31.6863967931957,3
7.0124903479289395,54.77132252284152,49.1579259131399,80.31202320415677,1.3990221254184108,28.925756768883943,2
6.093027532897554,93.33918534493932,42.43951704850266,146.86588285257872,1.2392024170839837,9.76744068494829,3
4.675128793796436,32.041160287195396,5.0,204.59067668272277,4.319928721594894,18.210061165304957,2
4.817704778862459,49.60638491343461,66.88676234707889,263.31141432098593,4.3882849663536545,33.191217067447006,3
7.564028771682976,42.53882664672169,50.26125968164174,162.10762036612553,3.833737760450429,23.685172140783067,3
6.529187383278325,28.297169136753343,28.48494768542787,114.54267050192388,4.014165440687467,10.350604209729806,2
6.292231633089163,46.938325339806894,39.57450243355607,111.52487217407665,1.7975673369624998,28.94488195455758,2
5.864164936516471,58.346586033208794,22.762249488945013,198.15661810325997,4.249504793220974,19.17695354826546,3
6.042216731778872,60.4846035990406,67.393307176917,100.15629404235538,3.3599950075779024,29.35892175478382,3
8.070367691732208,93.40904357889113,26.385134376378033,181.12136897638814,2.4520869156241614,51.87774657505428,2
5.99713387719796,59.289349394471195,32.15374004958011,164.68405949798088,3.1419298466771517,28.824390699730586,3
4.488402930047647,73.00273607359232,29.056583827786135,159.15506959414398,4.590968727223918,31.121730162672396,2
7.61547766331026,51.32188492597952,41.20569100313755,71.59407050596039,3.5877759044367252,22.460054709462025,2
6.192685004202924,83.5611120090519,60.55474750208971,132.15208988868375,0.5,13.80412342312453,3
6.547093798299165,97.96898571176139,66.84061673642736,77.09211043211937,4.336841806937816,35.239249198590926,3
8.911367459599266,60.621702619519,34.01505783666555,120.58762993416171,4.221958070193824,18.94160714023716,3
6.469159163974239,30.146819690968375,45.67388473476883,195.85693307602563,2.431402980539169,22.708182990551116,3
6.933775509678088,39.02389954445663,41.228581189061096,211.55289516777825,3.1751224398286846,42.934755356405915,3
4.731614763052512,55.63868606410324,25.27586103333913,160.69743247454426,3.169109626738998,21.622922413019847,2
6.17049582147356,59.12996070501292,76.33833361893916,121.48297437830074,0.5,37.15328131807877,3
7.414289067812902,63.96850268768744,60.44139343444384,229.40496661802092,2.3974945363588356,28.874781179254352,3
4.166939399238137,59.20395362460082,42.836737745665516,120.820468312191,2.4555343830796383,19.469089606134716,2
6.801267639673564,50.13969832511877,63.728141402484816,93.21567540954979,2.7619096967200565,28.414073134263912,3
6.651186608967209,37.27603117595743,58.18160069076707,184.8241483958392,2.211228354198533,17.835786506558907,3
6.561931183381159,58.02276522528459,41.227920116226336,172.88670212848533,3.994262653835073,34.047251092407464,3
8.055738347987365,87.09974714961314,44.8894540799199,122.87120445370796,1.7863066521530147,37.47093828339062,2
7.001657772272782,70.3985721085551,62.68189213564981,155.01126147847836,4.365115749035329,25.490071289188165,3
8.717107847534667,60.69407899272396,25.807696283054792,172.10799944258866,3.92361312509565,38.42476426769264,2
5.009615726608946,70.59133847645502,65.10536045982009,160.18394205259082,5.040627581702387,26.600737473540914,3
6.703886850827522,42.57871942198295,36.62331158972326,172.94694774822904,5.60069855120558,34.14513098034102,3
6.626700179584921,39.83469707833359,62.87015114271351,124.71425692200128,5.610677732123339,54.51196597944603,3
4.89611825936738,35.04429791268036,39.921601038057695,176.31225221197994,1.2215730534479574,49.751157457985606,2
7.934442503137019,47.49426754461124,45.064093337094576,150.8778918791641,3.5162787533926925,23.174478373305003,3
9.0,41.5598820658184,39.48537465141312,126.40947392318233,1.923320615529887,27.935050194419702,2
6.474490888274254,74.16549481304278,32.022345657831586,137.70576188833627,7.9204493845336765,14.460440212604453,3
7.25753163241065,40.493531646356224,35.94917652783532,145.1049082037791,3.921107038477185,32.98645608787415,3
6.626777713722991,33.94556567550167,60.686671047528506,77.73108314693606,5.124467984540691,28.89216756968774,3
5.429622995139236,88.85154357661264,5.287540259912973,118.16703767150358,3.653054255247733,17.25981147225118,2
3.7688595832969756,40.972495378373125,21.41551082792744,153.2452757796393,0.5,36.86848491593134,1
5.441339775356952,53.07056914500702,29.117924359628468,82.45044823055738,1.8246524525756638,22.343903903931256,2
4.412062428572403,59.026456494868235,23.82482811345968,119.00381690927097,1.9716255889705383,19.790920097341036,1
9.0,27.266137621583695,62.649694156232336,269.2322489185936,2.4147970836545607,28.994963105676742,2
6.327335459115141,74.70967539006139,58.865154667798066,93.5370817589403,3.539352450380145,20.349272964739907,3
5.981121006429244,62.74238080822455,48.88047714091923,130.80930436747855,3.7519990866215474,24.683204730378762,3
7.833730737181709,81.16768023761563,30.432938987836973,108.31413607356345,0.5,42.46250712731938,2
4.8173733457161685,36.415561255637996,60.02577800191205,144.15649980233317,2.6446206537359056,18.85315244282782,2
5.349703942993171,51.9825158495232,16.17805111006684,109.25408284325101,2.271185817921511,31.754094826708197,2
6.602108403872932,50.787115099883906,72.12973960221905,137.83784383537835,5.071557485553737,19.165008379703217,3
8.043153487135221,55.27776988700044,29.730553042336737,114.07264824250535,3.8883669061206474,15.268084930350875,2
7.252527567753182,20.907705028456782,36.06947167237843,202.75639081849124,2.725383716394295,24.18450887778403,3
6.872487713773824,52.216727573844445,33.559842242579286,154.08185188597733,3.3355212357940225,51.844267824957356,3
6.617176602854024,21.470721771525096,23.903388788519845,99.851367151839,0.5,32.81625727179873,2
7.100353783290163,57.16668142393843,68.8766968590538,192.03982619163466,3.9920280672477104,29.620526348993472,3
6.802479357693882,7.427017509629607,51.833419461767306,102.08666919849435,2.4066916191108416,19.75447983714851,2
4.955041587834597,12.96826331418827,58.23205813119681,71.79599055441744,1.7889318408573647,21.154170495597366,1
6.569118832449727,66.37097432879997,21.644960919088437,149.84787562835962,4.971347759754385,10.165227734905933,3
4.889467011623371,39.06323089610434,42.71406740505999,245.36322121699897,3.4103712340163894,42.95035983786627,2
6.621623814351236,30.242838527355183,47.81543033997106,58.61679355420563,2.001853604728957,27.68910871200571,2
5.779028087767638,75.41691242151096,44.06134785324765,83.45060392154515,2.09341028062578,26.81949189683136,3
9.0,56.5525243465683,22.59439823398,187.6262831580422,3.5488595094607405,27.038475331237922,2
6.440158424372432,67.44180391067567,56.13250031695956,117.88393001940199,3.432256944710943,45.90149465163024,3
4.393640650607617,46.675158553583394,41.823251241777314,180.59742836232718,3.0441375771366666,27.995005094361108,2
6.298729683984613,103.59257387800005,25.67553946535496,108.12555465290265,1.1949654171060684,23.074671579547047,2
7.279038118456832,37.9097227888041,12.171241906710048,157.09810887045882,1.4168039698361072,42.99111539492013,2
9.0,84.88991098719777,49.0999977023482,237.22369626927443,1.877529032750613,23.703448896499893,2
5.615821400091923,48.77267919800174,76.75683601197251,90.27051764890646,2.7057803538708964,8.084158962625125,3
4.12635803896454,16.909792101745083,24.77118589980578,201.1880405068652,2.9380334053382398,9.72993546092588,2
7.725255517146472,59.65697491496217,42.55670575619449,183.98533983160434,2.760043461397679,23.082901913716576,3
4.429101941150523,56.29525122910327,56.65745918637366,75.53778744505456,2.828632558394275,27.916387080497667,2
5.845766837738773,28.973563715215406,20.95521600848048,177.94502618708867,5.821868396881605,33.21945543912399,2
6.113569271733509,31.555614457305705,32.800648463724634,153.6403064431303,4.273875129889757,15.816977690308466,3
6.395549820049838,49.506047138300154,27.09761831107897,154.55470049568646,4.782325134822355,22.74741317846404,3
7.533746685611503,56.99495630495963,54.77015042236819,166.82587832258514,3.6963959873459697,16.903499498050188,3
5.4745485765704185,5.0,59.882838540310885,132.48170777920976,3.1086040084743716,36.137140574986276,2
6.0894061217498585,71.06242905047606,42.38554397097602,153.5049479471199,3.6149373594213188,37.82419602683313,3
6.478594470575917,40.11004052370045,27.373988965088486,162.07262125201441,3.3387302589231598,44.582621189485295,3
6.724396936278182,23.365050312036473,33.35813593108229,187.30289694427643,4.211967312917329,28.515350142724323,3
6.646740762061884,68.82133102903862,30.542522286298702,73.64194833109595,1.5372893000273493,43.65295992630402,2
7.15400866283387,49.52764041163088,25.340967075654902,214.5442948245552,4.08712064192464,18.07097481901435,3
7.765759264462606,74.3233155356451,38.46942698772303,92.23548284703935,3.250588003165953,27.159418247337367,2
7.088951173476452,58.75904525959511,48.62239726692793,188.08142320731935,0.5,14.391808554641143,2
7.180378285263828,49.96970994103908,47.35386166642779,153.972254963639,3.1285825299466397,30.73334074746276,3
4.126665249880284,46.94540110039688,39.87651453145734,85.94218286006512,1.0406732986662242,27.847436052455002,2
6.57534154874852,59.65425521112276,40.855807552380455,176.40727348520022,2.197503489920925,5.0,3
7.219261322002413,41.729374823813394,38.77673807365332,102.72966804024145,2.761214010367588,36.09607056884781,2
7.593411791855676,32.94854822507001,20.5418269125059,203.43977775788198,0.7393471967374916,33.553500246075814,2
5.461473838649309,62.198182453092876,42.40202345474309,114.45825807493779,2.9193882256406676,19.44358336815079,2
5.511441087667032,47.110243171111414,31.245616218180253,75.25069511973112,3.1027021156057626,27.81217857816358,2
5.638848987074603,50.67135296138012,19.789851712608435,226.69225525181474,4.132610597695328,10.06258258923608,3
7.304620849837015,71.78759672309215,45.56058350673376,159.06618356184543,2.319351974573693,17.297794943568363,3
8.050821582386313,47.72246784528518,30.824049453721827,193.3595562880658,3.4117125064792337,41.6907943022468,2
5.888809839062597,50.30067851083581,43.416308818882534,107.42640606233164,2.856880876329284,13.456535147983503,2
7.861943470440574,38.00700977098136,52.71456722604141,55.40947316458997,2.3725938956975345,25.095463175650533,2
6.685219713746891,58.61479867963702,25.74641918282152,233.76012120438884,0.5,11.036389984240989,2
6.313571334256346,56.99655825360176,41.381819231094575,149.67865939105258,2.8325995390057535,28.3794522012154,3
6.182923655273046,68.01550263581116,12.843656774044579,174.56759470817732,4.116768746103754,30.627451053062572,3
7.619917046903236,38.417423259862474,62.987996359139146,182.82978902991346,1.599424814122325,32.24130216460479,2
6.988366725180605,40.84366060819629,19.61400254666827,133.23044734921552,2.67332420805259,29.679840036226988,3
9.0,65.84274798290939,32.27770506403938,161.3114773807758,2.8942690103585473,39.26835540230633,2
5.2216630355040135,55.04426006725727,60.07569855645936,229.6976296252722,4.653660947672645,19.45971729545861,3
7.277152553044964,31.875637476146107,36.48215610878521,148.37793855603348,3.045161735784061,14.417255022414396,2
5.706198485282731,76.13108135469001,22.039034705495496,197.10506582097875,3.4321310629696367,19.128272788434657,3
5.196069519517034,16.03098863199498,50.696098484298034,50.437650998468925,2.987015929404691,11.53769183637614,2
6.483699294447542,65.68569506527504,50.35798693226778,206.18803151596072,2.2615412625397853,25.787796921943176,4
6.706028719110554,24.695759280036068,30.5022049095215,73.89978509970132,1.2982891236637346,23.603783527475024,2
9.0,87.71577032971054,32.12610218829401,200.47044120167504,2.5723918538930763,29.775373419965465,3
6.223781276475197,19.108005461887533,33.468865440728706,169.53156102256355,3.5900389566888102,8.83758527434954,3
4.804731905772975,73.04501303745496,36.89464058970953,145.20396619630608,3.184614551999366,24.86987625341094,2
6.909516076241578,48.36731279977512,11.6054338461729,145.0205889396035,5.219275394571231,37.144808653157995,3
3.5,42.66794860322512,37.278642083228505,137.36344533213327,4.418778054925769,30.722294454446306,2
6.362064826093601,53.707933129355226,66.75871297274723,108.96652402782183,4.8608368507822135,6.0446412426321,3
6.524037923442741,62.63800678315626,26.560450491449437,139.7011860684977,0.5,24.882910435188546,2
7.691900574417817,31.91198995338261,31.247596097953544,260.40295387545444,5.369001378575931,17.67225039547651,3
7.96043337414177,33.684245496628556,22.245735052054062,215.11533553923647,3.4002173929907182,25.128618854076095,2
5.744645571638424,62.99209730225772,49.18242889593031,106.4498410738783,3.6133881936327015,21.193468277644392,3
6.2740789780551,15.853140927007999,58.04796037213565,163.3843701163644,4.3440410184917715,42.392964090893756,3
5.350818754083994,38.31541813615829,57.70476758766438,154.7989581618216,3.03197596262044,25.857131827220794,2
4.80790616778846,110.8137390831888,21.279841166595098,142.88532784951641,1.3944291787450231,28.16758714493771,2
6.964842169070952,30.639740708214383,47.4968759574544,99.86112216812603,5.171111449694509,24.559363910307052,3
4.589621677105101,72.95605583519506,61.50625051321354,172.29489924033263,1.8476669098141694,29.744506159508582,2
5.878059649142205,38.28098462572376,47.64494661565185,192.30358149573183,1.5214239307762312,22.831146641550887,2
5.007239060151144,60.18090289594288,47.17614525015665,108.30506574666099,2.648548627491243,32.735178126692624,2
7.324524779435389,63.08711381192435,32.92536132047262,247.77707086446037,2.4209940981801976,21.08074517183097,3
9.0,72.57913470365895,43.30164735690495,226.1001624617777,3.0057102513421885,38.76453373327492,3
4.547618025795003,45.994923463744485,58.54477269559608,177.40827794756163,2.85268758054171,29.96447096647201,2
3.7204722756536466,89.77769277509707,44.92313452643146,88.41401486655934,5.020694651353862,23.474427170232342,2
6.3126696719748985,38.2132687082964,21.275878659554103,170.07043129922812,3.688983898578316,33.42091831088588,3
6.5235466939366376,54.6844082719912,33.15937488571043,164.09890007822327,1.7133045313006074,29.930300475490405,3
6.827988960135946,54.90553864435215,58.1391930833349,175.65776381092485,1.9192436123136074,33.273151511948264,3
5.830519227148483,27.560637601011692,44.87114980526643,229.5232136144868,2.4177170285128784,25.857438787465764,3
6.199041051761852,44.28255490041759,41.78593117364615,141.20129726916898,2.4236984928442618,22.58812232254672,3
7.0512656158109035,53.23026998476815,31.6897670012995,252.39132898278717,2.2278837947798142,26.352761824732198,3
8.060646338967258,41.357579137411605,57.82898770801653,170.3252172996875,1.3473869729346095,19.996233914482183,2
3.5674268445225756,98.8184793091307,64.93618896733386,135.47684121693675,3.435603206154229,34.79328644528939,3
5.946590841452807,33.227526528009385,58.947836845270494,269.9688603353206,2.31659324619178,39.69186814434053,3
6.8207131909115954,73.58848936280856,61.63887432168059,191.49459500100448,1.5722978114324357,30.790375182526375,3
5.123035843083896,67.12919626297573,34.6194063885075,127.26330565212636,3.7282127926390354,39.181576101664646,3
9.0,49.72275730991457,32.49746353939145,154.2108294473221,4.271732998159936,36.26864546109264,2
5.546885179656894,32.69581892295506,37.65482239751221,181.7616510927267,2.6315443532996583,22.31748253628156,3
6.438060969489076,34.6348935921646,40.57859862964381,142.4569486607329,5.672229546777773,33.357925003707585,3
7.334033145263437,39.6406540156698,61.465296701878835,156.69539345224752,6.323281048546761,12.17034105546859,3
5.613072816797159,14.285174361074738,57.48830109202625,109.13981981686393,3.7453352300419134,26.86068779668153,2
3.7301404282933746,29.93069148401419,48.077040808817415,65.7402734596046,2.2967839212084735,13.176456430211074,1
5.8570182096252,20.35046969272715,18.532198512296695,155.3209661372356,3.4034303315651364,23.903440957590302,2
8.044160833890562,76.91750006355434,14.67967233104687,157.00139111129437,1.163335402129091,10.603052038478326,2
5.994657309822292,62.36924784776437,43.60694117202555,176.35597957789273,1.6922045886520074,35.943040527060504,3
5.230348547811532,65.71948197730921,53.20394808401075,121.19051464469015,0.5,21.051158673362075,2
7.888508314254082,61.77663903083895,38.80649426520794,82.97228527296674,2.0573025262478026,34.06322553365985,2
6.003837655965421,53.339352466683266,68.72356757467608,101.73377651263257,1.1512196247131627,24.244793706349036,3
5.734758779524674,79.21360664258273,23.763384343293463,202.78168784199124,3.9360850978735304,6.557952525764868,3
6.724184134494965,37.78474688536525,21.874720757566017,116.66943438962144,1.8762622116145369,20.158378824500737,2
7.656125314428181,52.1333931073409,30.035785382885187,127.8959507098119,3.41493193727487,19.69288342391297,2
9.0,64.94117655648246,29.46554180213146,134.37932180844442,4.121859661085148,24.85222502292626,2
7.740854161486134,23.57581536287742,47.89428803022969,119.03619153566048,4.757013617262782,40.08035229317278,2
8.239759949582517,111.93177792285098,33.674322222347456,115.33945862335834,2.4698631880334543,41.73616756001457,2
5.741050701518217,50.571315255551724,16.782393080820075,106.44382176830948,3.465956248409691,22.687678421389137,2
4.961197841045785,52.839789011511854,53.373676850426754,220.03282872840998,3.5137522508452577,12.39721274748884,3
6.593497024428684,75.13756063349844,13.600721108918055,184.0050341671465,4.908137072283273,17.55891234313949,3
6.660754872889394,68.29910666020447,23.931726654839363,212.39103865751187,4.175337118625919,29.796091688780535,3
4.882230887953105,50.76156038792918,15.659401438841968,222.4669878230419,4.955017483180066,23.91757536762267,2
6.237058205143981,52.60258876196084,43.1068191560631,32.50601012835095,0.503022812579077,9.246775533585067,2
7.098976402578696,19.91702938104042,42.79071568226818,167.17273210140382,2.0035934848922237,19.964074099756395,2
7.04059009252712,38.87068444300048,68.7468148152453,120.69106830508406,4.547725251335891,38.115739222497815,3
7.256431780076409,60.344204323179206,53.70739984218325,205.84048221766741,3.8710527553467373,27.92255957434859,4
6.936447095206164,58.877856780857734,61.62469275013301,112.92643983787192,2.812431681416205,25.472914185605873,3
5.7394870110949165,74.42331500008174,44.329144769477395,97.29251218181452,2.2889251749599815,21.112060648639485,3
5.729149060026735,47.58997883553351,25.346022683641547,78.2977069673449,4.183026816943394,20.400423590667735,2
4.701572903009186,22.254269731382674,41.92161402990244,134.8662544510599,0.5,30.439605688784294,1
9.0,71.13460861551356,48.886315110809605,195.74726312641553,4.188286777969102,26.420607059782853,3
6.5201755469289395,78.72178692364031,50.55711073377362,162.8083608430656,3.136032399061223,32.71016190907297,3
6.162720416307722,67.9648914571246,32.91381783837487,89.86758674319282,2.2667407236116026,30.466472788400626,3
5.106811877821312,46.727326582850175,47.33179710673599,257.63295451809455,3.753661352854718,25.197201215912436,3
9.0,70.88772103753158,26.00458043738103,182.4769319745784,2.4209263765723255,28.842098008789957,2
4.890007951665657,118.57820956016427,24.350836088339243,188.87050578788433,3.043528102088805,19.074675199310356,2
5.85672811159089,52.30304628880951,23.263229329217726,214.25144136738288,2.9306312986644634,24.518313689613056,3
7.12375525442909,23.765266155097507,40.369389828351956,67.98922056871102,4.116794885975196,38.40950422410291,2
7.4003194486164166,38.27429900895696,22.332454673855445,104.42829307060586,3.2387727317748944,25.107100276790305,2
7.936898082823526,62.50952000608102,33.62883415193488,191.15056784621362,0.5,22.8280944980104,2
9.0,17.903913782038742,53.54374827120937,109.46308359892616,0.911859296245165,27.104844293735873,1
7.259236483191069,53.38806149824139,24.563054828825425,136.24932638724758,1.3737506952016094,13.344296647200835,2
4.915953800049999,57.606733006317654,32.435319497435245,146.112967358435,3.684817000167872,27.208482848047442,2
6.114582312317328,80.70243479625304,41.074469151642546,86.12973056850413,3.8352786322841315,41.9604401613812,3
6.961748558770827,76.20389712108602,43.703303522984,131.959140893318,5.505535777131307,16.913856457805327,3
9.0,67.29169583503543,32.510641137916586,195.72516086759163,1.4783543835486572,27.67055150265936,2
4.403291782363555,6.746419789709407,51.80290103102735,186.47269449089205,4.963879454831725,24.765057590888674,2
8.303864757837841,68.4210625609585,48.85678451177087,205.6507330983734,0.5,24.509126052634883,2
6.769871554319625,64.11026772120493,57.09784906542554,200.4937936895398,3.026636936236682,24.328722506662082,4
7.756745802844221,55.11888754156693,38.7759711347941,170.29369628512922,3.367805100067041,32.143088837706514,2
6.347007925046102,15.395557477090293,32.307717858154845,166.333924915485,3.3623853848541443,14.018786589793848,2
5.236351054810511,34.464521816258795,29.76051966981817,162.6665380053309,2.53560672336443,31.886737565743918,2
7.626309169101998,26.663544609318674,44.60541276894044,118.64764163730196,3.176843387790673,25.691344629167347,2
7.481646540658431,9.69983120985819,34.34266325783091,98.50276381396932,1.1471706440470517,7.372773601433909,2
7.958085448609583,49.94169697170411,31.46245333478816,115.52013269400499,4.2977422301946335,28.79838247296991,2
6.480043046932047,34.043557571144405,33.27569103632017,133.69853417212656,3.374685650180161,26.13919890060001,3
5.600266965020226,102.50611160537824,29.744642723136224,117.20870276286118,3.543350120222803,16.282462022418596,3
4.161819507464237,46.62456121124181,42.98531669144098,170.69158692419578,2.5814753076688786,26.605716087681195,2
7.7290599022091095,75.8750631173192,18.811252261839087,160.09476080321255,2.508030562876749,11.837351798985571,2
7.135834223665979,18.618019506135507,44.54524438712444,165.4661749360109,3.787096341247902,18.152962438046355,2
5.051326050704061,39.398208279902605,50.14823140604426,167.570403295789,5.384960774936113,25.369756669156143,3
5.692139490055064,51.93795752068629,31.286812927340534,209.78319688922664,0.9095533641011566,8.143825626820313,2
5.799861782072839,31.836921027846593,68.8305540940982,149.57135538064497,0.8338947378091639,13.486149218712155,2
4.275523352026372,41.555986303905115,40.2643196646528,200.4184716917306,3.3993079685833854,14.98118440737825,2
5.2734764050923,45.64098187512923,16.57985525350167,175.82926789895836,2.5016998704685243,25.791724830503078,2
4.799254464790469,45.32184029110211,35.78135640494994,206.48167683175427,3.1861586575087406,29.413390851441676,2
5.881281482168095,87.10237146070693,40.93984217403695,230.7314917193286,2.964316028100991,16.071975442633686,3
5.391953752505656,57.5645257086302,46.73451333355321,178.83247899895352,3.9330140517805408,15.510690168988923,3
4.059492618699877,59.590211258826066,36.1385421383373,155.18841248359993,2.5707548546700836,26.381121100411455,2
9.0,60.79309548690141,24.826445864434138,154.8653908721654,1.1876823151510985,26.11149899184796,2
8.378811096543846,62.25252754674225,23.575290728315757,126.49169602190807,1.8152190583620427,17.997612620961302,2
5.3314708677200215,48.342260322502696,30.196010722274934,124.81139267119718,2.759322517658256,43.287203226074936,2
6.9086320949804145,43.58507257042308,31.633369562218554,195.10585816557676,1.1175442966929032,26.84391175082412,3
7.126197634731943,53.33632119036555,22.975387526511142,101.81648537762221,2.944719139873524,23.298349226459738,2
8.286628782160214,73.13607897826945,29.007802583444516,230.7386317781113,3.0911319835717523,21.13909537137815,2
5.2720924600098815,72.52476376872767,49.89187786659032,142.413837354799,2.4632946001932776,35.08831954014576,3
8.138160175973638,45.19203048623178,64.7261891154173,293.1038946561407,3.313833200687691,30.450443956327746,3
5.678142043689597,65.35687389336223,51.331925708064446,115.34422865851914,0.5785821287065347,7.623555299470265,2
4.49620639374708,46.10830673920665,59.587916292802184,162.50944599901672,1.5702234921551421,18.041888427592674,2
7.586204838971746,50.677410988704885,54.61177702350547,132.40753648757905,1.285951670544593,20.532137915112482,2
8.436137636183641,40.52953236891605,52.49695492597517,110.3457954228364,4.3197851069211355,24.88048848892206,2
9.0,46.36709722187533,34.933056054140074,203.19001754393594,6.459246003870952,31.2713491135547,3
4.70041210236468,76.8266013909936,42.113663175804206,94.72229028010969,1.678770630041588,14.298480130431997,2
7.548379527621183,51.84842294678472,33.690709863159675,116.19627465128826,2.6471366445488447,24.20592519891655,2
5.8852981343097,52.70565017104636,36.713392564995594,179.31598544574553,1.959856136076778,41.9926658385819,2
7.675038065786047,21.055644414840835,41.022506505798795,187.24804054747023,3.3318378612119153,25.29060402297942,2
4.294265673153124,43.81512184734541,50.7034922736854,80.40572893862395,2.0873870258697673,18.05704569792264,2
4.605845336452154,45.173701925105426,46.349850722726856,179.0838442607687,3.4241698151207807,11.657882045812798,2
5.3361877652502745,33.4171302911319,37.57256105478466,156.44499567081695,3.99753992508238,20.130978745614698,2
6.618446068502127,50.43330823407127,40.833081113374995,104.1138321069235,1.1642625931638637,14.212516979737941,2
5.538378100192467,41.416354195446914,46.5019551129029,110.5559232332223,3.4072714732874525,21.053999229317604,2
7.48858151587013,51.59991710487164,50.01091657086752,48.32742860257994,0.5,30.42183638277612,2
8.040341927386871,52.43006019637869,17.21507255114196,235.8722213898789,2.61519905333932,25.36959023648688,2
7.399366311868034,30.884912843547113,23.839165541515946,200.77102074885033,2.5144793617788457,20.199847505777782,2
8.928181459491302,42.02596435033621,56.60965800909014,85.54274949108905,2.6562944242273616,7.093170741786189,2
7.123739944183015,51.54748565521667,39.086956451034126,189.94538363958978,2.531909315413177,33.31995006898726,3
4.67465493448975,73.6859886231345,33.63885109949532,121.29888280251667,2.257609319150417,21.47517953411549,2
8.54506477030751,55.13438345591481,36.047507906109416,195.74052681748498,2.6013267324076725,26.07986710638931,2
5.592265646591004,36.76129640165145,36.04442041635169,125.19632154204588,3.3572065376652747,15.882643211888182,2
7.865627749528355,57.980095184877044,48.369066722865604,131.83229524460208,3.399385811081623,20.910436427801912,2
8.86060132483266,84.15097778643522,23.379754090288493,135.58263661211677,3.172799017049449,19.200846105382897,2
7.185032016095599,68.33412945178037,40.37166619745142,117.13223291693436,2.139603864530286,11.660811897286607,3
4.255761780253025,60.950530608712405,43.69176594175606,219.96356876166521,4.620504972382174,15.920354779780345,3
5.122681750235312,64.51180350964643,45.94401874848255,194.92634965407393,5.2880326254873005,24.85292651729207,3
8.484116700327704,78.79908082857261,43.3429599431544,155.49742691666395,1.0673785274321221,27.985725186823103,2
6.2463159715357754,71.5125358803532,47.738593454710426,201.22840819929053,3.2464037339248804,18.16066343469704,3
6.619360302413249,61.33520762235315,31.409557734125308,68.64641423772704,2.2977871012132614,12.973007930054532,3
7.638236624245414,71.37284439180169,25.872959015125666,88.57706107244837,4.388397079342499,21.435619531144464,2
7.544484293120485,28.366978074718784,76.85506664875771,173.72773811789813,2.981108698187238,32.79629221633762,2
6.918199718578191,19.954694953194377,35.48102973138646,186.77682779039444,3.0797669218547044,15.60847431397672,3
6.186997443169301,53.141973012876605,37.23318294018148,163.97037731278758,3.7424517350871658,25.12882126860826,3
6.030997331401464,51.373614193010766,50.167601465768264,55.86526624608406,2.5536915622046163,18.395605852299784,3
7.786848237937015,39.12179892973485,63.94133938291362,96.88327378311261,5.516221616097,36.28510490895034,2
7.33035429660169,66.51705339655419,31.832078245979563,170.82959332520844,3.7646095924748257,19.933942093743383,3
6.114049999073315,12.742728270975277,25.017770977157117,271.32361446206335,4.397411242462244,31.620060985742274,3
8.12316846948971,39.30455487884392,21.367699738125847,210.8956332529214,2.6691666060538024,35.15068496669372,2
6.306448827305324,40.3008891024477,63.89659332254388,228.86521492353864,2.8157165076210946,40.414806414066625,3
5.22250673849841,17.27396429801081,24.428395203084488,166.98627110951495,4.217437289346007,11.466878605813681,2
5.3615439516449825,79.89462014538609,39.5866609522665,166.62454903946886,4.066773402389378,11.018896805603456,3
5.031888745535351,22.81597462673354,25.340727519355465,98.3257266371962,1.1269972015010596,36.652194629540936,1
6.091384975094469,38.23319885384628,18.27466123062544,197.59110265258084,3.1914488947242288,35.01483972106681,3
8.350586417504289,68.15959515610268,35.61436970359471,146.34091487294987,3.7107569183496394,18.83072537580425,3
5.292357228454237,62.92090686857463,25.933200004882593,184.63661877318594,2.804549062504954,5.0,3
6.782713641527154,27.83650607030507,29.625573618650307,151.53431764404675,3.5683913485249894,25.80887119209787,3
5.5149659815588805,63.64978418521273,70.09157646126106,163.95592123753698,2.8680086282314567,9.8250224246956,3
6.109536438092844,55.79568957316444,46.373441562586045,145.6135941850689,0.5,16.723005227035365,2
4.2349381820221215,96.66071124222935,53.97204279330983,161.23123489114465,1.0336628400417505,26.81192447706572,2
6.169192656265194,58.07880832136609,52.36989344273879,200.00382787726153,4.462476651289228,28.15643307732365,4
6.209441930292557,47.175163578629366,38.48708615381463,86.68852354653882,2.633429624366503,40.81314715943784,3
7.310431916053543,32.869960857611545,33.40422460933564,75.3538786842445,3.2845364928636474,21.272634414252384,2
6.834921369883056,35.11513266088858,43.73401917791675,171.29322888194494,2.994514795513205,15.236974071992574,3
4.702411812571932,33.484618090636836,42.526761548987416,222.02871489538086,1.7620525517570416,34.17291979072182,2
8.126297366065314,77.42197627823845,31.46791874252038,234.6372308400541,2.2993822922654124,28.77070562857418,3
6.815454560332993,50.35939830032941,41.94771745700291,88.77948911449641,3.493424215257251,21.368680665254416,3
6.79759027576623,61.3049424794946,29.40505439955562,129.85630822988134,3.6464942035457693,25.31760494273414,3
6.486226469922292,80.28495199961775,37.428131040387406,76.03923727775454,6.282614205720474,21.219663290350347,3
5.72336382916667,5.0,34.97074788223995,122.469418680644,2.2833867318335814,31.920361946838568,2
6.826703509623089,75.5774752940075,20.966911110913312,206.14240475246808,5.505958737488838,41.87939489503306,3
7.213382653892873,51.10793823566668,5.0,149.35541082208002,1.7093776756491952,17.74509884538447,2
3.879656462981668,58.70096743280889,25.914051250904514,131.3062960188106,3.732900290618037,29.20891331489138,2
5.691858743980856,33.431935565034976,67.06156996879452,177.2542878205605,3.2668089292977522,9.702434720314336,3
6.117579544394616,34.897512031029635,35.35477326944908,110.24739550952644,2.811201673237221,14.274401685281866,2
6.884255908541418,59.77691779625976,51.639522413446066,229.64891824409287,2.991512322205941,30.625575524695932,3
8.28996650889069,97.6919560066294,8.133322853599626,150.36424861207368,2.066077512141164,24.295991479385197,2
5.3423887781048265,70.06626625629804,24.875708980535084,129.91028785200504,4.355856833195769,13.908335430851572,3
5.753057229773237,75.31045842837081,19.682655739564744,179.3424617397806,1.7360774391166374,25.087615357742713,2
5.731198834030175,46.159974594771604,36.96549984869328,196.96430801055232,3.476288880472341,33.78913014439294,3
5.297708614843188,37.99591550828744,76.32933220802865,229.79876200746293,4.13378750036607,10.530731824321538,3
5.9792202573316064,34.383900968420136,46.90358414841877,139.50155468709178,5.076304640081578,42.46536496711419,3
7.656203329981957,40.23452550606624,65.4341879991713,204.30282613468586,4.457654203346966,30.730280511176367,3
4.9192467569534815,8.944351336589492,36.18344908471505,155.06058059499986,3.8586441695965865,30.92963417915121,2
7.141721592729355,35.50161314216796,60.47304060782608,119.43099895131526,2.0434020552750103,24.98654745126647,2
3.9471466549724967,38.79293687880313,71.09885060024337,111.15942354978827,1.8213372715403782,42.471282321778844,2
5.657993005336691,46.49283651210318,38.35946400384313,95.1508278183498,1.29213167230548,34.62322908804745,2
6.005766049673021,52.635002194945834,31.911029331589525,112.9153000555443,1.1486016458598818,21.324239980657463,2
9.0,57.24901737251221,20.23283594514771,205.7853310880042,2.9978939427834854,32.573896772692684,2
6.087796542870968,49.701492551140795,35.364096121345455,185.33548008930185,1.9088749464502173,17.668594710673112,3
3.5,38.37113827314486,41.228450128011865,87.93941720290252,4.798838451734399,22.197516780733487,2
3.5016666397081253,10.732827134689586,70.46430426023724,62.68045398925322,2.1315576126593565,39.66633736103557,1
6.551044379520022,38.49382783196413,20.575390388558706,94.38534221017946,3.141383756057524,28.87583403502241,2
7.420656283684863,30.550987246259897,40.89492840545467,111.16318958764256,2.6030343473397424,31.615236271455814,2
7.063183786440879,59.32133496557208,12.785378179155742,134.83671447114958,0.8942138439237737,36.69625087904733,2
6.751355158701485,68.18574793387387,33.59855756742148,208.6431761504357,4.634161247370478,30.482232374853233,4
8.2433893962585,68.77142134119879,44.67093036118028,122.61415705501666,4.043223126967489,16.888216503974597,3
5.690613168894303,65.13905472255641,47.68874729032837,234.0249980088637,4.215783133384573,41.61281289431505,3
7.842365834040238,47.32948529095024,48.835346194628826,65.99000538393162,3.8924199903734307,30.16147309613252,2
4.051977672460374,39.56088869048207,45.96106049330268,132.56837396188467,1.86077244750732,30.86797077029454,2
5.1425782505929005,35.05794492665868,48.706329101443615,189.27743345682006,1.8899265521448343,25.558758448856274,2
3.7894379076022755,19.850021667964988,40.68608693503995,192.36026261832168,3.6779814617896736,36.10760479220834,2
6.087732048995312,69.83707401015715,24.282005410165425,133.21430218058035,5.314379348976302,44.149563075564096,3
6.430608174100486,46.50577924140051,12.225145544799158,200.08767168920986,3.578968346764799,21.246569077690065,3
6.67115223833978,25.073194127582525,31.799682673941746,190.60982212534415,4.467700015276459,35.65415025474613,3
6.592825029330703,33.4701724857953,37.980768504051554,115.89426703437448,2.21119150155313,25.343727021223184,2
5.108670003782408,32.66053087134895,58.80897695763221,165.7464234222211,4.646776364954972,5.018926252770598,3
6.214638733380177,50.86048970030254,38.4909748726572,185.18066420384227,2.370797411797838,10.959449929606151,3
4.253829997091377,71.34935702141371,37.05146448674961,119.47326162135876,3.360238906869299,29.24291406642728,2
8.544843462698376,43.04020900808834,45.78290690262669,234.71627251345814,2.4507583569317792,35.1035482444814,2
6.044560890652998,5.0,35.94982018823197,108.23190266911786,4.333734260515341,31.090754558886147,2
5.766670821434463,46.2163932968216,52.15812998420407,157.2046441647256,4.35414298392771,32.69098565471211,3
8.883410492666124,46.876121998056085,69.69000427575817,87.5111341790246,0.7848283797852464,50.89605672093345,2
4.636630199676157,45.50159538128956,72.86178271316051,155.16800993312802,4.987946751333269,30.28383489039707,3
4.811619328952046,37.450776670485965,41.455609408667335,96.6463391964589,6.56461378913879,22.350777517389282,2
4.855669512697152,54.348781614516845,45.05338547043172,135.29354293353686,2.4670009754530646,23.733554457164285,2
6.398192927450777,51.322822302980036,63.68284180560225,70.67012193394517,2.8097976425051665,41.35001733914644,3
7.147447444456396,49.503393717467056,37.75056965655594,189.9906700162861,4.859144691360229,12.308109880153763,3
7.609513202176751,58.25282722885932,50.18788212886268,167.8140024870804,3.1001511829585735,37.37959556641637,3
9.0,41.40334353704293,22.972598054712623,204.37052768183497,2.9940385349503584,25.161677444869884,2
3.5,40.26828660598694,35.33741277587503,132.6097417680082,5.8454531008311195,16.68420591607601,2
7.413103383686625,77.602465791708,57.341719249679606,206.69236834404992,0.9685542578879596,10.498509074011595,3
5.6643041411416535,61.18710819430872,29.22706549318565,151.9639822697418,1.8165553047994067,39.805936766922855,2
5.62037727666684,66.53892121885599,38.07923231905483,155.65837297143685,3.6267344903337873,16.426378884658494,3
5.570341807619183,74.52209170668137,16.38685531596821,255.70266626759692,0.570683109186449,25.62361964269939,2
5.13684549378804,60.518883612496,70.08652441764455,125.76620175306982,2.4404862248954045,15.252498301489979,3
9.0,68.56777358272342,58.94542104725355,211.3729515577425,2.42675155488716,44.65859892778738,3
7.763445990520854,18.413096758594794,42.821493492291225,173.98424702738066,4.442660730333473,25.98173025631042,2
6.5347939678360625,54.083077439920544,47.61269308123492,121.40475538772586,4.039279551752879,11.536208813700535,3
8.526523628730502,46.34563076371345,45.93847160415053,84.21545547682635,0.5,20.7118444671221,1
4.231206552051686,83.55368181799619,60.76467629546178,98.34574747722549,1.960314987473176,38.93135224476298,2
4.503942303003611,68.552910636066,32.21799936442942,206.53373989272555,1.9649155738595985,15.231684583325174,2
3.5,37.3910961841364,50.984014298923476,236.71997634184783,2.675136184874489,21.385687304671336,2
5.450878189815069,57.455883170584116,56.1612474827826,154.5719951605113,1.3536792155859794,36.87152317431495,2
6.742547790057129,53.353626668984795,58.229889557146855,157.19408813105616,3.677471912957499,28.422908729851393,3
6.6542878668985015,59.08662866304457,6.109436742524537,188.82267165782434,1.9587193960443843,12.805421028548412,2
6.7240128665898204,29.62315061250696,31.01088282602283,153.66510146765924,3.8829329040055844,27.23352224252793,3
4.383414753400878,57.20032930476451,24.71244068047144,204.98500189851612,2.995718634252455,23.47249917645338,2
7.7047321139210325,45.43697301423531,42.243824283560286,164.58111253315926,1.5403872914844159,25.52414882820831,2
6.8594412773584965,55.64899528111201,9.759546707285914,156.77706568262212,5.082415954118245,34.46557749407955,3
7.599581422198998,35.51229669755661,9.315656635815955,115.03935762529409,5.126589951424565,27.405852618264795,2
3.6608567336149225,38.29873657206801,72.5514248781439,102.73664602633588,3.4355179728146696,24.072175451605172,2
6.967236288196685,73.47684040733405,49.265340823950105,20.0,2.6411906807339736,23.580901490630897,3
4.718352140123709,28.96904883319678,41.815138647982174,211.7058399970936,1.4155607799378307,35.76804121561936,2
5.904015121172957,30.44491197915903,45.455089717584734,142.66964723888373,4.606670054808646,17.79654167296203,3
7.301547347954575,48.96837485568844,42.1951138562377,129.98013276321095,4.233959302534698,5.0,3
6.63664040938387,34.56219249628091,54.96025984827289,52.414635180728325,1.7790060824804623,22.74705010811611,2
5.222690030331021,32.299427354744026,30.51333711904032,117.9943617113824,1.969780899478776,28.782639401126563,2
6.509409734276628,52.1015194241659,42.79922239110354,111.41567708585522,3.685380696263569,20.83638114481611,3
4.202697027134535,19.898682861925906,43.41131901906573,110.26134563846126,1.2368343789732492,19.746527980296428,1
8.225401093847445,29.840755301727242,24.297130623124936,166.64180715763138,2.061470364375913,21.357523321914258,2
6.192073970755623,91.08191165847288,59.154745885945786,156.11242765980018,1.4391515025410526,24.754443290749247,3
8.177824916382988,59.18950117938018,33.31484890147886,81.93520331901473,1.487498985548472,12.01706603123349,2
5.710202469355935,35.06873295460178,55.26132504713351,85.10794500463336,1.919903258703448,31.613830877738916,2
5.714636017390125,58.36430156532394,41.723690895572204,85.0160723834817,4.359006231758314,5.0,3
5.3537198200432305,61.34660953973259,64.50377248613587,240.52630437835884,0.5,30.40007019488231,3
7.814260897539613,69.88828840180477,24.379313672177137,224.6361314345815,3.6502264199684564,28.132999899007544,3
5.435853264007286,47.45687941086539,23.72861797734325,107.38505004502011,3.386920999215296,29.970258291018702,2
7.4668931486227645,69.52995405545778,26.41456613493537,51.17028400021346,4.452515646127395,5.715732602129286,2
5.926321403496065,9.231069502356547,41.99943325771561,156.402212150626,3.385573480695749,27.928297515847866,2
3.5360550501625703,28.873837390484937,63.122025936673076,152.34700581188358,2.4317410130008,19.57499097837635,2
5.644528898320301,53.27742803472911,63.896404272478755,165.8458493494199,1.7770354118402025,41.02190377795731,3
4.731337678455728,56.59267065615583,5.3504709934234,187.06869462386666,4.485617510864177,28.61720777300083,2
6.550854085523507,31.764354246627164,43.74560741833808,172.58519766979708,3.7454221263829393,13.232713170764859,3
4.714388396488265,55.18839982526318,5.0,94.17802342498733,2.2602965117756777,8.09493399938346,1
7.888962651071925,37.52319502625479,51.92547690677552,164.70205435820088,4.363367586249991,18.852288858552342,3
6.363386209470459,44.46081811545669,56.77254122342811,192.6911787667827,2.3311826771908293,33.1156132469017,3
6.233606007861892,70.49547601330022,39.39633587961722,113.79991384983136,2.998587201759006,36.52455658704845,3
7.483838206681374,68.178749937772,41.25972366242132,164.99782343779293,2.0932744371830543,26.813977368910976,3
7.945860401113793,30.05879345273475,41.1045833941036,122.3609641266096,3.8007628566003424,25.80031088837897,2
6.469851872345522,28.854970759597933,28.233371218881302,249.80848604706148,1.50871297471518,21.679543637227074,2
5.343199550676064,41.77653208893368,46.4755867798222,83.658643056649,2.552116967900773,24.786447118961334,2
3.839045575831806,49.4650739765415,36.52887997520114,207.79744682643005,2.018169325123328,37.15723919283266,2
5.47092536444723,36.84203022850518,53.95437563934428,66.45936192873654,3.395567942493025,21.533775783465344,2
5.5741816300280576,70.81284885599337,38.29559598221155,239.65263426083038,3.582731877361549,31.588009251223397,3
6.660586179488445,56.94779683417111,27.084653402676118,92.92254662877951,1.343758609362487,19.715816409620853,2
5.98227967829296,58.12170219748858,16.962029937017345,159.4835771994668,3.609647083237118,35.13274334527695,3
7.531899458077142,24.669223421100565,12.03902762416432,68.54034066515976,0.7849149244634464,30.78722971243779,1
5.580525093093966,73.3458143476756,59.68764015931653,82.50094414891446,6.287959757158442,34.72119455616264,3
6.414438249720587,5.0,33.133159707114714,194.8873523812311,2.2327903960798516,43.82118896723646,3
8.275981164795335,66.68110903698738,45.07861285122473,201.40811557347357,4.573890997453414,5.0,3
7.01273782093245,68.68623475341542,66.74844837616779,161.96794661838234,3.30174958884875,32.537704952597984,3
6.409943687467154,41.35197625444077,31.55793503053163,187.05408327451204,3.362693251528756,29.691269533035268,3
5.597083337097234,75.45820434494848,30.587837734282694,202.24393713269862,1.250889111230614,29.474978228311276,3
5.550152904927534,48.738048940913075,38.01757371467014,115.7911568100343,4.265161288622457,27.405908049140056,3
5.224080120572078,51.24863406654886,40.44149050629989,80.05192828415927,3.0729706978716,27.39882242803785,2
5.688489701325651,56.79057574808432,68.3132702538377,149.31483068986026,3.7052095330265855,28.363665130257925,3
7.633498758116472,113.7314982362211,63.4873089114117,121.13994070513958,2.8639285157323235,34.05994842915937,3
6.167167593061597,76.8886781616601,49.31313123860121,169.43107401004977,3.1950645943749376,33.26295886233616,3
4.4753403959281535,64.02262401425835,61.74120653495302,177.40143060439632,1.6692426086523473,24.750414146540965,2
9.0,31.7439102679761,37.32671481148216,115.91746047153596,2.7706633847539144,23.12523511842246,2
6.979947786717744,52.87179650958984,44.48746850782718,185.20542714832214,2.370166187520982,25.201535455807033,3
4.389584899230246,33.73751812307227,35.47729533191958,182.7069187975654,1.9416432033658282,20.871240069799953,2
5.837226609138765,66.44221694565626,20.644474261305408,186.16587894445098,3.20178860954237,42.80234650554455,3
6.666329574242627,52.809339514697136,58.05812112690393,129.61038114947033,3.5450804337277733,12.292361668012962,3
9.0,27.509566407722094,47.97548100984791,188.99610824142874,3.37615801459477,32.49789878393729,2
4.837831312611696,51.62249166837006,40.271102101354955,176.00011403375964,2.8466088077453016,32.43840389041488,2
7.96406107903392,33.01165060567389,39.96298226031737,182.00923223782803,3.6166635825453826,19.696084088919715,3
8.599229640458514,53.02432442675094,17.406776936402373,233.8894281544263,3.3632463179726626,27.960507154125203,2
5.557018542388144,32.81845367269487,25.33787000270927,166.3887094962706,3.146290806742468,37.62959462330393,2
6.08372957170965,50.549752667216254,45.04229755171038,119.65188880012664,3.249226529953437,21.699742672719726,3
4.945536128939345,65.0093972387019,32.063309990882416,94.47727345002679,4.774504484651904,38.119348493637574,2
6.194808288379543,48.938960161497874,36.73430438173765,206.39680799969108,1.1923896578960247,36.1823525457482,3
6.4451150384856035,42.182234656552225,38.430159028313476,167.8653838017724,2.5221057452731603,17.901398969234087,3
7.489474997123556,54.06552442114925,29.762968464743338,233.50109941601124,3.5072619129343083,13.91939173549839,3
8.13527520653067,63.94365241585706,25.481225199639244,48.522390439976505,0.6258961462760011,26.65432217868213,1
5.3778559030675295,27.85633460236479,15.814635536119397,195.53335438932208,5.0738767249891055,12.597016935123285,2
3.549012403661008,55.21312309410405,37.80222581482689,136.94313322896858,3.3822268135867217,5.0,2
6.4681328310856365,76.350816380348,49.279128214154255,132.32395025594144,4.43535264663561,20.10587708088424,3
6.940306294952961,61.4731392655343,15.345487866700747,111.75960799257044,4.679642817832325,46.74252279021623,3
6.874126531527563,51.15508293334456,39.63928262350261,194.97855069425714,3.6186793933659787,20.528436158413072,3
6.009990128736434,62.79475013397789,44.21714879037341,180.67680886416122,0.5,28.795031668945693,3
6.687128149495901,59.04992912205365,25.15629394406283,92.88089874802797,3.221541332595315,31.999898956203012,2
8.77316721252837,65.07202218319628,61.33212717322132,158.24607189625357,3.317830370292897,24.58824140219586,3
7.072601253443764,9.521367780341109,34.21426946442388,185.30571653402353,1.3696998666428932,21.66376860445852,2
5.939947362495373,18.930877326734695,38.48110467315233,158.90052629629534,0.5,37.287165695315,2
5.749703274356007,70.09658298966474,37.58095749103032,205.39201500134695,3.6925039542020306,25.39916311201956,3
6.245221463483404,19.894416476771188,13.43838366113416,135.4980728055409,1.1262144941730963,24.08614099492817,2
8.95510994274596,58.0307727143841,55.13128107526066,37.28211634477627,6.092125813450179,32.97492686883506,2
6.225048935710704,42.95900687935416,25.667218473711436,159.33587803841183,3.3947059227197336,14.70437488093863,3
6.470308483218938,30.076215088080062,36.452192268913954,159.031288470254,5.027267576257364,12.36887667861534,3
5.776529643595546,56.99299514294947,48.964915019169936,165.55932483521772,3.0467450990516722,8.750944968260434,3
8.148475036162948,54.02067007433141,61.91355139216801,205.34895489838505,4.127308241964424,30.68012460072078,3
9.0,92.20685304192756,23.80101577154741,52.37683733533467,3.0798958968445773,23.36337387129589,2
7.175919574147082,37.50377590928221,33.30274621608359,138.075834783367,4.50835939556351,33.263578363544745,3
6.624159355678138,78.80220240138348,60.736279450107304,103.86710959992244,0.5,25.509108507839734,3
6.555174249761352,57.04845828768629,46.955708189131705,89.59848059407577,4.332221765834132,11.290428184276667,3
3.5,36.77956236914575,50.067570385774125,146.38505002185536,4.003146241401325,21.44386808140761,2
7.617726296427226,65.9849291503449,24.233023963357482,185.09110151403377,2.7687725128754685,33.967958803511785,3
6.701249623993765,61.314770089079026,34.311857051101626,165.04733024295797,2.3862541730028104,22.378299830224627,3
7.142513075991087,50.716865897160986,37.48246851429354,115.62387887521197,2.5513466242353444,36.868145941528525,2
5.432806708874443,55.32590712881247,27.13157863985539,142.7264200228141,3.424150452572998,20.464304404357524,2
5.923314681534363,38.060259379089366,14.881455614891394,196.4948222314808,4.821059046983949,32.193578236546415,2
5.88346259524524,33.48425749490986,32.34252161854606,184.1564622530011,2.1987161883337323,7.174100859932231,3
8.032434476109557,65.18884347645167,60.314322993766446,122.36149933866852,0.5,22.735536441832306,2
5.93186024509536,45.52121151373452,40.88760198340744,119.12518121680111,6.726871476367595,21.129313933308296,3
9.0,48.39834003501815,60.614363703600645,64.17579197005013,4.007361846770534,11.021299844500245,2
7.146293628522556,55.59643191888554,42.685313713442795,128.5294333208818,2.4131825789370227,36.1192067712638,3
4.586476010006402,55.305766895676165,28.52938405618056,63.210553478074175,4.783270078495573,18.5993408275661,2
6.307180560122065,21.413470580518705,59.164285198475824,253.35348436930573,4.400540852722657,17.567216618951544,3
5.5224873167653765,75.72504172909717,43.18489211001848,107.2440921566645,3.7384235605048497,38.01299424780931,3
3.5,52.423643038013566,54.42758248641096,205.44904276566086,2.2844224620082576,26.61449643695715,3
8.899206410170684,45.94693474355701,23.97507743319143,240.90531039459952,4.000983778476506,32.79801539221435,2
7.554713813330006,58.61692010339493,55.58134434421755,160.81007042639942,4.634338235539065,7.972943540005247,3
7.299810976848969,54.730843872297264,56.03333913316298,144.99928718065468,0.5,17.01458178749025,2
6.748105490449556,65.34125378979404,44.34650716534803,83.88173719724588,3.336742472958168,45.863889592849056,3
4.426973646961343,60.759673443018826,27.89616871285326,124.76999391756121,3.447263554166203,33.540473359834785,2
5.774574290666845,64.35692457992533,39.309867569310825,230.1982523934513,3.399114992143309,14.266661633939805,3
7.762671162176019,77.01987811455032,49.16936720857366,167.56263148111344,3.069275424774266,27.250305406950247,3
4.923169955326246,67.67249097941944,43.518550299048,151.41741037294187,4.779109613030853,15.043496124805388,3
3.5,46.790275593428746,49.01624107161646,215.6061604587831,2.683024600384254,38.938354550494054,2
6.159340988328611,27.541976878463345,55.183688614793574,184.8145274227858,2.995821826066545,5.0,3
6.287363668958692,83.3559586600903,30.27330019942118,142.60634261101185,3.4734979771176837,27.752973505934666,3
6.7033451246220634,45.24553253305775,22.673865685597914,160.81279178367984,2.732895709042775,27.60281473090201,3
7.592777965271805,40.537851732789555,39.43691797941637,111.59674812843463,0.9209981148732682,13.873704625014405,2
7.456408718346813,15.265463644711218,35.053852616951986,121.94796768182069,3.3211950655333995,22.268481283395637,2
6.8881547078658825,56.76946210624223,51.78769619734225,139.68506853706708,3.338184566057187,28.75543372665568,3
8.293297082130064,52.9777320790754,23.882524155117878,177.87355311868447,2.452252377876826,7.218743661974386,2
4.221545328780028,19.697701275010388,55.30572811266519,87.63185136549772,2.8015276252060466,12.20443319988702,2
7.2568727217160856,59.06548084266352,60.30418164320149,153.81201652113643,0.5,23.448931173727107,2
7.439807545005413,40.03616158597122,40.00457446393435,130.50689199684678,4.812609074001202,16.669396294880137,3
4.64065657087964,103.80630014577387,40.91104188371957,104.95353907668976,4.351545263790899,20.36870135951497,2
4.245694086976416,38.61277615818263,28.486802481547706,130.77542252541727,0.9932532292762235,24.799238015082587,1
5.3810868102865985,41.29613335604414,31.860086515389003,33.929836847488886,1.9867991324586567,15.895403692149376,2
5.5076878362270625,32.50447551491264,33.874949790314744,112.12056629858104,5.172782041562385,24.734233605371166,2
7.630129195253646,75.55753042083944,61.644101017568964,95.0256558962022,1.2677239840185717,27.9799801324779,2
5.5781918244633575,42.544484110704936,38.92193821283839,136.00419786996179,3.717688033854201,32.78868185680036,3
5.215477222578194,35.501716924690065,20.167405650399875,36.01050885180335,2.261974903379333,12.541722151921714,1
5.5825493949581615,64.13910019841084,43.83031513168005,159.54463717547347,3.6152129350277487,18.715961307697594,3
8.177948501231317,22.392941291736296,52.394351869334145,195.47116482034315,3.0752070377355976,30.8854197368941,2
6.519565061565428,62.50221092497895,39.61882946017607,144.13518138850506,2.575152256084362,10.179104912292189,3
6.231123461964632,85.62799433201715,62.03820159590484,174.9395936702188,3.5827828098771812,26.06190038465314,4
6.334991751948423,61.332156656701784,51.66263000898847,124.36347217993784,2.260429221227329,25.280978403214306,3
8.438090501489784,62.757966325198495,24.263069051682194,72.26894381120633,0.5,5.0,1
5.376242410095138,67.40120433814968,31.72850781405397,150.08456606428263,1.6084165968693982,20.05654283586363,2
8.473262436410156,84.19416057351037,43.393394221369135,184.01891884926096,1.4282120626785813,28.307819306091655,2
6.815744448382255,74.19787920038209,15.007161429600892,83.78059371961713,0.5938212631186914,22.881487918979932,2
6.259370927036978,58.79339444546048,45.04535106205922,126.73863618390823,3.5541000995215577,20.257171458951696,3
9.0,68.07782801272003,13.576263591180275,137.64417995477916,2.7408499640842394,26.56173033170131,2
4.916540765302106,32.281301490697786,55.351501833467644,292.57038226424726,3.5309115987147295,34.88895317663307,3
5.969471360649491,65.52587181494644,53.60910527187563,161.1685597359946,3.7811270334050633,30.37589024495032,3
4.651353141254,29.888880576325047,47.57172041372606,54.721321056811135,4.134703255140362,17.441467858418243,2
7.928692955804254,42.65955162736746,29.86182453471533,42.35745490788952,3.610382611723172,10.410101196979383,2
9.0,5.0,42.553042369203084,186.52494151318749,1.5305871048086717,30.1946705847542,2
9.0,58.028593187349244,32.299337687280264,274.25159879982647,3.869288287876463,13.222614804126078,3
8.335923129719006,37.12255977783295,24.537770838249006,135.95127576996404,3.332707108811559,19.719657500468237,2
6.203569298306052,72.22290430408925,34.91885482342884,132.95902039707454,6.285157168687241,27.009448777311448,3
5.95213853376523,57.803852212108055,50.47398304738143,171.5387088098798,3.011877509809508,36.4652630478163,3
3.9932453412589024,72.4819178940325,40.657212892476416,110.08517958274456,3.5743496785993987,37.858135840737106,2
9.0,28.328069106549243,61.76064886201635,22.79226897856634,2.8577615867785466,25.606855056790582,2
7.203467117222702,70.76772074319265,51.48670809220412,201.86321946378433,3.0733437760448217,19.905081872263963,3
5.762064642695775,92.11712688726654,49.88036220858428,119.34089357990852,2.972079968875356,12.993583093510289,3
8.492085333480452,65.28316599863788,15.866101758315942,202.50589329106856,2.348064635699022,44.58630119641039,2
5.040853224859998,65.80698017384577,35.722622047670825,111.95066048446598,3.2660304866323746,22.101140930252747,2
7.109933051334011,53.3919535278987,24.034413843487005,156.08895637302692,3.9326406631846638,31.778286552461207,3
6.241056298563748,39.506624388692714,37.25495680564144,192.74159737443472,2.3707399809440117,26.967801834448633,3
7.458015709820451,65.22384745403018,29.60085814115265,203.5175475535936,4.253359932765339,20.043978176177582,3
6.404639691220818,19.878341791958633,34.33592570413092,161.6494333740712,4.071465494399692,19.620439845425835,3
4.323608163333164,41.64489750158367,55.91744098560776,159.16195478995,1.6796066222600303,11.168750022868124,2
6.613364559005057,14.57886395325636,47.12874893508751,180.98530900895557,1.5544654115727834,36.22425313425666,2
8.073296212813043,35.926872453698344,55.106716434724525,173.20847671970762,3.67223010016039,23.794693556956602,2
6.4561753912190225,62.84090183787122,15.989753364760215,85.44097329143435,2.11869632253128,39.295733613753384,3
7.662672682383629,60.107867524409265,40.86962044923495,86.3958822848079,1.4314340290957601,20.512324999756927,2
4.93170577148892,51.01827391070945,54.50057472094901,44.54704484895602,5.575346169230104,22.019794963404983,2
6.460608810095222,53.408019881240214,62.594438723307334,188.32540004198233,1.5505086535519723,13.667359709643126,3
5.563234317367134,12.282707642715813,16.778674154612602,130.21351131445,0.7146068277611413,21.885594506635144,1
7.620471260157064,42.5487543885817,34.72774545758245,191.00986226881508,1.824459917368328,12.598809826003446,2
6.547237343392994,36.3729678712958,55.513400110071444,170.18552867272456,3.3474722905838457,29.026614558461965,3
7.535110514504919,36.818806189709186,37.11582530782832,99.87866592145153,3.11032811600132,26.07809211791231,2
8.131565639236799,61.99157255627507,26.343734887454143,143.98887832326105,5.830820145247247,39.748759626316144,2
7.537427862682082,32.78985346989379,16.750012322559886,127.25889741679539,1.8474105783408534,10.42244184918754,2
6.909677651440466,37.906382997451786,25.769476980052495,119.53882598682189,3.3542346104818845,37.16001896726973,2
5.002681612232892,8.258615085809673,14.666474971544066,195.76436627466407,4.692733332583725,15.215561468411693,2
6.495820833999648,44.11753639247661,40.87690685251039,275.53717352738363,2.0114762272599775,28.442316047372998,3
5.7003643969762505,28.243249045727605,53.444652786679896,205.8101820871774,4.055586312103458,13.545614527702,3
5.98390406494366,51.58405857379287,21.08537861637094,148.6521816321298,0.5,27.0277364695437,2
5.938198773874624,30.977839065150707,43.86594611816579,212.9753879978062,5.638131809116108,5.0,3
5.030111637826633,52.09084491098432,52.679065441688,235.64513251554018,4.492136642260823,18.294184513393347,3
3.563992116299015,47.106284785153136,39.95937509727476,80.38146088448515,1.9789875041865426,26.060990884578068,2
5.49778542750835,83.44083546084642,15.83958557624132,211.24273806812653,4.244726666750574,42.55446618461821,3
6.790069177886239,59.94435960906387,45.793173319937544,188.48410093716026,4.969774349189899,5.0,3
4.477734431858765,13.207242548753939,39.18029582853295,209.405952832825,1.0669971242749074,24.977221591312336,2
6.523523354707437,24.70222311794583,37.65243027098717,190.66437280084503,2.100183151537829,19.81255473168482,3
9.0,51.104160179846666,31.797441313593026,138.61354962329295,5.019125120764398,5.839473598637689,2
8.034584832878359,31.403041032146987,41.30181139411062,251.64353220913836,3.1012093341599445,13.751716090241885,2
8.965312263680794,5.0,47.6472686267044,166.97993042910744,3.654249248549225,20.288893737961374,2
7.08669181539909,76.99092627667487,75.85972201503773,128.28364896528734,3.1052958429094355,29.670767869432748,3
8.251264734479669,64.40448033810816,41.68498102580807,175.2989007520187,4.337233265498716,25.878983616908723,3
5.414052904298319,60.41953746983543,62.667117400190094,198.61979508639303,3.7693974608220495,11.875160528671227,3
5.533489599467024,37.8535390905817,45.36632625140315,154.7380537930998,3.159325895883004,6.659648546236966,2
3.5,58.55353542019859,38.5070750852837,169.65681917611127,0.5,29.176488142331813,2
8.279218211063448,35.912793515582365,42.22821291566939,154.41835410518257,3.9600159457724127,23.04732649688252,2
8.810485969729829,54.09714600435382,21.673954454612357,116.99621334496783,4.093861464988817,41.11424552423751,2
5.670234131979095,31.588335483270452,44.58790406128057,108.90877706861146,1.1406916908644589,21.474439738397013,2
6.119072440404147,80.32576901112029,10.119024027679412,79.85918567142065,1.2426016376465956,36.43230896696307,2
5.3692068294635575,18.59526691836311,27.060004631672022,225.90100170233725,3.776397893504395,30.438380869217145,2
7.073980327216237,74.64567659021662,41.64764639700716,138.82913759351695,3.2914876022014043,33.21607085528585,3
8.187398817954861,50.7783165603466,57.909734097682666,20.0,0.5,29.324124752062698,1
3.8858420391784385,40.210660093160186,61.45936595497591,169.82665396397545,1.7669674437816332,29.54331920724391,2
7.114157795963378,53.34005843391476,36.45180130538598,168.79135522536512,3.470764648353052,5.0,3
6.084992342421282,64.66696014356361,42.335759792956615,56.67161585848022,4.0150153037533025,22.630873985559145,3
6.670091587950034,77.33493473388793,54.765437043730415,108.38018958333689,2.123521170261297,18.363817205700233,3
7.188491002511436,56.262860462670645,20.057596417106218,106.18554827195354,2.778815267252456,37.70653836542879,2
6.217696341840768,32.18607829475445,46.07121257973255,112.88661546038618,1.6809718414580668,14.983253778213317,2
6.3446197198913294,51.11260247531577,27.581606989512863,210.63879308517852,4.985885511242296,22.19719584722967,3
6.1791872486680415,86.33586473324746,37.42262432984922,142.55612259665816,3.261882416289014,33.008657226367426,3
7.955474302682422,76.95356171025247,33.11465124258527,128.63825575919245,1.9984675757778803,28.00965392307362,2
7.128139940191245,68.17526956248717,46.53037190572221,206.1194971110297,1.265547851737773,26.67307489256608,3
6.830875306606041,65.91374040244773,48.25455511013635,174.76738725918528,1.0996689468015473,36.09196721172587,3
4.5935724183615765,63.98900181213084,53.36618016096096,62.95108710117255,5.717332078878496,27.600831469744687,2
5.932130385180269,73.17509669019739,45.22298242696672,119.16881804160485,2.739732233707326,19.55065713095923,3
7.848003740508761,40.867424285561896,42.57480654953345,166.0981043566973,2.4007183647326267,12.03730643682476,2
6.556544859685884,22.89827868449988,67.81035700657903,103.30549329939834,2.680134278202448,29.867017445429827,3
7.489297204383708,51.38007001474123,17.134613947042343,251.47773942105658,2.0546853207947664,17.29895738242383,3
9.0,33.64836826444618,65.43414790193859,155.6439381826292,2.839484260382135,22.588612859294773,2
8.057909103813225,28.89958489245631,35.65267136697405,112.33118302112376,3.0523926054074533,35.78357191949884,2
6.639737506549613,35.59442846824136,48.563373795524576,93.85281783319752,3.022505298213282,22.787263601847204,2
5.73351624470641,99.70627849067372,35.11510479109599,196.37637940178513,1.1061033019853181,20.557660384351742,3
3.5,52.72249268151688,29.46187555672561,117.60690315030216,4.33864647007229,22.20385216592208,2
6.247422616290721,57.23815672721976,47.26865789191343,168.99620891458534,2.17056085028915,22.473745307562005,3
6.010981256274726,25.55274385991492,55.63192462921665,92.42403215627834,2.0120049791837795,15.088013554825736,3
7.085549291593064,13.124940824147401,47.095119324511074,153.50988957622516,1.9442609752011863,41.773581318433465,2
6.269142159537969,33.618947137623884,31.868263199756765,118.20570510582694,1.4212924603033539,19.50681027869095,2
6.0194224108448084,78.76391170417497,94.17025094223504,134.2302793262473,3.4016964979309687,32.84387459377227,3
3.830901604239169,56.68550932153042,57.97860506299378,110.18595998072715,4.34247295851,14.815408457703406,2
5.0900482562749,61.971901828887844,54.00013456310879,201.28131389041351,1.9155161720492802,30.49526488680531,3
7.214976561200836,64.77132078404122,34.70553653886694,125.4498012437837,0.5,26.69355704192262,2
9.0,38.173012404034445,30.62251317566441,142.8271402540149,1.4593281035873644,25.250320726083554,2
6.353711924381565,77.75931167946734,35.80241386235591,145.24288596006278,2.3275710760589217,26.749366688747333,3
6.991716610361185,37.343848015556354,56.22109816588725,230.6135060816814,1.152847032853121,29.1595937546438,3
7.9287172354292075,78.12464718525106,25.140934943862582,194.51542936956997,2.1019024664968935,22.730976627396323,3
5.283659095699625,58.84604312270682,23.976942528185244,189.53403791389798,2.172709763578899,23.229742775660693,2
7.050221064928163,14.219096915073557,48.093213000415275,71.10566884868493,2.976764966824609,30.774364840128058,2
5.389264840501762,35.039810267989296,44.78794666963181,117.18038061987303,0.8175683006215628,13.580456469341492,1
7.7972366577365175,14.30122934255791,28.445296931636562,209.43093579144576,3.8701700594884585,12.037010300633586,2
6.727104571927599,73.26564265588416,23.63194632377163,91.45345922891751,5.491408228049684,26.78946054356491,3
6.94767772097216,49.50529158395198,61.568454900526476,154.20067740608647,5.143675808220152,5.0,3
5.326102103872117,5.433151201004392,45.35506637949343,96.73692478696056,2.1239337790526136,8.171603953524667,2
7.560548539416177,57.51493763439316,19.54696204407951,101.75463722952966,4.002982741737539,43.052466626272974,2
9.0,39.2567147522336,20.595616958765593,234.03928264321019,3.8253807088530167,40.493958980854785,2
4.988132456857691,20.323882899333533,34.57732041324296,185.9635320788194,2.9347122556061533,19.292375403898156,2
5.990361488528714,83.55931673937394,50.9926271049645,199.15701138972935,3.2655084617626855,34.991791678137375,3
6.847411211252138,52.14571732193157,48.9251320316242,189.18707400818894,4.024565695288565,35.33799894041749,3
7.679609317993725,44.13137195373375,56.97517805501826,143.0355818885249,4.325063706560162,29.710911755946178,3
5.660680572065797,42.01150438027966,17.64475288808804,115.42016460480514,1.7824916048974095,24.210746894406707,2
3.5,19.734410616844556,43.35770034669485,129.89548702912535,4.121537084974024,31.264481711025496,2
8.538784241246038,23.909022008317812,61.38865498482041,140.40867728066266,5.499693785228168,32.97988368100363,2
7.640759179376214,75.69833569750166,59.99202595714148,238.81430346639587,4.323272463026309,31.421092072677066,3
3.8855787042700025,40.52234260428562,45.38364972119029,83.18217844852352,5.304694372934791,9.506656097006585,2
5.588646812330666,50.44135401873727,75.22027762980814,122.31692756906028,0.5,45.330676508608406,2
8.852273644290989,9.113390475978505,49.1392767462379,104.35183168473088,3.893563593942141,49.033276689783015,2
8.671694627686799,23.638159284089888,55.641199492620146,202.831159876024,3.3963769048623087,5.908053817019617,2
7.9079600340184175,62.19625039749506,40.6667187816326,242.68941296695485,4.540627045835349,30.109667766200808,3
6.235831349060206,57.55423520227667,28.285370607335693,165.4393179913198,1.311560763632397,45.45722269285987,2
6.624481128218765,85.06750397448631,26.87186198831881,169.55079174217923,2.240788362342424,35.02281802322575,3
6.30361129231081,76.85912663262452,42.7242282219163,154.5660461520968,4.350805099470972,35.12932794138331,3
8.192359674903257,45.38578055030354,36.8274698972469,171.87394946405624,1.4104971638132522,10.614818474553102,2
5.186236390257335,59.45907129426542,13.471214951297782,188.65775811788137,3.3634713861770718,32.91094751967693,2
5.291300517673693,43.667931141938524,24.613096226113882,171.28202564434108,2.9745921256416765,27.391966979999523,2
8.015411880254023,91.09619637277297,35.223946389188605,174.94171641391472,2.7061039997009795,32.79851745046262,2
6.433457816732657,72.980293921048,50.90919063905739,188.77071817469374,3.8590479631453345,14.644732487444438,4
8.567701033180711,53.393701817155026,39.75889170756888,61.08609493724664,1.3267488189309504,14.285092015571015,1
5.492731689529181,54.007895697527026,38.91903684249229,150.10044650728628,1.8298248275548112,23.574413125625277,2
6.417832459491763,78.89700574519615,25.19631059495026,165.2604521042259,2.79112680682956,21.208133950636153,3
5.116380522734071,61.591556942276945,40.34749120093148,170.80740902596457,1.1982264522436288,23.425627910498736,2
6.5110440221353505,81.17256034140172,59.78651541168982,141.4556869108023,4.846382703499563,20.204686039604404,4
4.282179594501802,6.1270414748225335,42.333626691378356,158.0375749898576,1.8018492938549362,22.989830099888508,1
5.768549868567556,59.224565229975966,17.390296277772073,114.00467976596163,4.1794944000613405,18.33902086033526,2
4.345619202607823,39.6913027063723,21.227158085432034,61.2577632151135,1.686745039579027,24.517241885718686,1
7.540884849786887,85.12755975255985,48.831833158347294,199.15685506528283,4.056295809214127,10.764367389637709,3
7.574884009639478,80.92797374379658,36.6352678716607,93.28141983402483,0.5867269883296569,30.14105300828694,2
3.9046059042734824,50.65671618202613,38.88129654844729,141.9773068443119,5.112923101566762,27.60543566457885,2
8.500828618250859,80.71261957622063,30.808987374778646,112.54351835489972,4.7026995076599505,12.381715942569723,2
9.0,85.66229039985012,47.551183182998685,229.35046399380397,2.171124737816171,38.26358729083182,3
6.569009580104511,51.488133438522944,35.48623430131976,146.01776427456426,1.7615390518842993,16.73150269159879,3
5.538328609663033,99.43867544863716,37.20080167407093,134.4771768558967,3.6867037687501814,36.88951175084618,3
9.0,49.373176946605554,27.231649125053103,187.39329343629913,0.7108406672943763,28.29424393836001,2
4.521547252546234,45.70958099328182,53.825369472141546,257.82370838040936,3.0521281301913765,35.00562878323215,3
6.530159700303647,67.31745177168686,36.68300812575368,170.28447635290442,1.7886173476232403,26.76189318642205,3
6.769433408947885,42.92418537715372,49.1182049967964,131.12902691840821,2.618534827083039,30.66837828787692,3
8.517721430678622,51.70679551589787,22.096126539489735,184.8296990677345,2.034226843389497,34.896039874934644,2
7.0396084626901825,78.1886884810182,66.00824707567912,71.36604657092172,1.8024470506593273,44.07189761515654,2
5.752049156317323,50.384377044345406,59.160610577698336,152.32146300321986,5.5571912364368785,35.746253416818476,3
5.0732234444180655,16.09964414049385,11.353034955116101,249.6978827478206,4.170815225005458,29.48228713977511,2
5.987267269630797,57.34638775698393,27.970937874044274,157.8873698342886,0.7802055267417813,11.51487230256434,2
4.989608958582284,36.07412841895211,47.164515865148275,155.38888280788242,1.6862798928488871,5.0,2
6.5717379796770246,67.30542314589093,20.20407015776494,151.0318270178753,4.286173544002368,23.695894175946695,3
5.65370573020927,63.92379431652491,38.026088767550114,130.22618597869004,4.4530302657067615,17.855184950573076,3
4.258943310065375,79.42800696333045,46.399476789651956,165.72453361824353,0.9223759565207308,18.222761265881367,2
8.382718682562356,68.15064601585394,37.229111320307744,188.76365058301516,4.047907273036955,24.175681038674167,3
5.7534912148564405,71.8048856731613,48.082580553056445,133.40899737546127,3.3975436741995333,31.62793912340326,3
4.597794792537031,36.61806479724574,29.600051430971774,25.462413084958953,0.5,18.791042032996312,1
6.247611298268688,66.07972991781006,6.337276867478167,173.2808752639377,2.3952034224100363,33.95192167546512,3
6.602557348951488,89.3690257872058,54.731729682475915,256.6563038260052,2.795755025474246,25.33493387140324,4
3.8802999116314494,36.22700182726466,54.637219804037954,131.18692959719345,3.0727377080510223,25.376123545675686,2
6.997471500688644,85.99476583454197,77.55454963432499,76.44183086216982,1.0191258190199657,43.749964459357514,3
4.929263646964603,39.012998175973394,6.8922022309852835,183.87064923662396,1.8554767437229398,26.781096247041113,1
9.0,32.960575099000515,51.26248164020223,237.19161320920017,2.065584392027379,24.458578328728873,2
7.285940768115102,55.92400886709676,10.469767928749196,176.46867848576176,2.1964864250103737,30.239020065454017,2
5.900150014836025,64.3182083225762,66.34739922512979,236.2350027083255,2.221503829120776,42.97144801838192,3
5.382248344523974,68.2350024794453,47.31800250544014,189.68342728128565,2.8010506336282748,24.532562658361357,3
6.342548438654564,30.764751584535965,25.721067284856204,185.34254928388464,3.4644549226656265,29.397580295179523,3
7.419186112374934,58.69080194508581,51.70333711902153,124.09996586289438,5.661338586771869,23.917137616707446,3
6.461758807122201,36.288908570329895,31.704324884245963,164.27034453766083,4.3063331303198495,23.969594183094443,3
6.174261789294715,20.221554878588467,44.50624149326904,148.52645216411116,4.97529508426463,20.09907531172528,3
6.587555436226843,31.425273689344305,43.08941074313626,146.8132139716674,2.278866472464476,19.399161117783105,3
5.594211603144568,34.981992680883636,66.16252204220942,137.30674360244663,1.4941152746356052,41.960577535787024,2
5.985191109735443,60.43190320705014,67.22388865129768,161.2806733729277,4.202137913320998,19.46166976701494,3
3.5,73.04427326137338,31.04101940089741,85.18275079316369,2.9756835901728595,9.593590308894555,2
7.960589346278551,20.535867402494667,55.87158426994054,190.58591996407873,4.095476700194305,26.25406782941272,3
6.948196670482643,57.03922148416111,45.322602333554464,106.11273536099019,1.6765496631224375,35.17817286474413,2
5.339816233949855,26.46603628458187,18.809768994896324,137.4864387497646,3.9728656481514633,37.42516123807333,2
9.0,62.58170818028,29.5565742944173,166.52799465175823,2.7371257703851626,13.05534750656085,2
6.63052472058858,37.54538837992504,75.04219149399435,103.6363290802244,2.3086485232975957,36.127563010774196,3
4.945784642037205,28.973419639534423,45.367816016569826,51.67684688473736,2.4498663515249826,45.589388452982746,1
7.785106132205687,65.9932903069515,54.99669369276284,130.84766611512464,3.735650125871816,18.158455637026407,3
7.097072324763894,38.261547891098104,36.819335314495135,78.445125370815,4.1612119745165845,23.259343393532603,2
7.091869978226329,43.680720972946034,31.900871279209873,185.61554663352354,2.4503787634187137,12.684445346727317,3
5.861366593022614,5.600218248872473,40.40896761451712,92.32482137289371,3.516464742634994,43.53699543430686,2
7.175743585667052,68.93102722846947,36.00843917130674,224.2577781854581,3.511224591499767,10.076135431830767,3
6.1073625646683585,66.41817042338215,17.601206034526026,149.71035553823873,4.10750529004744,21.002117791491607,3
7.333912177468763,50.10915688562628,24.950118138189524,152.95870972971147,4.480372789924731,32.84688592032251,3
3.642583318984042,19.44838117288482,50.61826771618347,50.9684335727668,5.716832080909069,18.159870094388673,2
5.849189805531216,74.18738356669526,34.28963966346384,157.24313144252616,2.302244420215482,15.108839082384415,3
9.0,36.674732272784176,40.38557323041861,145.99100415633734,5.190014849490277,24.4775914085969,2
5.34939881689955,40.93293099798824,43.52384575745816,85.04554825372652,3.17561156259201,48.90156142731487,2
5.59424255376022,96.24088112719062,44.6957507322808,154.36341693984042,1.3577981918824515,22.439994127024892,3
5.8280579923250375,35.92727111781541,57.19868591973056,130.1038494596288,2.0242732709290916,22.929279689810134,3
4.677790796167035,64.84419924853,23.51956277397202,139.16060910523203,3.6989401803243203,13.844406281442163,2
3.5,61.24184524165235,48.55379085315437,151.2940881097023,4.085641067888211,28.850954972486605,3
6.154120402214581,57.80344385760171,51.325416902794714,126.42728934208992,1.4755982149082556,33.8372340282154,3
6.703789136122485,55.64001085109022,54.787776685022585,162.3228313474434,1.8541736150726558,18.936958867441657,3
6.421242397192022,57.52777123778399,18.806236008776914,145.67222588245184,2.2003250147116304,30.35731609326764,3
6.2826821570781695,55.438811818810805,43.822288275204976,173.63842341932877,1.7049479671529046,19.014719584564034,3
6.564561306275581,48.961632824478784,65.74113919597775,123.56627030140042,0.5,6.062785716676888,3
8.034262207326146,80.22566248221484,38.51319221265065,96.75401235330203,0.5,29.573646321850827,2
6.214330721106175,23.746788784014434,47.25242052946437,114.55657357809307,2.4272893267524425,45.74383013419702,2
5.638876134369095,70.42916208030753,51.705933918777774,222.13283844258893,3.3781189344395495,13.041036429508729,3
6.07831177266787,66.44684597375104,24.617952334026093,197.79832631033733,3.983378410137976,26.793798353717847,3
7.369020139635164,63.96798242658802,67.50737093499961,210.66895662995546,0.9564988890383335,38.097551496028544,3
8.618040317814874,72.33958855280257,47.492511954533555,214.13569790851096,0.9819913239109526,23.980141745989947,2
5.557784391246233,48.14801209463214,47.792542212901395,126.68409714133989,2.2081070953434656,10.731659055034948,3
6.648400680543325,12.620518483462469,15.069589329841975,164.79059677042312,3.005013679332858,25.449581964801467,2
7.007536162903939,48.55414680571028,51.9181719731997,153.79195014239812,4.513172400595198,39.903599815289844,3
5.011132989906765,30.17611564750891,47.59615512068706,182.9769262795711,4.07658310378533,19.93465507161639,3
6.530625750819377,35.362815802838725,64.36286991583097,135.54158773845163,2.4482577432794055,27.32242855048127,3
4.301489213986857,25.151606523351763,35.3310217854347,154.6487078545502,3.540232956926647,14.46472329786536,2
3.846424544390902,40.45310283112331,25.185125056023374,153.6135738809843,1.734691141304744,24.005270262121154,2
7.050119611838386,38.06752612033102,29.766415078385002,176.61311999578487,3.1115186334747347,28.866915394439335,2
5.924187888003826,5.0,32.42532647489052,182.78586105357994,2.906365060449685,26.25852803687121,2
6.803420611431829,64.00443822564579,23.217302228029393,154.68355161701,5.106453434741982,20.68502619753464,3
6.473157534487475,94.40643716009764,59.352400356489895,156.1995392032904,3.7403326257381866,29.429927061161905,4
5.035399927004304,62.12474386992577,59.915467943975,161.2949010374352,1.843822430995946,31.694975570550014,3
6.432118547053495,45.94152086931545,37.06312448289917,232.32757103115213,1.8591677612809774,32.35598995316823,3
4.6503480424777175,48.90507208647569,34.10860116873709,63.50011043415341,2.5003627006578,22.070713649209814,2
8.586458537002102,41.58028263973648,12.76777130021032,101.51601693910959,0.6533009933353844,18.789909466111233,1
4.466044482710054,51.80083167733917,50.43941882955407,183.6839798222971,2.6549694327798155,44.63119011648452,3
6.206322093547128,49.25983811853533,64.80160163238764,163.48921994195456,2.784511185527456,26.3762416119919,3
4.9365926179291275,33.17903139203411,30.44207924110665,163.13747750754385,3.6997903184495575,22.42512687397802,2
7.355631760041193,83.65776777895663,38.24823211335403,183.3747749356678,3.9181880282232764,10.22917964349568,3
6.0028529430777455,20.25691528580458,46.514371919735964,160.69964465618816,3.1483746140820585,15.675194230806635,3
5.721999920568185,64.36663086388492,65.86627540914859,122.03587607753882,0.5550109700406582,18.576817901302913,3
7.779802317577332,47.976047453649365,42.99664332752642,181.44045700541295,1.1684302032783958,29.394135171192804,2
6.544145887516328,88.01663630131489,42.93144874039778,151.0443581499539,2.092342614600871,21.4377274190779,3
7.274966668903951,56.81729198496443,42.68977751739705,127.62114105552233,3.978437172952334,25.1519729634866,3
5.028011095223803,42.80188925633504,18.624512396444903,184.51803122889555,3.927785956611987,10.667501037728142,3
4.392774584108739,45.04585603131005,18.29814019255203,182.5516929141,2.6258425903578484,39.04428839115885,2
6.6608119430602,50.79813389039522,27.88007246327691,160.7383245800396,6.53959561465031,17.625099983858373,3
6.021730466757903,27.144186100071984,55.19335861056059,235.85595769972787,5.3423513775985345,27.351225312070795,3
7.439652008680916,34.66260949764177,34.969643941810105,216.34133673851423,4.859879096777857,19.694399623643292,3
6.380137321006176,14.301120616162848,32.05593926796561,200.0928597026901,4.050987231888948,21.818678867465866,3
6.807613008851945,31.54046203251812,31.792380937843483,278.31827864043737,3.687812630762571,17.05954318389901,3
4.064926205088135,51.878129633209,37.93514682290984,142.6768299001142,3.57836405416661,27.963032475577325,2
9.0,56.00350098569042,65.53161901152461,126.75998353419531,0.5,15.19657783847611,2
6.253637022451953,10.41340610007196,37.73203921454318,193.01815496516795,1.423073464807938,28.14254714022968,2
7.546380455508799,47.25576593911599,28.205538919377126,137.36828510028596,2.6667948198771025,23.81174504860953,2
5.24586249467056,61.268199016442644,40.378684436224496,150.59638578239114,3.1918087431163613,31.300198195293063,3
6.9620148533260116,46.741756132475295,66.32625408642305,100.70400171248477,2.8133152157361105,32.28681458747275,3
4.545732854712882,37.32422708444399,32.45762921596576,180.33297288565637,3.4084151718164972,21.824196891448093,2
7.1781017573895065,41.75677709903572,22.28492487353582,76.44963772311951,0.5,28.660314022420533,1
5.966038873421251,39.18473290045556,32.48513095404374,145.17808894203154,3.7584964542290002,20.517178114644484,3
6.543785755903351,37.265388817838854,41.9314560452265,149.23221312421217,3.0932063337179936,38.16077757112741,3
7.546961045195147,53.476470504896966,50.3236142623801,128.19805787900842,2.718825061862542,21.410198062034805,3
4.65118953316958,96.15376455470903,55.10325368023369,62.139262066925,4.390968051790391,22.982229275227635,2
5.4732624040808044,35.12600166189633,24.314240890565074,61.768445311277475,1.4316999249456654,20.311906020237636,1
7.185986421630148,43.637147346771464,25.737319983113956,112.69137966641,2.644657721058012,17.66923710491973,2
9.0,48.96604121249537,35.15106610918765,176.9525164381032,3.426627617097731,45.33697892727265,2
6.292876498007777,36.25291131283413,50.26739537045344,164.4462430720972,1.7204830370855382,29.864116022817193,3
7.386704176885899,71.96471607046853,21.099881535216166,149.17823205844292,0.5,25.680871680033405,2
6.33954279521228,5.0,30.89009634373454,105.77057569912611,1.270439834481903,20.23779065492332,2
9.0,39.37881659242649,31.10884405882078,167.05661106305539,2.9029191191341632,36.13111760269593,2
3.879167499552117,66.36627472639924,54.12623283046556,60.048536098054086,2.62647038450569,19.54359359987737,2
6.641931567004037,44.11811383222732,47.923911409966564,30.172525881401114,2.972600926249936,26.20779190780027,2
4.061683949656908,33.58322082299417,53.5557754157488,137.84642243924975,2.0110847338148092,47.029515517078195,2
3.5,58.815135088775286,60.08016961349581,122.69743099514855,1.0316042511703083,15.427470656524019,2
6.946193079676725,68.12686470794304,35.41524857366379,200.6585648823729,3.2055123873118916,30.395744544491702,3
6.709246694221188,54.21270890430117,22.188907677194774,157.89918888864173,2.7502155082704163,27.885451789049625,3
6.072744593386698,33.97559280374233,22.2855457322947,232.53676549999255,3.956752324142495,30.281592620972155,3
6.34070886494037,59.124066383034865,12.428386524117403,122.58924656522701,1.8784728256083176,22.150964025152206,2
9.0,41.959013994504204,33.11849755500711,174.33861457610806,0.5,19.077442495136342,2
6.112737292952849,64.90373763787656,34.23666077752392,137.38614352921851,0.5,27.264929586275027,3
7.265186541875112,79.66517769713181,51.81330110207571,219.0859862065569,2.3977961782783797,20.439707097652402,3
5.525952770579178,5.0,40.25371325764906,139.79747764379601,3.1918637431766945,5.0,2
6.942848862560905,52.22134946391265,32.64507333486091,192.72033900728826,2.651531217057255,16.75534012209223,3
6.142649487416573,15.285321261047457,38.26001910759121,96.119051773792,2.152274321518127,21.83333000872151,2
5.884222275905405,98.83577170659541,24.415397744278536,129.23936784339776,0.6129263802628584,14.221508461948662,2
9.0,40.63750932407619,55.3810985612693,145.79782940362668,0.5,26.509868164920192,2
8.265777444776509,64.92746483650745,28.21126655785737,213.17087699814005,3.550912171491899,17.42403823138398,3
6.705119971098846,49.293662808102084,22.901030920961567,40.14065294959805,2.658598155315772,24.56561102582117,2
3.5,33.93830838561881,52.26822950061205,133.36777767771105,2.4547225278599107,46.678726864434395,2
5.958486165121146,31.558939056451464,48.61246312545777,131.67599367863497,0.6873735676243218,37.27002573628148,2
9.0,81.71358346201518,14.144719321614826,46.151323880280984,1.550615100134983,30.914919405031096,1
6.1540075000404375,69.11876120356621,52.825024520653336,126.79821196265925,3.0676565242646108,43.09228901306866,3
8.154826358080488,88.87168174755126,28.876110413589153,72.9666434404353,3.4269239301975833,24.274140784071882,2
8.662913602928901,51.109066703153985,34.3884320865412,33.46682609813038,2.7536398018872568,24.375921818789788,2
6.828445873783963,55.758392424920004,42.805301615409064,136.88435857523385,5.0688741392435865,14.4440373363794,3
5.237267552197771,44.65616868689423,48.799373239252326,135.1927439598071,2.1367591562155495,37.78155170335736,2
3.5,44.25835593769982,46.682187620312895,137.7523208520334,4.930307882264705,44.56992599070562,2
7.526244812913432,29.162261350452635,39.25272503640996,162.64291229491758,3.3253001419379995,34.0740965194817,2
5.277865995764678,51.68020381848702,33.63035006626134,106.03015883931505,3.1622001634311987,39.23386092648631,2
6.764225677831538,34.21506810227606,46.18331040348171,239.54280067229604,4.398784074719098,5.0,3
4.625269490615954,58.83817844328405,38.22418243983658,148.33529959342482,2.0638089787737286,48.39696348580927,2
6.102143689294697,53.40020437960419,67.08031688688887,214.32152315307422,2.506194811237556,23.95656803723973,3
6.55057858235158,55.75364087351444,48.796135149548526,66.00503792556441,1.1646876509372128,48.559681409386265,2
6.902890371566447,83.50259879380451,26.148765625144677,108.27351749540628,4.402818782258105,42.31650434042881,3
4.827766718971379,49.245641004688174,32.83600072939523,184.31574025221153,3.503258161852694,32.72425411087228,3
8.295366423142028,65.13454005706856,40.72288265889744,138.67178621610333,4.646690027856927,21.56964694985704,3
5.604657822902043,91.03018928171163,59.491468226056824,96.34103063135169,3.3072951047200645,26.582391268790534,3
3.988295809320132,76.13234138590096,61.16657513668203,58.06850506779594,4.654563322786975,5.899754382061957,2
6.3364648700548045,73.0633939690969,34.057979194516534,186.66018361201824,1.8790663135803274,34.307994107903056,3
6.55156296353969,43.86623568959,25.995486751158353,182.58011274744274,4.480859485455725,5.0,3
6.7408841497576395,54.59286111135594,24.07753538190719,162.16603457096141,2.40327760881954,22.01311126117337,3
8.54319860552762,23.634474159401165,43.786431358236705,125.20469046070417,3.0037979045253653,40.43237403813956,2
6.145326744896211,59.97828801928829,74.5567646382624,94.34549861850977,4.09253326999052,32.207248784516295,3
6.320570563446843,55.489203552276834,48.08641156382653,147.3509230051649,6.49176186442179,9.700852388585268,3
4.84522342815036,50.467702503123625,16.09131209973989,84.23406981772999,4.230079310566572,11.596945026749601,2
7.7308302543318455,70.5438957648572,29.10993845130998,112.4207959717705,4.371519202428857,19.025643578782248,2
6.776463596117155,25.84450355151207,30.641286972326306,213.06252906997744,2.1819330681975813,25.78375783603648,3
5.869958409058756,82.69725702320694,27.66996219827638,57.45821184342904,3.2354969864393817,33.765508245111505,2
3.6429879598018045,68.03529375880568,34.181592625986696,183.87639134501836,2.8561990989977004,31.04138107494174,3
8.666618292582632,48.587320406960515,45.54092291529913,224.70979757245814,5.111499201830438,14.412457902965475,3
4.658480053315914,47.02540824365213,50.2297175398397,190.81298596913265,2.7810987071931197,31.187329374352075,3
5.613082985945441,59.61222430497189,56.37645236374966,169.9106439213242,4.99281277852404,32.253370144771,3
7.037516766614004,80.41702464127559,47.863038595707664,126.8213576914438,1.0475299399209148,29.885201699753672,3
4.70516310707497,52.03215437380022,10.687746395067386,117.70559727829936,5.098165987574763,49.7818464765586,2
4.259735332620284,52.880618039584526,24.1404311870303,37.593456696833954,1.7078987302227162,32.263189592632386,1
3.5,50.36236955251743,37.628589447112134,151.8503340133657,4.280826236131205,34.67822965941216,2
7.581495429358454,85.64048225402945,42.20919783651218,129.88797756354532,1.7035043062961899,43.758583572737635,2
5.682220632910517,42.622337941259524,52.921275398143855,115.09827956590465,3.927520885996004,33.501171030494824,3
9.0,49.40984802761857,40.64776264325159,148.99594855604934,1.5561192592240567,19.48944321177375,2
5.008467401553689,79.26871308521989,40.760608807955116,153.11847401023277,4.55472141213491,37.427028712611374,3
5.1178234648566185,52.94021667225727,43.56696044708589,118.22213513164732,4.267868198905692,20.98605790179573,2
5.651910544571898,72.74117720091044,36.17467391828197,230.65403917383932,2.0989688636017525,15.173916558648305,3
6.864701982707734,31.774398861940828,41.30327709816717,186.53013895562123,3.867126763484267,16.030224124660847,3
5.794694991822033,45.89414956742972,56.88748268517626,194.81392791866392,4.421148972483687,37.31348946259749,3
7.418498321003768,79.68868076880457,38.741336518239955,144.83486081802954,1.6150214195645038,31.202457727272858,3
5.0321174150170185,36.473205684729095,39.54680909823575,175.56178661305714,1.4489957336122994,35.608360585682185,2
4.4276124223046285,46.97401920460585,39.496218928492155,105.21476997007184,1.3930429035466818,31.250908336340693,2
3.802677890886339,55.13370461782957,59.466607206867536,183.3129270125153,1.180495949436605,26.888472928565346,2
3.5,30.216909640140265,23.379200097558364,139.77986963431303,1.3858607309796187,28.180114926675135,1
5.722896470787415,41.72379762756206,66.63770342186794,98.90082324928372,4.38718231372998,30.91078476506341,3
6.048529531410167,52.25273363651281,22.3542721822673,148.86166643903852,3.836774731895992,18.975100620532046,3
5.552844458775225,50.93363468323923,30.186696080083614,135.3972984875055,0.5,12.096998232197404,2
8.365108695780743,75.6070404167427,51.171074045729796,266.15346636104584,2.2347495218906226,20.148849365163585,3
8.342045314412204,80.82914389664506,55.45475043210507,171.76971242399557,1.2632451169150745,30.441233503995896,2
5.9977955188332475,32.878302559981776,18.94751474502268,228.9858733724111,4.292295294763272,18.521627181256925,3
3.8091183302120557,52.22537038334979,23.60947205129371,206.56435531793633,2.3255313957208763,46.296166468674116,2
5.6499423379174205,63.48496616849531,44.16764214207772,151.88902998987496,0.6833588657691752,29.412632166932884,2
5.600267909124408,80.32694931598394,75.16629081645695,127.81403985349776,3.25524760165587,26.19487489910392,3
5.514297556582913,64.36980594634258,58.69394171498021,62.98867093998385,3.9097381621970477,18.93662684174713,3
5.453421644152632,55.818268031846635,36.278544255522846,106.45282246676301,1.5694523501423472,34.15737012009112,2
5.519805656412789,63.33085063965261,5.0,183.13767288771072,2.6026261249778706,12.88057773723149,3
5.92018757615336,63.4753766867252,41.22464101631739,134.89348074396486,1.6464067730396332,28.15771437832114,3
5.546688351776665,31.445714154312633,45.434452054698305,168.7910162869221,4.866071088178173,20.644703200728365,3
6.812483762938388,53.855975850125375,34.25957288375795,48.486242432633176,2.352962794692102,26.209296427496888,2
7.040553073857292,79.18321988377383,27.239140141801066,172.67574245486867,1.9172427041063984,29.86273192409064,2
5.134032369226265,45.85286462611991,42.387478904820824,204.8240778599643,2.923011759226286,13.543376770174351,3
8.40659798901055,52.588932850948886,25.866082091590588,61.21208550968733,2.688676005049638,8.290679873471245,1
5.0299065472390785,45.14967100947956,68.08672991213086,168.57819531783997,4.032740090799005,15.683472149126699,3
4.073299079276994,5.0,62.75117196300725,217.17673268042302,4.824070838893332,33.79241742057252,2
7.071167107047578,50.41180354469358,49.868689473891415,234.00433246697327,4.83543487653375,28.73133391474782,3
5.273887798378491,56.03583861305745,41.34565853678975,124.82504645710202,2.4271389591112875,20.970986734478828,2
6.981937206136082,39.75013218238196,30.0975387007966,188.99651723057667,3.4576704497214825,44.681471003184186,3
3.5,26.907261022305438,39.68819224163648,221.48949100027076,5.232749865435673,37.85098363864499,2
8.588683912224601,32.38787080436701,64.58945702810914,170.06906953901893,5.2904982125625075,35.43461984944763,2
7.508440112060603,65.28375232271128,53.02981087654942,214.25387944984055,1.6861407679596967,17.757946092345502,3
4.249285176255498,89.4504954609381,43.05538417714689,148.206917333085,3.888367824965017,35.32347620167265,3
4.281834314230571,77.64866681810865,53.85961501251393,169.71570718853985,3.6348083591577405,28.407081540959084,3
9.0,23.113079903388964,48.18415995071243,118.91953867688989,4.38958131666705,17.777351049350383,2
5.393930144753062,67.09254621101405,45.94416309830308,141.76999211631204,4.865426351756682,23.95899317852799,3
5.248722726901065,36.7367524838142,54.708448884873036,171.68580849381817,1.4385359860586917,14.615653286939764,2
3.5,38.35465874982446,47.755414672371366,115.16903374771161,1.963982542448137,17.86515396226626,1
5.973832691597669,40.760488040574316,52.878272051550674,138.8206813429623,4.3614131344613885,13.558242587889527,3
6.158420577746371,64.12133899710861,42.42080574451764,188.04368404734018,3.22204613227498,34.56554129851743,3
7.573239645154228,69.18506752898077,36.18811265214845,252.627876658805,0.5,24.290741791125047,2
4.401382357723287,48.03937857440424,31.777556815897768,47.528075417571316,0.5005763367813008,15.584011616514655,1
4.219569811639086,48.378585179839504,29.99035591793562,248.82883336618085,3.993859711948468,30.1737432928378,2
7.176443952164715,59.28527486471586,15.922443363377013,137.00641177886163,4.258666383857479,25.01503316404585,3
8.010095106840597,61.35989079048484,26.320900797825033,198.24499345136925,0.9757684435796041,35.50505481266722,2
4.143271473323175,73.52451413517059,25.887197056267283,208.05463499958702,4.648751343191763,26.33336708929995,3
8.122271129449611,24.312560489816025,32.38982206023946,228.22483869702734,2.7042790033625224,10.628123088014444,2
6.556312762230232,50.4005467960806,63.433663159574365,113.60190676351046,1.4662888053179524,20.032563373340032,3
8.137708008611968,28.63951248217645,37.63657066669334,138.73643459411008,2.1595561649272144,13.428051140453848,2
6.394669457723575,48.98115441873194,43.62650334826465,147.32019505235482,1.1658851609267944,30.630079045967847,3
3.5,45.47649424638478,44.09979466767891,132.12830787513275,2.0761335249284056,35.844608368015756,2
6.272048926525942,49.065010921945955,63.8137136926355,215.93804874195695,0.5,9.560186935212013,3
8.090215728006905,34.005142237789364,31.36621819232063,146.15861494942672,2.8892505765028256,23.75503946291902,2
5.1593809713744285,20.254204135851424,36.66216879612907,69.07261675958155,3.8806780318919984,36.527508910882645,2
5.918052546638822,8.111249465701945,38.40700942338725,118.34930888431181,0.9788625488119598,9.408972256623363,1
6.235799744673533,47.37639691470319,57.04802283662152,71.079998665156,3.0255304059344206,20.649841759301424,3
3.5,41.37997788334122,60.161585406316824,138.58306066533297,1.7930219577353719,24.997703012905667,2
9.0,36.48124670392346,47.11875729540917,183.6274837283968,4.003201253046358,35.674435847117664,2
5.147936480154238,76.45096925663321,58.493640610928196,117.27616638481555,0.5,30.446892322913868,2
7.258603148709199,32.81123626409378,42.66491494703484,129.84835176827116,4.067833272073496,32.490347978772704,3
6.369948295777687,78.33668164277606,37.410951285747664,136.2617353830903,0.5,31.02459980862494,3
8.38642858453904,82.47687488538514,57.68086129878433,157.03712469176224,2.6850894806649097,21.268685063176193,3
7.109084183642121,10.981990664212383,47.31426512850697,175.8041389317762,1.9366228252759516,41.43407137747976,2
6.147613592718538,51.84762917997939,28.967040011386274,190.3627713967684,2.4589456097867073,18.290907916789926,3
5.15972736122108,42.00607018328019,54.96131407186526,262.7758491468261,0.7059138648338488,5.0,2
7.696776052073208,5.0,36.87261053469581,156.17479655000363,5.490206460770673,6.994589445321935,2
3.689838044068075,21.107174938631715,35.03764715913693,186.78965269898572,1.0701553835844946,23.83109085778486,2
7.468835630413839,65.49872214216948,53.39506552299568,70.62216261608626,1.1885195910364115,21.684552514279986,2
4.851432872667691,90.38398505422529,38.667517887326305,131.0408507217233,5.692230877628276,19.63635475247756,3
8.37842549293496,68.05356285398497,45.83437804060434,136.47915532689635,3.4840524541134963,26.5020437883634,2
6.741949313994042,56.47264945025955,49.92909376106199,99.13425555064481,1.1186152148091022,37.004279371806504,2
7.466185651775163,49.57335236737825,28.255853810914232,123.2003634316232,2.806818486144232,29.540281696213164,2
6.622983220737079,83.65325829296228,45.77275847023303,144.6257641172186,2.646405796071302,31.48550203574863,3
3.871434357288505,92.96478403915282,60.24209657892436,124.7668312917596,0.5,14.202124227598837,2
5.208906254906992,38.26314640951628,25.65299284390585,280.091709391908,1.8626061089726569,19.80550810748912,2
7.508584006417074,10.000268793794177,46.748633332468415,175.6137670788865,2.9604289321870487,32.00355728457069,2
6.749983726039766,8.036250734575965,27.557983981295685,250.05113694296682,4.899626858756328,26.080120599511815,3
8.271484857958509,76.43761984319605,55.32096525760598,224.63255894170024,2.7167552351609556,29.770621315552937,3
7.104911844555757,49.05882918451227,55.17858375624657,118.0376933274807,2.8295321885789892,31.137238793466494,3
5.04994716394601,53.66483820917437,34.68516489626352,151.87802337099058,1.7772499935597008,26.661900710311926,2
5.3059037934190485,14.186980140865735,73.14442978286294,128.25876894627115,4.643836171812351,40.81906176655666,2
6.654376085784856,34.93622174423067,56.599379637059265,141.9088620356834,4.353482627251427,19.68463945125555,3
3.5,44.09038372198435,50.60393477704254,101.17831654056346,4.184002159472277,16.809083948863552,2
9.0,54.156767667281414,49.75916344159204,127.92323354148886,3.1677582976043723,7.3503119653552496,2
7.162620104566336,42.02815922172482,54.75890363809336,167.97594407666193,0.6021396571444853,32.48603291000599,2
8.34055189557331,29.253476033973147,25.065363891337597,166.6561028471102,4.630004848264553,19.299457384688573,2
4.129094088786246,34.30866014794954,42.91911397691536,162.67018326081333,3.0859946219066723,37.660059194962486,2
8.366847740532883,74.16646571894466,45.74785578065991,147.01625875582207,2.5371127177704844,27.479524461751787,2
9.0,54.895692392069996,33.997959050461596,193.037121261847,3.672688592838947,21.61167136028756,3
4.518682466934024,62.24313613911103,46.97192904165948,137.14784869607308,3.336284555742024,14.453621840715474,2
7.65710269235565,32.022523782453405,58.47541450651009,219.5776169880808,1.3962030096571505,33.46511587141021,2
6.50166491703094,5.0,33.6734636835114,57.62012214912188,2.518803207770933,24.4611257245567,2
4.183349227627634,39.53791386231007,39.18363549443042,182.8405511987878,0.5,27.67802236358015,2
7.239325957777805,32.66858891149007,27.691220562190832,174.41855561236787,3.1290399518984366,31.04441337891376,2
7.7504048072560225,56.98024537256158,13.195164852838115,116.2716721374225,4.9951916509517105,27.65752967314192,2
5.598310170996729,115.71447427363684,51.683982707807665,132.23844865723615,0.5,16.50181623198433,3
8.248874780382835,63.903320352365114,39.61399307741129,173.23954695545183,3.192942104717214,30.21268034681237,2
3.9998548898162034,104.71920318766976,40.71369125729181,195.79676235743747,4.0027178006917845,33.202007417756946,3
4.257865780325534,61.37539390678897,25.198395727397095,62.52684158344468,4.2245354755867,28.602290361831347,2
6.7048960933831285,37.4022752485457,37.21744706445714,181.41230338271276,1.8807153587686825,31.323483735178705,3
6.538077916958407,56.958321562417666,56.448906837731855,127.11744072212217,1.3466539055024942,32.25544313224667,3
5.425139767363842,85.61277198955416,40.0123200516919,206.26448871492767,2.1194220523162,21.03937146403704,3
7.714391653957829,86.59125192642477,40.437756370831195,58.036239309191146,4.786306544939178,20.664427123620335,2
7.296341471323924,38.49325263913842,43.11292416795134,272.2649482560604,0.5,47.267869675244576,2
7.787208606401024,55.06367391398598,21.454268073903158,105.69300334929513,1.176049507422284,38.25759963334375,2
6.315295346971599,21.414662406577097,49.37380696153535,221.4980593394839,2.311845773211327,24.517941128374986,3
7.403870401967511,66.49337249382859,21.17202827626254,146.54076901335833,1.5364931731317955,31.828289557952605,2
5.831524545455008,81.06709398111789,25.905766280814603,109.06666313999348,2.9374908968789426,15.623151691604157,2
9.0,50.795989082320325,24.26177846489253,163.25570026907056,5.121788909143131,19.0111873756476,2
5.281181344817021,36.65231891279744,37.37162550054182,201.45627224781842,1.1942723297876348,12.530903483970633,2
9.0,57.20261902555126,34.71320944693214,72.36475996276188,2.7804507352533503,27.85661381599773,2
6.552331920634113,58.34918062726332,39.98162442537618,185.07944246435048,2.987623545899285,27.973651682092562,3
4.436733665646885,51.6228766369924,26.42115760335335,149.39107506714552,2.4981206271480585,35.83826105335109,2
8.552119025732901,53.574302486719056,55.08242980459568,178.8522041283167,0.6323625358781677,22.879660656764447,2
6.6888520825924385,46.523702990612584,52.510413530894965,150.548767866949,2.0432617167346647,35.66587906107214,3
7.7766861475703575,69.91909856452813,37.392797306624196,121.4065580622673,2.0477454726753064,31.529133283252058,3
8.33578387781389,64.72454890330253,32.82449925118093,94.34383743140606,3.950255933456367,49.592312052176126,2
7.006933331217538,30.337937057117013,31.30963759982201,183.63225560235128,3.6293689465477565,41.671159748665346,3
5.611638732780778,29.788187936828106,35.34782507483981,183.36359960994173,0.6721563757038034,39.92156727740224,2
7.963570066503875,44.91251165946876,18.996321568732352,183.1136123845404,2.419295462974832,33.35682616672231,2
6.501133261181893,64.73674248210358,25.60589031682239,171.37981597202867,2.2496171877243656,16.05774611333885,3
7.528786727912628,52.96114827781629,52.9018058797745,197.2349435919735,5.932042925575869,27.92794017431792,3
3.5,37.1369917975469,44.527187291138034,220.3034639884821,3.4384697704524334,47.47555223771371,2
7.170472575514777,55.230371934516604,64.51411728964797,56.17910762967409,1.3838423714541974,30.06954741379203,2
5.542121262282455,43.38378960955456,35.51207274746018,32.91012780654559,1.8348031160975238,16.782214364377282,2
8.979964455767796,67.60972920448262,34.57730159339699,235.89736799398224,2.432181901206916,28.35969467901319,3
7.434631021833643,56.66116870134095,33.881516131845274,82.94767427074055,3.543551363087313,15.103951659251923,3
6.859786618773945,43.694436250957125,35.21253275172747,95.68783566051901,3.727381419243357,16.43805801313207,3
7.229464990025332,54.63037544092923,30.10068980280103,135.6192844062538,3.300723964037168,29.12899262087856,3
5.002338720684922,76.30096119048403,44.064823220308,67.30142106434488,2.6853521315456033,32.39545924547395,2
8.934885035792082,38.60739846907245,40.43656100722617,130.92066513461813,2.7959995137144866,17.02078029892667,2
9.0,58.05313963294322,32.351282472425915,102.59473279386674,2.806546160378822,19.404435317778255,2
7.089370265822325,48.59079319068008,58.76723369528354,138.33295651514962,0.5,10.736249088318182,2
8.885605352860459,58.53967367724199,68.44874383729461,163.9920652453551,2.90806256753448,23.70705989463994,2
5.646277701991199,36.90870116808539,57.49865808360101,132.82308872852175,2.1341189163084415,5.539726811391475,3
5.304329650662529,52.20670866318751,48.37186019625092,130.29763573014264,0.5207546688229034,22.008549983417183,2
6.561387123093384,72.15646564833602,51.426545893956614,162.89978983958233,6.626823867054727,25.795770206296098,4
7.152411557551848,31.259860375077853,67.84623276739502,202.2145898974974,3.466955408980678,7.442106159939819,3
5.909019978135319,23.411897933498366,51.40478973639136,230.1482173460833,3.0196548874174454,14.927420829614132,3
7.306652285552726,24.170888710260712,31.222212211010728,139.07308729988924,2.4433080141063157,24.399083223403114,2
6.959584223110121,26.586749395996222,45.88408789975823,241.24445759616185,4.095333687973029,23.034230129495832,3
5.002539837063417,61.90646575785328,49.39366399094977,193.8353417380623,1.2565496111894783,23.496370724914602,3
7.278189526177582,21.88280628269069,25.079240889461204,88.39957730134118,2.5309435620857803,27.880128961700592,2
7.7952923637822815,44.04209310512938,35.72603772035233,86.93958721931625,1.5717436759888894,8.283170865644681,2
6.757203976385586,62.365786066214156,56.50587736083199,121.1356074698665,4.082344280507029,32.086600672753995,4
8.228972154892539,58.33318121097187,12.647608974256208,222.2301991679863,1.7598882812210193,21.812725766379494,2
4.673894309754572,42.288820400750296,21.24357182439109,124.93163422172317,4.651991717450546,19.03802697912308,2
7.201925633197778,53.81847463510212,37.35389419557509,55.382158774686346,2.8510869185943157,6.351445283093948,2
4.744578940404837,52.142906594751366,45.30519393258557,138.55578955561447,4.161735145240584,22.324228318324217,2
4.828877962650369,45.51518088903627,19.635513325766397,50.971401621979666,3.599788326556312,30.12030256578305,2
5.553603749393315,45.783305626908394,38.098161225010884,97.25071765315641,4.588867250993278,26.415721354325683,3
5.086909724638632,94.70854869513921,57.3065280863285,120.64857968537069,1.597235105957215,26.70812854267491,3
5.678006271888293,66.18621807862601,41.02977185611425,157.48344554623458,4.35843477741996,21.60956335919771,3
6.1787745339332165,99.61301835024287,54.086334154466954,201.2081163303439,0.5,24.39451478127402,3
7.755731729497077,40.06073734158997,31.11828817997495,184.70679716858822,3.064690143170529,13.92538671883532,3
6.018261441941446,48.30066806223705,27.851247148162273,91.03376007762571,2.181117101545478,24.952339613070112,2
4.12156143984561,23.357484694467054,52.73310745427571,131.41438689171738,0.8931879240074445,20.08898481323066,2
8.21010176974274,33.808663958208555,45.538983019842846,153.81877943512833,1.6597168125099895,13.752007986259516,2
5.244364799577441,88.03826297325003,22.216059883383114,136.88964377767502,2.0390164105809996,32.5471923928546,2
6.411919359343057,39.559314203164874,27.987386257558164,136.5352387065853,2.7051724768442007,9.249999048080111,2
7.1698047604110675,88.38562600288918,63.46871861586122,63.8628337672864,2.212725522226211,30.242855988457706,3
6.799415627604175,25.13275478640219,26.13167170796026,92.36329244301797,3.1200389603094822,30.8714814253641,2
8.141269321282213,28.93061931853446,54.01493120088996,129.85300754303634,1.7547625266171454,19.727611699161898,2
7.218504715089138,43.175375579531575,32.82719954149451,20.0,2.284713448497999,35.304089642045284,2
5.208035630454338,48.725001566416445,39.95236214849303,182.03221600049272,2.5664009024387076,19.516598879149885,3
9.0,68.4617458490026,44.41888931415058,81.36604501444651,3.273144333496135,18.888439784873,2
6.79150019500735,59.01540834372532,8.48528184250602,184.3419066632569,4.273270922756344,12.996447604745141,3
6.278989660067741,41.67369485311944,18.059239968590514,179.9458002235455,4.280494510598068,24.915565514575384,3
7.945888134583356,47.33368386963787,41.29499528180744,122.81534784438078,3.3562259877032474,15.413422565815134,2
6.874176418895108,43.618741604305995,29.135386543241793,200.0274162850769,3.645379524908398,17.08353757118161,3
7.09884228940899,31.706925293485405,54.948719429119336,187.15986724624665,3.4678003737682133,24.346257919098644,3
9.0,32.240741267967564,15.908186786978131,134.55192645826799,2.5280367362046805,24.764926180375298,2
6.08731785761743,70.55767782866819,48.47882584386981,128.91201924041508,4.350874503926819,37.55933631783566,3
6.0233586589739065,13.436701441457203,19.356681693935105,204.86163928321784,1.6282783612743557,34.3103285201036,2
6.674867768018696,82.34717394890109,34.71842508783357,161.6006919703832,0.5,30.50992241367934,3
8.107273903371558,43.14011548795536,24.03433353643054,202.2348584184071,1.4377659198684656,23.534503829590737,2
4.240198954714401,34.5498278721568,68.53644820706796,30.551296282363154,5.10468122265643,20.959840458204226,2
3.551666162785242,64.79518581394538,19.907617555449463,154.9242548509731,2.5568502922534817,24.73407476660723,2
5.619327094069779,79.70433168294235,38.16910456946465,71.12954565153136,3.4111935092756513,19.437176433354797,2
4.049115561411069,72.35264883207915,14.09745777969772,148.71057462566185,2.5890749751446935,17.990697953242986,2
5.862752978711542,60.03704098719781,63.99355183105885,185.6910104172942,3.8424979932395367,24.21206852568483,4
7.253749544193935,71.73726979443671,46.019236242658074,236.95700728745516,3.106068999009566,16.216164058785846,3
5.163876704671605,15.670048457122682,42.054596343980016,103.0916635781407,2.897111986151621,16.83074567560726,2
4.359760134827987,39.56338917023704,62.11469408937589,123.71475973490085,3.9206675025756677,34.548740889647235,2
6.604005742573022,31.77659879950311,42.211336621339186,145.22335464622313,2.3014830920717646,11.203209080425783,3
7.793815226922756,74.49277462430351,43.293570342116155,101.27344492690548,3.5581166740455776,14.60222395128685,3
3.957539842225081,42.33043962152227,41.97587932097727,198.92798643946287,2.737917508383276,37.732738265199984,2
7.730348597458976,66.90813113564111,48.45451488164679,146.4952727317188,2.838860620180662,21.078607903632637,3
7.725959305607489,60.71713884977276,32.613379241181065,156.0978511688023,1.7721037510150883,38.760260127397764,2
7.931127653234942,32.75386127672638,36.78569038955001,181.00865633870794,2.676066525920591,13.326348791749563,2
8.32772032230753,38.26083580047431,52.15501942686169,146.41442418122952,2.188136174629228,25.737821707528333,2
9.0,75.87635381629451,44.16059427336823,109.12304359120674,4.694880268141642,32.71827216398697,2
5.965861927071417,34.49034702631173,38.286341288468115,146.84898808507666,0.5,15.940284651651194,2
6.664357370116787,52.49735220390958,18.992164134539316,107.19093202433055,4.333889837166694,41.7433281571246,3
5.875342350127962,34.3491742734711,62.47075426804893,155.3990444558243,0.5,21.09650217028746,2
6.502965267133717,43.72095626168279,30.07818835073844,199.84688604008983,3.8058234564149425,30.090899509607386,3
8.799310033454468,49.076761120600565,54.80855857628885,91.25108538638341,1.7434046486813577,18.219453874154965,2
4.482478274103997,34.342669794050174,42.63630477532128,73.38144992789537,3.849483396252511,39.916138497725875,2
5.208425491751637,30.79106092032237,20.598242159051946,152.4624967959837,2.8179614879757535,28.03359710285986,2
8.565771404756841,55.72546673554885,58.784132162959224,111.6100191628047,0.8514699661668139,45.97279900627275,2
8.030054760353135,33.10525182417648,43.818109695993094,151.58726372059846,5.037927809765725,36.79072011284753,2
5.955302529774383,33.78684888602655,60.030180351055634,166.02017603048503,4.164969464783465,33.370328936924395,3
7.78160300168108,31.218937125960586,37.26386948896122,42.815688553573025,3.754763185498284,15.448829572707142,2
7.01182376373805,48.44183907337363,50.560768449505815,184.4924713829271,2.0394453834182027,25.838541139503562,3
8.750411913501482,68.87403268799682,13.562093329824794,91.51657485223755,4.216626920178698,21.83322682753429,2
6.611764390740159,80.13057272624533,32.49676204609364,148.8826024717655,1.0751225676026361,25.262272584392083,3
8.038448170808874,35.48163828012443,20.905100016530927,117.0308832280785,0.5,26.47720778001826,1
9.0,93.00621586662422,34.378242249424126,122.40214926078528,0.6565111962116985,15.99302530101343,2
7.3971487325712,29.905902785864082,47.077176092592175,234.69789698089943,1.6170179455103777,23.434375396598874,2
6.5739922486922655,71.67097046655739,30.931298685187812,165.96337603978304,1.867744673864201,24.036111690043207,3
7.583670477831469,35.56607091969115,52.957631404581726,195.23442014767954,2.347734646730866,14.897715911128486,3
5.952078712694172,32.58153460259979,27.15081034674983,157.54706771013716,2.414350148070544,33.00417183302193,2
9.0,35.104876864312224,53.27854920474968,181.0006787327477,2.0252425765634525,27.224852132763466,2
6.770106556543972,48.95104600701762,59.64635748811054,170.8689181071726,0.5,33.132532099181276,3
6.09060001966173,61.5994434206722,55.202892026364786,162.72280723434127,3.2881850514159723,29.872185402850995,3
5.246466492469946,63.39736075809644,34.837164222553405,205.357795458234,2.6029878698229973,7.863745111214726,3
8.145830287409657,31.120299693042234,8.118196030837858,157.8252726922135,1.955484623178925,16.666948440807516,1
7.800781119241608,30.206814249774627,48.73250495106022,264.25742861088526,5.097031937059041,41.53211314968561,3
5.75396844287886,31.66722613272906,38.12147927927044,198.0265786406219,2.636751953166953,32.850891007532596,3
7.3646770176836345,47.772911952289775,25.324105898089698,93.02296511301552,3.087797598684263,8.78360764818606,2
4.237166047680716,45.796887916182506,31.655814026943844,141.17251455085088,4.193775227674699,29.700110325284868,2
6.7774558626097345,30.9964907586041,61.51637974667202,169.8538799745334,0.7652087366587588,16.680850787192643,2
7.179134528115042,55.392073881264885,22.939896990847682,152.22484178560185,2.9660849194981473,5.0,2
9.0,95.25137616670636,47.024637634318175,184.3436709486084,4.188821781024941,41.572090018819836,3
5.3437717959069655,39.905690763296974,43.26937263456106,189.8508352416937,2.8630066459516317,25.75325817946911,2
4.582471056796513,41.329763575929334,34.639185030051515,82.02065071005177,1.0449861199716124,27.169783809803786,2
5.156858058612437,61.19323140648737,49.6679903096957,214.05387723582473,2.276286832582089,12.432288824946438,3
4.49514724952762,38.8236741652641,64.48367888348298,125.15912672569777,3.2834799686154716,13.468625036688117,2
8.504986036638474,63.379289634363644,35.56042744170703,120.20477470676214,0.5,9.083628046000094,2
8.822958942536054,35.62914586441919,36.35228577884348,120.04388036472298,0.971008507348134,39.16976081693596,1
6.980324866923244,86.64239215154603,49.330973574853,190.42882029952915,5.9603053439026645,8.566713556627544,4
8.331942418527722,56.89549945184589,53.773642321525024,136.6466150926107,3.7268853415273684,41.167849683207606,3
6.700937570870353,37.59954101846577,38.08439189277047,116.82241778311463,5.2252058410744215,15.132362451666205,3
6.357332528448851,38.22616601061452,35.41939395859528,128.80204212782314,4.299476552261824,12.72120746560174,3
6.000443571419358,39.7240049458393,6.735302189203594,60.265417054206154,3.5909754647611947,24.44627663026882,2
6.034413512933652,77.45499332497747,28.3298663145017,107.89181180242565,2.536381141584741,18.157906283173364,3
4.178297665536453,24.624979847974334,22.910324918986742,88.02082256734502,3.5718208115772256,25.972955384060757,2
6.896382145411009,36.6411665908099,50.26937494467837,136.54153347520543,5.174946286293533,16.228434726065196,3
6.439499134678934,38.76678886149148,36.341455770987366,183.20966351367963,4.238308384751145,21.86517250287567,3
7.618041086116814,49.68624066486124,35.75467591691608,177.69379504666136,3.250215457270169,17.416068262106656,2
6.640285244657915,44.57780614706411,39.864156045655285,212.83752487732914,2.741479396200534,33.61225723466313,3
6.255944447646362,20.175443372190745,26.947352948119004,201.69879086483104,3.747485381206295,30.126229913904748,3
5.193210454988554,42.00354632809065,63.298707800331314,123.57016425408115,2.2019360890641435,27.47719221439036,3
6.608229855232642,48.00898633630063,59.47290867544916,150.95357003768567,3.747711615621678,35.53547422901172,3
7.607355846224243,37.43804329840433,64.27160174571532,148.37219528892908,1.9530667635059262,27.63179524321323,2
4.784991513374209,63.735509780953294,50.25125846858337,42.447365863905645,2.4691186687718645,26.78799421929552,2
6.6312106305211085,68.38816857507294,39.55782827467094,89.13702315451278,1.4584418006752493,23.80046274815358,3
6.849564427294226,48.432266005412146,64.22093954510328,141.6356661424444,2.340355433858508,17.837518518010917,3
5.422902824572604,54.610831737014585,29.785497461305305,141.35517824295957,1.9744085122706316,17.859576445638684,2
5.618215542638,6.778880053014582,26.93186531450481,175.61625271025835,5.5378730866636605,26.471208408455762,2
6.845916273149322,41.57794455676336,30.977327278452112,173.1820814767924,1.6582563641583175,35.17906792301055,3
4.799868472561066,70.09643383515825,47.843069003714476,61.46537489501324,3.5772529434118354,30.703637439699442,2
7.024885572874089,41.53126833641445,28.568422099184907,175.9298367228765,1.5796765209696266,30.64618161770552,2
5.1569684395112,35.25476647216078,37.66940517673002,158.92936032268818,3.070344055014174,13.938438707634269,2
8.094280539549825,95.55377852061862,15.972170591728354,181.16865908223144,3.434873102931584,30.22831862566667,2
9.0,86.3815438039161,47.21646498142366,203.34327938207946,0.5,21.007925409492493,2
5.208864797447271,59.35149824964314,17.24344949225336,142.8558513606014,0.9034477675166968,26.757366265875035,2
7.301311793562012,72.77821222960095,26.01758417701957,212.279411849004,1.5679902131430254,30.520148698287258,3
5.409887142676971,5.4812916408384496,58.25750702344966,105.52997730534767,1.0451446889271958,13.437928001462387,2
8.061431260696684,34.248971187425866,57.70477475479166,102.71309398138908,3.1261278029182753,26.574037154897905,2
4.602112386372177,40.60084253653697,45.614696343197465,171.43860950677706,3.3638703131322982,27.362623336667617,2
7.2208801376415686,45.280398022661075,44.134953726028456,131.561622734741,1.405392066948698,34.98634763526669,2
5.190516549665971,40.20111958052075,32.035605292686114,163.08162823094847,3.1862976553988323,19.83124540029592,2
6.189523116352447,5.0,28.40644504386698,249.64910599222458,2.3638820793429276,24.387856721631454,2
4.953462087279039,57.720492374171194,34.566374533639305,169.6747536751988,2.85078594964667,26.699642820361174,2
7.733525706343631,60.87308256561214,17.295187383065233,160.60847694320597,2.0573650655911253,19.832140693639825,2
5.24452946834062,82.03797583179963,43.78672832430495,106.53898106740763,3.731485098693219,19.649522455013184,3
7.327946388997741,34.23381470450073,40.732466872126146,65.00100966878269,5.452393885406516,19.263574400434422,2
5.9838529576065005,32.59673684440196,25.998680999346,146.37266923632447,4.161501323427867,23.722769670079586,2
6.328291442301706,5.0,63.53022878262037,203.34351233040982,5.0900862730186756,42.470872185846105,3
6.721633861100193,44.12866326818228,49.10370565430572,133.8530996469663,0.8957628253405621,24.079245738875006,2
5.3572629925117266,68.02223562124342,50.37762706013285,170.07312496026844,1.9864363465902868,29.875399932607902,3
6.81555067031133,37.76464275614561,32.68990110941252,221.32486363592912,3.8478537491970233,25.31592885976245,3
8.795501846531616,92.86889637087296,39.980048829605145,220.075815661518,5.262441262325163,21.9247356486334,3
5.332857821250928,44.86810328420953,49.41059005281133,171.44079438008913,3.97566064035986,24.758022979675935,3
8.257715214910768,52.93984568577111,42.291735506503535,158.50532393286716,1.4606638719392047,32.693456103101106,2
8.747146450231677,22.737938388368125,64.02851177154807,74.06834754984621,2.3480139977716794,24.465325642612065,2
5.275767516457934,55.74440690350559,36.943186458748734,118.49026779115297,3.5001066548822113,23.390654706712454,2
4.317418092364172,10.413604102946096,32.43159201645834,135.96220959909635,2.753010717553879,22.652266335551424,2
6.952941350257647,63.873959100262894,49.51379314707139,107.3834194282924,1.801841313422444,15.065198596987246,3
5.67888871584969,64.48856352470824,21.03029091570232,162.42266314763822,2.5646183349833547,35.40090157189104,3
9.0,77.1858284867302,53.86445398462168,245.58240917430504,2.9783459718606315,20.53063929133633,3
6.552211310749748,29.600625624646227,20.489322991120257,225.88807963308085,1.3726180417836318,39.69409529683266,2
5.296700887947232,53.21124236594839,49.57876999087825,162.19399309156034,4.476763608805102,27.447059973895215,3
4.779260733482433,61.27633118773008,30.27589668741006,188.97170360124142,2.3405777661614406,39.058853891791486,3
8.134857438636246,58.8456327666062,47.148762204750895,113.56978423219405,2.8911356605338083,23.000573097758757,2
5.64322403887372,32.69401449730297,53.610144190915264,223.2044675334401,4.55257905558598,17.668224240743342,3
6.565743199190642,5.0,42.30131793255878,71.90167020274097,2.812502000841067,35.432276888932435,2
7.9337041176687215,56.93920593768962,22.0056857253898,195.6414080543081,4.470538242662384,19.38985783912214,3
5.773612472103755,46.95000643380161,26.54837133239272,174.77948550998875,1.4561987086249104,37.855368186803254,2
6.431106756889759,38.666588140771196,29.070112884493266,112.20703066227878,3.6494338719244244,30.787137498365357,2
6.47514738526622,65.27890727430932,11.57489659603339,139.5606621631031,4.258983533570931,39.64462512237763,3
7.524986767274138,49.10160923691134,56.912167880978934,93.28736484219704,1.7551980022814264,15.235282015489013,2
7.386116503265489,23.616098944644012,41.65161378634493,95.4179976098884,2.732445611450392,34.56510881287227,2
6.169829403117757,11.370954218075568,22.96722932216508,70.4472999688035,2.7634866230541295,17.572528319497977,2
6.595473592244777,27.42073469733669,61.835122861875355,188.37569511003556,3.31445882572456,5.0,3
5.942331482714767,97.86024589533574,29.48007849792755,210.26724847133403,3.7122024260096524,33.95916698232607,3
4.283581389620833,64.45553547865546,43.75858733612307,41.90960680932869,1.633190702066534,24.935980635038966,2
6.886401286097194,53.772246839500234,27.620941822056974,241.9152758075753,2.9099177125480233,34.624140541701934,3
9.0,46.3667814562839,9.726097700064582,149.399588168158,5.386977260361869,25.92012991350999,2
5.174421288963406,45.052141201051285,19.53339161723109,164.4926602438419,4.5808151874372065,25.21475215762485,2
5.3404554355959455,73.3439196671819,33.27264353700353,76.37935822074618,4.190765767865755,39.97703468671258,2
5.193908342534388,40.18808516193137,53.47445306809072,216.04128750824327,2.710830603098052,26.182935543684586,3
7.5868876680846835,61.538408213685855,45.197997202288676,160.0125046583417,6.193246237090685,20.244997657222466,3
7.17272818129466,43.03144099416812,42.10307689256868,206.94131198856496,4.54472128275939,24.116248843077067,3
6.262193461375315,88.80313263670125,9.849585658826772,211.04291603238718,3.0561283018941485,26.57638553425497,3
5.122971407541552,64.84577015156607,59.05129221520142,216.7437211360635,3.330616073386052,5.0,3
6.6385651874598866,74.91113629367251,43.35519544743334,117.58596120738986,2.311725517891438,29.911051631377177,3
4.153066808996293,38.31180450623523,38.2087349516176,139.60189960533978,3.5900575367374583,38.589045344620644,2
6.71513985028624,71.16272225134844,56.98634664983343,119.41489626352427,3.8896125505903703,24.510112117914833,3
7.807286579131901,43.748451492106184,58.7124508535241,194.75482313706416,4.053912126820645,20.792423412539037,3
4.623201295049483,52.20069647865699,57.318853714137866,166.64446146818705,2.728974161714328,28.87767518669391,2
4.201222584755504,82.70095341238917,36.293702549450686,203.4572432006619,0.7894509935584924,42.43547390939692,2
8.869156837542288,29.14449886487162,24.947851588237064,205.6369401528616,3.362682519269737,29.69194862136383,2
5.582360540743123,54.064954626108005,54.8338437571311,63.637025453054605,4.06019025889591,27.143736476499086,3
8.203921768915732,58.76010517037454,19.524183353943744,217.5385065276936,1.5321699894672027,21.094207513286857,2
6.269003502203253,60.400087616016194,69.20885107996423,197.54304788828586,2.8637511330069407,14.305035952801282,4
6.257067774588009,40.984310138130695,40.41999317791844,131.53875584072512,5.01219873786059,25.234075829406994,3
7.157619049244968,91.72528201616163,24.086736164506238,167.48963832648144,1.1947874128949332,25.41576760620142,2
5.1740017148803386,24.101362293194796,21.521971687650844,143.8165214208648,2.5743984753173037,5.679027336137441,2
6.698745715243469,79.17770777264938,20.835927639159106,180.8027839315588,5.230708721907524,17.732163538924738,3
5.927765877763861,74.30131211183277,42.10544360081265,131.43018096475618,3.236573031170655,36.58861261760819,3
4.519259834892453,88.01777579207369,39.904115199103195,173.94636205845538,2.2109822576396407,22.419304235533772,2
7.006223112089598,18.235458025843595,21.461167397362104,153.3652652329676,2.9894526103343892,5.0,2
6.105038289683126,32.623370242205795,34.65316320166147,128.39030482523475,4.238875698417422,41.01175347404544,3
6.264462757332939,79.83886118323281,19.480969208629865,159.50681224510294,2.694741697224365,16.08490922336081,3
4.684758584878763,12.459216907393824,48.83952708916259,285.32347867443787,3.8963731724086124,20.297327045928114,2
8.887100551644206,17.870821979191724,39.1811010083093,115.72316850871591,3.352485238013618,35.62254121768557,1
7.815071279579174,40.233844265770166,34.323962411238284,137.50282043692155,3.47561761552296,17.579265503677366,2
7.946233826257968,53.83987577244535,20.67833904898709,116.59438001834846,3.992312266512199,5.300394318136313,2
6.041832946337477,81.8445014729755,35.49766599665852,121.83918072362081,2.5577578755400605,27.175655299643953,3
3.9062256657448695,46.29468170139284,33.7790817798051,190.7887176692679,1.5832338706915696,32.968421547466804,2
9.0,37.83521703870922,44.76590051814395,185.7941229818034,3.7115934081706574,20.308894018448587,2
6.408353737991198,56.22779875392854,42.50526967175441,149.70682483393452,2.801393830834846,23.771561867082557,3
5.376800305969919,59.391929665888014,51.88090153119013,201.3148292634556,2.327833161129924,13.20203758458592,3
7.1252023617246705,58.824796443405425,32.731351847424065,189.6721647747155,3.7895779339620708,15.045364184742164,3
8.250681182004946,46.4402758409731,12.093827467052584,141.88329069868928,4.916020621790545,21.783227001031122,2
6.4654241658718,10.898277721637008,54.8663931489706,73.3067629102897,2.768132425471823,31.48612229063066,2
8.417862751909063,31.647680217873358,25.95951230427729,191.48915039745015,3.0126743078371647,25.97774742996465,2
8.124499907775302,78.40542170534924,23.39624420477117,158.48323105009874,1.2273491713104314,35.200492990985595,2
4.885428218896912,53.741378759532,39.35325182329372,151.1111731850296,2.6659580873821924,41.53610975097936,2
5.489314841510785,43.549557617858866,44.53405769431775,126.69759899951423,3.331935670276274,33.86572170147981,2
7.936305744919651,72.3633709674795,32.03745391427976,187.23244745581582,2.9693338519683934,9.100365580859819,3
3.5,27.39766735262103,31.919609777978096,167.42481262142505,2.456766250718846,22.162219642322036,2
6.275816460252517,45.49303732573985,34.13460523351667,138.15859785988516,4.08876250520035,33.76995651271576,3
4.353753197562993,52.75516810348074,61.24810526489715,88.72727263905442,3.0870115178674347,23.804550543093747,2
5.785169297849713,41.17244993410742,39.959828686628015,203.3964550940038,6.883204677572475,8.806591308104096,3
6.051769866456194,52.01525645803198,25.480557408073057,180.24526115779386,3.3115788972841553,19.48021078869168,3
5.962633433138738,46.2461213715647,25.63324964645549,162.77014499727977,0.5,5.0,2
5.671608121831087,22.0131390442825,36.23673730626446,20.0,1.331952586897284,22.225043756223513,2
4.854284525556778,53.629557637581115,43.56786901042011,148.105287144197,3.798178918904555,18.15078725504037,2
9.0,23.43296416974265,47.25970242949286,137.93981482621683,2.035035300088305,21.39354078971981,2
9.0,53.31230250193445,41.86237905770823,119.07521574728297,2.1281545982556827,36.81475171410803,2
4.756901269615575,77.48271648300218,27.37189973624367,187.71176392821422,1.141155234070908,11.685986436603388,2
8.873175126955351,44.37953605447891,33.64088050658826,185.74300170836386,2.2849012940245066,17.817841687817165,2
5.900801764290721,26.570337400580275,51.008618227969365,171.8412358596194,3.2908916338114267,13.582375724840565,3
6.6937812099975655,47.46024373590039,22.808620593203567,201.89454573838714,3.5787535715818795,35.71336079541278,3
6.405089060154626,33.36057783842937,33.013699103838064,98.88507429830787,1.4701565227533413,36.31237220005009,2
5.510377038119051,61.89018005262939,48.96194286822029,127.31729716153467,4.208109169974728,28.600752658775715,3
7.97577851540922,47.040225049542926,53.129221399527644,153.7396131592903,1.2129463652926162,28.082896026381935,2
6.6888297958649865,84.19526503329146,37.10626943362926,118.89989903860425,3.6569341634868717,12.996617745062833,3
5.785172865171138,73.25979191354676,33.83189784143776,186.3584610851771,3.5055701619550472,26.99188986811674,3
4.543115834299291,46.938389910371946,20.1682308783439,123.88995759341523,1.5984627224482686,13.780895864814633,2
5.15960747942132,64.31218135946182,47.88459884090641,214.91850022233774,1.4200267108740645,25.41193954186277,3
4.037929826596855,42.13527181674309,59.781695277201834,103.44202991249051,3.5734356609073226,21.56651498900821,2
6.518335322622754,50.67913770330337,78.47731087899538,256.59918247503083,2.1601762220959637,19.058331170199295,3
4.705001611573406,42.771316072993756,45.796692752770696,251.46486778012115,2.714250982035157,25.28302359059977,2
6.101659231222188,65.32911919699417,39.236805225340284,145.26234268423278,4.0310037268721866,31.772619008186417,3
8.555152780415556,78.65976553419156,26.20284080273639,207.3085225462874,3.718705741846466,42.754569181000434,3
8.298949359382378,65.97296414382286,11.817146293852758,129.97859697456965,1.626083227358143,30.50984937644889,2
6.451584658846073,68.43873202570711,42.6543887460975,200.66432491156723,2.919631214554761,47.77989805104553,3
6.369372910785275,68.46066874471458,75.25508680231454,141.20108342716145,1.5979271971607432,27.00925037023552,3
9.0,61.025118446694194,59.062183444853694,85.72800507457579,4.304908424934505,42.838873299188236,3
7.281134180538067,27.21427681579464,56.74846403670698,20.0,5.304775296422551,29.35584087660947,2
6.008290310185216,84.01943038833,43.68404225586873,136.5643276964695,1.7323570272099105,27.397895817616035,3
4.360972824319322,86.0882165339685,45.39284740420483,163.95312543426462,2.953249344050455,23.317720046249377,2
7.0908098272471145,45.322407933732634,5.0,216.51582130181083,4.3761915169966645,27.991009577021075,3
7.743985658874294,42.586041695676364,51.43765871145995,151.83125160756953,3.0363165124924514,29.315784989231645,3
5.552522713229534,62.2482330583075,31.309891456362763,200.14550673587945,3.8422579310706393,10.825472061473818,3
6.936804132707048,61.016256703670095,29.474089801061695,127.30292263892366,3.077409497266415,32.00054053827489,3
5.954640057627456,45.961078624939624,35.15114570427089,133.13605152342774,1.414794438169336,10.160061873364981,2
6.223951401201496,24.999486888247915,34.64493265823478,202.7017841264293,3.1783875257668077,32.01171353673166,3
3.5,56.11402381499554,29.235466120425066,26.76627576653641,4.690925458849577,30.989534311169564,2
6.167327894425797,61.02873076351091,40.208081082639644,150.6491914451458,3.4714381047113694,39.21247525758152,3
7.954053953612082,64.51642296077594,31.6258360568792,130.00193252220674,5.43551142568379,16.378975120792063,3
5.552896166650163,56.98585544708415,41.50484433634219,218.03056024261423,0.5,15.128974019409911,2
6.5787895523229745,44.57769703276181,17.692332781749506,123.58768525100899,3.5685711744603097,36.07258549931238,3
5.366073939962119,69.88004079012556,36.78913344051974,175.82924847850472,2.027988022225232,14.251607427134903,3
7.040662514439159,51.31696995131837,23.55556615470623,196.07584846673473,1.6865532583113416,13.267666920485448,2
6.17521520369574,40.70153971270559,30.378260222532006,75.37020029347948,5.001627912857593,27.086179094026072,3
5.09113768897699,46.38693235908558,42.15098264550296,143.03148458630494,2.6174925334659314,24.53308457042008,2
8.498827201497692,15.080619350500363,15.940035778675632,128.41817829570311,2.4726821080000483,26.553553355335655,1
7.8933980202983225,46.35516351642922,27.66388934091794,197.31466234147973,3.5153638276783266,30.377267010484974,3
5.592639854107738,63.76873039749337,48.53446577254501,183.7540920406097,0.5,30.433103079752897,3
7.246682464126666,56.7956604427846,18.802332372012984,138.3398984970409,5.032298909825503,24.221271396966003,3
7.306118004230571,80.41328345962373,66.66800710418211,97.62959747919741,5.856645471171203,25.48153286523616,3
7.463451852516764,44.740501719685916,58.0661193419597,201.9073348010045,4.372670167533348,24.330147310404286,3
3.958616156007383,59.74626326106632,32.582093733215814,146.61736117006092,3.617984610857096,25.352743581476698,2
8.009909811548942,65.85480352611543,28.19185468322405,69.08117171662688,2.675136859287801,11.12551095994852,2
5.645451555611403,96.85714016574816,43.02909855003223,73.38098005150381,1.387181521826727,32.56389960080246,2
5.963258099838099,52.89530982235281,18.288066144592605,171.88167150364882,4.791095723599145,35.490333789886385,3
9.0,29.116256422719534,9.967859127513506,86.20969036172406,4.374512434903307,31.37429221669286,1
6.952810071081518,66.95857506710564,33.109973139211505,242.98237468018067,3.6751743823760785,30.605032358336175,4
5.920516286829237,87.31454711936914,37.989268502467134,103.14648578203347,3.500443334172513,15.093988495506352,3
3.5,43.54902579546757,41.416408365302956,149.9819637321362,3.45088862079796,10.847420750008132,2
8.584646200919533,66.82163077212832,30.778890758231732,157.95559830801528,2.211094920316007,33.308927776544806,2
4.482185493787096,74.57456110457841,59.10920094212421,113.53111303815771,6.751753241897717,25.285684394689465,3
4.994841644750744,70.34131087940307,17.572905122741748,38.008648471101566,2.5715646892165207,26.69532383128002,2
6.002971551368226,52.51117044947156,22.926067975628516,159.54475488081138,2.3599437097823417,27.144916195474206,3
8.624617687550439,36.030524835737076,47.29953934217217,112.3380004948871,4.680909468067725,27.57052765897236,2
7.659859979998639,48.374409039728285,22.575289215442883,155.82692138082217,2.9561913413634784,31.46540734521738,2
6.26324373523961,59.172009077552616,21.99519321704025,143.88344738806455,2.9715082271207396,24.045717284203263,3
6.962438095458231,68.16445048183458,41.850321883107455,163.16456240359017,5.121854058119705,5.949065248277332,3
5.599421460693342,56.67890095998079,24.197160695259527,228.09350603280296,4.017922868325565,31.884055142488798,3
6.709480534348026,42.40184066918846,38.00373358118969,122.69084936364388,4.0941278201614395,30.77546626413355,3
6.610005117167205,61.107593122995375,29.50215160513365,126.5577672828752,0.873434258710923,12.053554378692343,2
7.9531548435220305,67.20170135485641,27.075044449408907,66.71013486230551,3.6008102679135696,13.339532567146811,2
7.950767183658424,57.59220112828961,8.465419129825897,140.24080244503526,1.4915880966076844,33.82991273269362,2
7.240966073308467,33.276257709233505,42.09344729232006,170.49349946374832,2.317508989882617,36.190736219277156,2
5.956478663680847,46.3718793056562,21.29215011830607,125.82525612144866,3.263461904344229,5.0,2
7.61273344158519,68.95641552824934,37.4763669470422,170.82152502027455,2.945685296886623,29.40843059879481,3
6.36204730069543,22.339643825110524,32.318426524771525,141.12457372554044,3.9813274590431584,22.793536495633976,3
4.877128446930301,8.136439552176817,36.90237911950175,84.8866881015505,4.156049477762415,25.74164232079446,2
5.895068312133592,80.16165700288042,37.75486938980109,165.59925355915522,4.268450758923933,26.312777987570694,3
6.626790475676486,60.228305100437595,42.90442376377395,139.70839332174913,0.9836985852897575,17.378572730623763,3
7.865323675497118,62.13460005040213,29.08361047762836,156.1378910704679,6.543987393055317,31.526702685023647,3
6.22470774176427,28.463660527458877,58.64044718910053,121.65250583947918,2.963131696836192,18.11850561293686,3
4.686201933140591,64.75056126933076,12.28899908716635,117.22987385045525,4.819400030500815,32.47012807466732,2
6.585112524945229,55.50497375136729,36.60113322209156,157.87054037764827,0.5,34.690291538551215,2
6.670184060084829,18.31344844303206,52.54346464616301,138.47000439789326,2.6020068003544417,16.278410162871108,3
6.77875644335413,78.48566828547715,47.151588295039055,236.21391245846326,0.8089768534935855,16.522806378908314,3
7.879807273931645,53.17366647237458,25.377466352071046,189.93652560805822,1.7079519450614724,26.136555360864065,2
8.028384860134848,42.07832067841463,27.876317605179644,177.2502129733844,3.0758336273757245,40.03656606376169,2
5.6086836914275,42.44020508029565,24.89811161010094,141.12595992492928,2.4978758422187104,19.07290975848317,2
5.575784812926585,9.695561891352469,48.98841445996584,48.69882757617454,4.9710255106966255,20.968035352431066,2
4.93970193356679,61.866731992627265,28.90114407226737,109.62025361911606,5.653487995460027,28.210721422045197,2
7.548223505420714,55.23714414491451,43.826846321851754,117.6353273707841,1.5497486809019518,31.56780422562872,2
8.673230162506574,46.1183973533381,43.96452121113933,136.2507806855043,2.26835225194821,30.269673310290052,2
6.027377108136615,75.56970414903344,75.52590202353058,148.3320250305023,1.453367642651873,25.322936186779863,3
6.13785415291251,22.322819620083084,44.69876889702555,182.80374827427477,4.733850269126183,21.94481025289451,3
8.700173835348464,38.064550472647696,27.832839778743047,163.65727805350326,3.2385654070856216,28.318228066525446,2
7.258336779822511,32.99983490479228,18.097746069004014,207.96015957349525,3.048496754943522,5.0,2
7.154353557201583,44.42410040456894,35.86220928043382,134.40490132403752,3.4686996160910026,43.69253831068084,3
4.713625241039409,51.34940050514446,38.213712363590226,162.8581472085081,2.5332436634260307,23.141940826090178,2
7.518092103919129,58.600270476227095,6.839507089141662,167.19221138894005,1.7152949612452055,26.822977478620057,2
5.106295489235363,43.06053093789765,29.2921875956048,162.28631421792946,3.0765821306861953,45.993798111828845,2
4.798969721097563,32.452885296902124,44.46028814241329,214.09451239700712,2.5994874524438463,17.58689105690314,2
5.979842634849931,83.72013899540889,32.01466494600738,190.18871613735962,3.520536115912022,48.321177016101856,3
5.621310914826965,98.23280383577138,54.52935678558755,84.02983902492888,0.552032147219665,32.396610909540286,2
6.167600458422441,52.86573343764051,16.6246533291922,144.283445047033,3.2795378740699372,29.465399694825138,3
4.338527548212622,34.864392659582656,50.15324230229825,149.30131588851023,1.9661309912949365,31.438986948411497,2
7.938224459701509,79.50908262084589,53.708346122889296,257.5770531847503,3.2269574061203334,16.585150076463968,3
8.191529441774644,21.064857873430697,54.34744713762305,133.51044093772651,4.357634414056126,8.510433143391268,2
3.5789862887887787,43.30453350590345,16.51215423018432,100.8758048331909,2.165628373327195,13.195363181654109,2
7.9676867084998255,36.077658973073966,44.71829193786076,171.91627147383218,4.79508077365527,35.8741647395882,2
5.284207055267561,26.809288990990225,29.968688222177278,174.84928598118896,0.5,15.644284698555438,1
7.785463305474179,44.39951534156461,18.907863370256482,146.3113568135154,5.3157432457820795,8.4590163274366,2
6.397330261000376,32.7165584165207,33.79198412539437,138.9869498514555,4.8577410785218715,24.206833582451175,3
6.5431633461214975,50.25308928297309,26.42533012148786,197.44519780310426,1.6701155461343078,30.74702330820446,3
6.222353525868172,50.54354335344928,53.811257022458044,107.32009228700898,1.6826618818274117,25.386512848694277,3
8.31819380635023,37.57336552956041,47.69595014520354,132.9523328565732,0.7575660703661753,31.063870302825958,1
4.640617981212458,42.58973286812261,22.713332978366985,123.89250689433062,4.382068188180961,36.55013377560438,2
7.411760508102513,45.38302064192579,29.136680292536063,204.6947298810294,2.5043837809767036,30.71278582472106,3
8.151995247334325,66.19692122238854,34.289538615750644,164.27471016431718,2.394345149911791,23.459471922322848,2
7.574510120810616,47.031411978716285,38.91392279023154,96.75029513393648,1.3157775558921143,19.5568232835345,2
9.0,66.49403481572195,55.09567412205671,101.77468033686156,5.717960841653142,32.70804615264781,3
5.706579855912952,61.71625967109311,50.361734897209494,243.67075618060755,1.5408586055251907,27.75314333005066,3
7.935957233890297,61.430613938014844,40.7708795346226,204.160887405352,3.0362492080878547,16.39233483005212,3
6.340864046987869,77.75691940691947,36.090267251576165,192.07751407617397,3.3239545645885418,38.021822064876424,3
8.350109114529005,27.612182405081803,13.399689480887918,150.61234704866712,2.401993225736542,27.62163150483655,1
6.488466506417946,40.536337873857725,59.379964391890844,225.42366200602044,2.098663926562369,31.529134763401085,3
5.918186327206295,85.26597600599138,33.293551032015145,94.82976070108708,2.4461078334398074,21.079814653348116,3
8.459108305807444,44.85366998821465,63.322603606393855,187.64837561022452,3.847999999129493,36.307151145530284,3
5.762657091471605,5.0,42.94163938197753,127.83632467372183,2.479414267482191,9.146417313283946,2
4.380911361649166,45.94063313704229,70.37926312932167,137.55533401723852,5.438318530949294,41.75497496010796,3
5.724729675239257,52.698790603264996,49.09482300049474,186.28946324161936,1.8344419712946067,5.611605398115426,3
7.428549419882799,5.0,18.519705531686817,142.8221245659246,4.131160129005514,11.233781344374474,2
8.588058127380638,76.67871279775896,30.78376779608182,128.2650070269371,0.5,27.518302378463556,2
6.666694062944768,35.72575072268796,37.462975589920525,125.24211759560373,1.8346124477460166,19.692438671946228,2
8.477295600851038,56.57126230375031,26.89325669337514,50.682712724443775,1.7755617508811792,21.716681027313076,1
4.46273761778361,45.48036909311875,34.34408774226934,188.1601809637828,1.3441297002545092,19.689096191640285,2
5.835104802773145,24.23297161591917,19.49591262126836,99.66849636006033,3.425208760883407,17.16924611011576,2
6.067137324268848,28.589837307291603,40.08581921648683,242.9204702829639,2.834719209611781,28.169774543828773,3
6.328160858791221,31.29834327144906,43.5611792351641,135.61937250925035,0.5,24.514382412346066,2
6.626141582375295,71.71343818367276,24.93835889190822,215.47198987229788,5.993303158878769,33.848340058585876,3
7.536366436088289,47.049236237996965,69.10381440222868,59.54844836586595,3.2640242915156445,25.801718322900474,2
5.832789742744264,39.562689668965064,40.95269891920688,186.57415105992993,3.001766031773618,20.831843596885317,3
6.708543030429689,31.307821748195373,27.74888700815632,199.42778662559058,4.9651782728954785,32.74468188796533,3
6.432315664513922,73.92300443052252,15.556910500521742,215.17818171822168,4.483291334087251,6.677624293942781,3
5.111165144163275,79.28402545047174,40.89914334095753,73.59806136066933,2.5527400591522524,5.0,2
6.329499966377847,73.69487797413362,36.092672007799706,114.86406814565355,0.5,9.121778583469526,2
6.2845107051543225,59.848746783083335,51.74561360929665,178.825497637804,3.8465784679281976,21.56478229894939,3
6.252379152495431,55.79660083741423,37.84944602542048,157.42209894220548,1.555730737877021,28.914681181805456,3
6.547639184872176,25.68124364048197,22.094218265969097,164.66798212819174,4.858896687884136,5.0,3
6.613510310920079,45.08361746577885,65.06077444266371,131.9856697095334,1.835754506103461,24.883897881587867,3
5.8515572313390045,36.32279593307127,46.53437319260779,227.53993075278456,2.322199657215039,21.454221979246363,3
8.409072100956898,13.489757820305805,36.18836932602462,280.4232724139907,0.9852283580409913,26.36962110539343,1
4.745779056195476,71.14086838330732,42.46957797174608,155.19899620045445,1.1065569584957489,5.92418002246027,2
5.418544837295156,36.083401072154494,47.11062934842487,172.67106227526259,2.836386928951641,51.152666572921135,2
9.0,73.91883814870614,18.567150791598472,152.81218728114087,2.6966107072605996,25.325070267763163,2
4.943012967516156,67.63492801520024,42.36541329944215,214.20266995237182,2.286176079718726,12.828212445024302,3
4.469367987935362,61.13435953266838,33.248147900591626,191.45581421284055,6.07951743601332,26.294412907633294,3
7.6017151175018265,62.25768143526368,47.60949978444627,96.68097146815782,3.9054695491798626,39.94840126394109,3
3.5,37.69372235852585,28.897271130905825,119.36489947526775,3.0153649843893793,12.133506061780624,1
6.147089135041342,87.1570030258133,30.929472173543765,99.53516034970565,0.5,10.051973734399176,2
9.0,50.86250861906098,64.94306647846086,284.74111660977553,4.238652343041476,23.819601269724018,3
4.182596116769899,56.03863370237408,58.46368136323204,181.76558917910344,7.4918044471711704,24.672971904731874,3
3.52705327139193,37.01847332866722,5.0,120.21568869451089,2.7180746167169354,32.09404817141608,1
4.251228197063453,31.376694784460803,57.351429736964675,116.222397968758,1.784231215301727,39.75292849318348,2
7.847539352520478,59.54592017618847,38.895219606133644,190.26156364834551,3.2449869821116515,32.80000832064024,3
8.187165079978719,54.35026991877571,29.37726905651482,195.24600748295668,0.8528869010216811,11.123131504217618,2
5.7311168045322365,34.21295268194845,24.892378964385248,189.9053856542205,3.693090816399933,14.289581646144587,3
7.524818606001603,21.231465624491918,25.763235575800174,128.72213206751402,5.250328445905866,17.016993503692746,2
8.585382991267984,24.601538253449057,29.800960828623772,165.29218222070887,1.9936033491984544,32.77675471457298,1
9.0,73.92267434182214,23.093011244772345,155.5457548816692,2.042038825851094,31.06706100055349,2
6.130497078230228,37.73492370699857,19.681005083910364,103.18698137807866,2.880456256904489,37.615369842172086,2
3.5,43.221829086483325,24.39429773734134,103.67530785619891,2.248171152153393,30.581135401190465,2
5.26868161638547,79.00680517518124,44.85090782598531,170.59825222715676,0.7315241881863113,18.725288495512434,2
5.859793707597113,27.55698877027171,40.751352228561956,159.8225540521829,2.4221434611231727,23.03199322664711,2
6.111591805132414,35.46010348565886,48.337846773277846,177.66758554211057,2.119486171037948,10.385782534053252,3
6.21821089848692,34.624663428786135,39.004452411849186,189.5511519346859,5.049832295001411,31.281442203822554,3
8.178341896896004,82.3613696233208,20.399810040328124,224.96913112487644,4.733062078180017,18.739401540794866,3
8.411642640031372,89.86767001164827,47.41661385240409,111.20478069419767,5.095969462870396,37.24298284856246,2
6.242489519112825,65.03126450804342,24.92966081687628,181.51180993626912,4.202587502545063,31.00296980154036,3
8.147727314077727,65.6676944830848,49.69921452983401,187.45994082643426,3.3086743672216135,44.379995262491136,3
7.036492049946634,38.39289994294538,22.511199955645587,134.39347937372779,1.6883879588334452,29.19795910081718,2
6.596758959293858,88.94656973808566,29.68785060394712,156.09315917846342,4.989173441478197,29.01073250253323,3
7.859816235664946,55.35392508717324,34.57912539148128,135.6720721651963,3.5216841551163554,23.174817065450863,3
6.6083780723568735,67.06220528899479,50.11607201585423,255.42951916785876,1.127954478397422,21.15424197578214,3
9.0,47.88950122458092,42.63995878191093,155.2426345220553,1.629197711718132,22.41348158813735,2
4.342383249808162,44.639348253447785,40.300019832263864,172.5752554355697,1.1043822269046757,34.99148024742264,2
5.727243651361974,83.26084519192236,68.28503177582958,136.80078515413942,0.5,11.513895338178381,3
6.310221654569075,60.79447359476614,12.445252581622817,126.0182716874605,3.5827832774236947,25.633272026698958,3
7.159179035686986,79.02750922140763,24.424335359491735,84.89986691491615,1.1431869422511793,8.336686270886329,2
8.401940730654633,55.10656343490089,23.78217282941513,204.99343123626664,1.866082078753874,28.72975148894301,2
6.463402149145765,33.03266927153818,13.440215351165882,188.42187486983005,3.0582594429716514,20.414703842774657,2
4.366655525740689,38.33314134243024,29.207207306709588,134.94517777801076,2.7181606141691206,30.036219655010356,2
7.763770844682506,52.05930484929221,50.31653745695059,104.98150484680286,1.9298372380077438,17.57501850335162,2
7.6324381492129465,37.46999567913346,31.12528902226373,158.99542632100716,5.278393519592637,22.430215766659273,2
3.587212010930891,27.850771827446188,35.004955420205356,125.11515968515154,0.7100182623714764,31.323561148830777,1
6.494293799493801,74.02834063574049,14.161677581795768,138.89787156839392,0.7749507774743902,26.25881278055721,2
4.114787253979554,39.102598583529755,28.05211637259479,86.8220027698558,3.6867658613828054,40.427933359512195,2
5.503023353746906,52.76385495582641,33.07451926618624,160.8534790324015,2.06080055347405,20.184538689493632,3
5.145786609555801,55.9226717977121,49.63600633820671,161.85016009943746,2.0021283352972223,19.32012310929793,2
7.713897047362979,38.23693749358863,14.876254031226683,204.73614421198423,1.381445953281058,37.36791810103628,2
6.675245261258276,79.01598932617479,33.17486881418293,142.46292156836967,3.5073017797154513,21.32813467042826,3
4.5716134988659585,27.657164775907745,56.30227045103336,133.32187613980818,3.3384478119196945,20.86781729715293,2
7.820098944436014,55.232505271615416,33.32375071565104,72.16195669413874,3.1786846630101713,28.831015063394965,2
4.349291264107379,54.922354127531676,8.266578788219817,205.04804741813146,2.1255646180184895,23.36146139836757,2
6.995170685706415,48.91490794271704,59.18763666022287,194.64115582784797,1.8734555948830423,21.884546738808876,3
5.278983996062666,24.06174773456035,51.023454138074996,151.4369220703401,2.7553592421422244,18.07004267302332,2
5.95148437620422,67.41635103726928,53.040957626181864,83.53844727348138,4.449809713854768,38.62324949014687,3
7.256406122057576,64.87021340669193,13.843245298819092,89.27364844559291,5.35223909720485,23.49356603891541,2
7.2821740985892935,36.48862942817567,62.68683588770821,122.64470356178552,4.667032969544747,19.378516106188275,3
8.50545361033394,64.14974414410723,28.400858723332032,198.26128544333318,3.7586060128439494,22.031164142640694,3
6.376619450492821,57.498153726015516,32.35841583669654,164.51688176208188,4.4732642592578,28.54921498753137,3
6.959676294445011,24.387757092777832,29.458342510119948,75.33214055591124,1.2270961951691324,39.612840197374496,2
5.843394016393513,32.92142170857285,54.204057729328106,170.21059573001105,1.929344588121359,23.308808544136493,2
6.7729848239341965,72.76562889779159,37.303024712420566,108.04267104145714,3.7865977585512973,16.37205706633919,3
7.159229072012767,56.188323702841004,47.226115488814386,123.88938867439273,2.8227586994273515,44.18869254267176,3
6.352535228818436,38.713941083787475,41.138515343265524,198.58690062608525,3.5062595692295186,26.355509644092592,3
3.794374273861256,32.830482176547164,38.57436994460619,188.27520418904157,4.469197786535863,23.94072613478958,2
6.997206344496343,39.692124037691585,25.798239043807058,204.65499414127117,4.236042426646239,25.71834597907964,3
7.046842216033186,41.11040940244591,67.18210880961648,148.8433240457894,1.363554734900704,12.545400156491773,3
5.479739785478074,33.08073934741496,18.049095572421564,194.15122789330934,3.0177664591478117,24.545943338309232,2
4.573419445891229,15.164717752333956,46.183809610520264,120.69318681184714,1.6187661272079215,32.59607967625425,1
8.713818725755948,72.80026572801572,45.64984888160918,137.12170326973532,1.8340229420398746,37.20120252705624,2
7.2371682663416035,69.41267345222886,57.31534429228638,133.68533877976046,0.5,21.417895028023338,3
6.156378453617435,24.53489096386281,60.82135048568917,151.1932509112247,3.2004006635318225,26.879534195162304,3
4.794450675278769,52.72622591127335,37.93917100874837,85.67544568439608,0.5,37.3797374544544,1
5.267277757367982,31.95523594570467,47.955914588871295,138.7497548438319,3.591199858278266,25.37528848547785,2
8.453885595179347,44.76865553546929,66.47310565678764,222.58286507593692,5.037671416474157,32.194747311196416,3
6.706492911302069,43.10466840252687,39.02234849616622,95.3735919094283,3.79550417847077,29.24311272637847,3
5.67411939949894,41.443315685642546,24.00349787402235,83.53393590424838,3.07783253675364,18.357241212123288,2
7.264533846836985,90.05894168152572,34.23297830950868,87.5655836168886,5.301672188104644,15.83865416108422,3
5.278402718830515,41.19348630647619,20.430310020782994,283.0929722037321,3.4911685460543413,35.593212352836645,2
8.751264545420568,33.8347234986615,45.577252164920836,173.24259904351888,1.705885021069696,5.0,2
8.529200802345088,34.74837141005904,55.96684312210953,136.48673078293086,3.187659677596731,18.313771374360936,2
5.800138893195835,70.8755391280351,38.18437761898692,153.41602065040684,5.939537250891224,11.046995309120874,3
5.556994629453709,16.957953366141304,15.685599258195392,161.3819699623409,1.3610417480365236,35.60793886994813,2
3.5,34.747541671289596,55.32476252586516,117.97750121353099,0.9298141803979085,38.64781472526078,1
4.277628842672948,78.93645680223068,13.35551557651332,124.13916256454486,3.9223629710123085,17.756673874217935,2
4.490795337563366,54.87972375995294,16.81067833115438,142.1158433898985,2.6639202480553696,52.64903143154464,2
6.702785511481078,53.838440100722266,37.32492418757922,113.7622455882547,2.201997186750222,38.77216542369513,3
6.010649443337961,92.64292920287403,43.776778685132484,130.15326964894058,1.1112308696972406,26.971553060365277,3
4.481996768877138,54.92695905896998,46.333712481375315,167.65457886651728,0.5,39.99989514241165,2
6.078253936303164,35.83627677280835,39.0079067193029,100.14234101899503,0.8153549417528692,18.582717068423936,2
7.258005721471022,44.35845886247303,66.40065647702286,280.49747104739265,5.422388287991041,22.234092663271657,3
7.291759024873381,27.291353819388625,40.977525116248025,187.65783054430997,2.9866886352832833,29.632104094291275,3
3.6504945787116783,75.11874080031393,55.52002152629404,86.49576307436742,0.5,18.0794832598393,2
6.307604779274254,61.49123435073431,51.80431846142047,26.104824544969404,4.776128907478146,12.156896489017772,3
4.424988834542584,72.48828299941778,20.606894016932056,115.62483574311108,4.852250950520961,15.620080571703914,2
7.852593045710411,74.2596785709874,37.45404269071718,184.21803248036235,4.843850933524254,23.033163690174202,3
7.676219624530248,41.715784381449346,71.84980769921529,174.52349472250523,2.3662030357740003,29.69315344754726,3
5.152959160513312,31.104942959822203,32.43473719089614,144.45757448256936,2.5967840823861428,21.6210953405389,2
5.3509321963994,48.96573777383908,29.88069213464964,119.92787694284573,3.2064417955621267,8.60157575923013,2
5.808099424252539,32.544778584229235,42.558633722155335,104.7934313004035,5.101569761992026,29.703205105842162,2
3.5,53.29913750818049,32.97220106109922,129.87084644452463,2.167648471367049,37.73374140279025,2
7.003952260160865,72.64193761669378,28.094431307466422,99.38100130861989,1.868380133128929,18.400552098490184,2
6.090733180489804,46.637207079016655,32.7507490855362,130.05611218957753,4.043515302535738,41.62790594176675,3
7.955262623851789,52.99990179815478,61.48014507052938,216.5475467911411,4.813882100774492,33.68873142169757,3
4.852386173056171,48.123087675532666,37.95071962783641,111.43801003753002,2.920813958675164,14.4584194053453,2
5.571315577625103,66.05455144875395,20.07887450867932,180.54406415259942,4.005659861702909,18.52090563740758,3
4.240212112941327,36.6443521142342,17.323801928677536,188.17119064921013,3.16867014611105,21.87020046577198,2
4.99356415475862,6.071074767138015,73.10207398081704,96.0199340732042,2.6231330908432184,23.147232741294275,2
4.727027005897671,59.41737718750762,36.64998445848847,107.83140627202482,1.7560827022712229,5.0,2
7.9939605182696685,69.75668842615987,46.518677514481276,203.4471718493395,1.2692101478295768,17.468406284456385,3
5.452607226872912,58.927484895170714,28.42934160490586,103.7117980174651,2.0778509073442297,19.463656713543852,2
6.68626352711692,37.19539009063972,44.814789539071235,147.12571253945984,1.5359112211972152,43.90559905361063,2
5.928854894207293,27.29975803627862,61.88994477402298,251.99919110842626,3.425223799589145,27.269256263750773,3
4.59580210098078,59.889950635606425,30.216052243843677,198.9916128530682,4.82631865112518,17.019846197392678,3
6.247549365242536,52.829579058693476,46.87880169922874,154.2615225867783,3.3060140270563494,20.614692819973328,3
7.398654997795392,47.484147446833404,18.913805861644178,192.03652872656272,1.618944990469994,29.250875521152402,2
4.688360911184971,86.44926685987582,70.34299177550187,147.2038957342991,4.283065621538939,21.22046164770987,3
7.713669186097068,31.063998116373366,44.02803895366862,200.91159166017368,3.445322244149563,19.14653810894675,2
5.225418617783456,85.50074042254931,33.808092334715624,47.686728432676446,3.7422390310676703,19.46791494964973,2
5.775524110890739,50.6356780974128,35.531888150707545,143.03670018125274,2.2209484333764564,29.797303743749975,3
7.296024684515071,13.288590462582505,32.34942738228497,45.68300467035891,4.700064858477739,11.182849819831603,2
5.504845764170768,46.415946913617184,33.1164225381476,158.06775941159145,4.692398547268432,14.131005907210877,3
6.556362289003799,69.18992153198882,5.0,138.19110508636507,2.723899283012342,15.72355129522582,3
6.0279637568178615,42.698899343900585,38.530514018548665,218.0364923321165,4.077677769904386,13.959062158030198,3
6.694052010055728,20.5044291752321,37.90181979091432,185.59136842988335,4.652233728107502,16.76366122145277,3
3.5,46.7097093640766,47.329923058907156,123.69561562299668,2.301941660867219,33.96862218191569,2
3.7554772771878757,32.856552522165885,32.1528438033771,129.68918717095676,2.878142028547793,35.363558807402185,2
7.4239505090702576,59.83628802175925,28.434455287884663,169.03482651148903,3.1196870358036097,27.717070527230742,2
8.055772108473576,65.46799632135223,39.88337583320537,121.37197037233636,1.3532697626313035,27.148127762431297,2
5.134269944702718,28.874591845037877,15.814478228642741,148.38136068077276,3.662493767331611,18.30018061199969,2
6.133957471743298,35.88391889768701,42.151347813018766,215.83490322574346,4.533784223399111,5.0,3
6.942078879353453,65.13284930213875,12.072711107174186,108.54349082348108,2.7841709756732285,26.438516332463482,2
7.539826402488057,32.823114434020816,56.81227973246194,127.61628170218022,3.5097750815284017,27.977364547661168,3
3.5,28.3568372834401,50.264049334911626,134.6283827275342,5.097871193877264,18.263249123833187,2
5.170939629532434,26.426177364074906,26.1072118536398,307.9036713092812,2.392272187795578,14.239281320550315,2
6.001130930225187,57.04077225916241,49.917070200070555,180.41213312535837,3.5403974964405056,12.265844181497458,3
7.554710295854074,56.18315439034929,41.67271336380822,206.6034169523921,2.145281697495489,26.67635705965587,3
9.0,36.31907939241917,24.864846533727103,188.40628559391922,2.104340551395879,25.819041650006376,2
6.157991409785423,50.10170792256468,9.656857641563658,191.76969329926496,3.512839892209181,36.945563195051804,3
4.389533806844017,80.54264768310262,44.746535251396786,173.6786768666144,3.362054350969931,16.945569399093415,2
7.103402115801947,30.518796861635565,28.08577229297448,168.26346000295462,3.832604759291547,22.120650087679024,2
8.481493684311065,10.965147819791014,56.424543545441196,77.46276727657317,3.114238124436674,25.172005923510397,1
6.662021181469251,59.101511514407406,40.21050600822777,167.89322781714696,3.697714225948732,19.50140921620542,3
5.140027182268561,47.79197672196823,29.506259552540243,144.5828203803521,5.498278458107054,33.39015910957693,2
7.936990912220029,35.79949826369797,66.96758099635707,177.27284514247475,4.589865607958366,37.381460940285415,3
7.495318427747653,63.04160474709816,48.64669738904508,146.45704166797765,3.5075725481167326,13.94432914620056,3
4.960878733706563,66.7845028933758,5.0,188.1582146363996,3.757360497505006,20.419168195894414,2
7.072138426301513,5.834439602398149,32.704123468137006,196.99662855745902,2.5516469797436963,38.2455496212556,2
7.995898351488309,36.94804181337023,19.23866511981365,20.0,2.7612163632931064,28.23163968759629,1
8.27283506383834,96.3503246239371,28.003030934195372,128.3053590917021,3.7386913960071984,26.17211799816219,2
6.400326537035816,61.66809831596382,37.82901401622196,57.13065470559367,3.1314753370737884,28.412403660347056,3
5.962880830731022,63.522072765942994,45.3107276288132,161.94722773209972,4.189528014347278,31.558894429555856,3
8.340910733121895,73.45788557262956,43.920486131703605,134.96458110729998,4.9006095051690375,28.891637967622493,3
4.684759245528673,50.341376503994525,56.16809614847203,217.79142352933027,2.8473510585093535,27.135950125704653,3
7.157868936381508,65.9336832018324,49.54897566263,160.36223309004387,0.5,25.095750522161296,2
4.444960058953356,64.36124087674405,48.62120393688258,125.72350117681434,6.051283388685917,38.48224306920778,3
8.098064408389405,60.78082993505518,43.02238484699912,196.92857699227923,2.021258350393122,22.33715941787299,3
6.112931726583258,43.55976058765191,59.301982790888516,134.08987710862786,3.2927425546480196,25.012370176020273,3
8.402874853471204,53.44117844732518,35.25585185213624,125.10012220531658,4.091238430090461,40.51993532174416,2
7.23711913453329,38.23276871386444,35.64545096897214,169.6812707320928,5.113460308264624,28.257265145978078,3
4.665169654907105,50.2562860913299,11.416399705412047,230.64856949697355,5.709051312855189,24.33414259661206,2
8.636941598115865,26.630182158014662,55.84246065715054,192.67759541199112,2.45419029334881,31.307466866555213,2
8.826867899641595,34.18752017454095,38.84611366331268,178.34654826407382,4.7845346504143915,27.272895409065562,2
7.823429738898824,44.35375916150141,84.00408559256908,287.5474266760832,3.2969698700622967,17.608847770702095,3
5.35761820244567,31.125891371398478,33.91700962356313,113.37949818202537,7.1148055053185635,27.45101624714816,2
6.040979068463887,39.89965458509647,41.32867194125103,112.26410815289465,4.65066708639006,16.912326976742055,3
6.718140826108639,46.72148046488968,48.197574304126206,157.27847402198714,2.7337888673815263,43.267723426012964,3
5.44443440100285,58.04524689328755,23.471500405169305,225.75131920523572,1.8103907742076562,27.387769499520143,2
9.0,68.98514603705819,45.378215708188414,102.91570118526987,0.5,15.61792589595813,2
6.716489707589055,40.72431257243784,40.51992148085778,237.72862987815301,4.012013894820207,21.07369138302907,3
3.5,76.70209234537248,35.44467715484743,78.0438755295806,4.51267313698613,32.59578250651709,2
7.00903371913433,68.77222157250986,57.5890593811451,143.93909746394107,4.118190666599936,14.088709657430112,3
5.97776390477403,60.08187663887884,26.443769231340163,158.67328328343248,0.5,52.20464346152433,2
6.387610165822328,53.07298258593238,44.12353169623332,105.86840418410489,1.112983515465801,10.447471563276551,2
5.94707095132145,56.382416837370826,61.819964370775686,118.93828175338996,3.7212352168451805,34.25654880851382,3
7.710569624910031,73.74102301332763,29.400673660655524,189.83152396678327,5.678285603221187,20.13390795498545,3
8.179531667830071,74.47159319518548,35.546710259615516,222.07778712556168,2.9166692959159453,16.91133698478417,3
6.924579743387981,76.69893456767286,75.17956845207743,44.26948187519892,4.637277384887525,30.377319909182873,3
5.991033219292762,50.826536637540066,47.11586597734085,159.01181927296574,1.4483897648422543,20.460429047046002,2
6.4379941927862445,61.09934329997226,32.40703785036074,144.33455481920984,3.3106920489784857,40.915528507948586,3
6.529399424866442,76.87093013244103,52.03937140117717,155.36981778119753,2.5880098035652437,10.987081250046995,3
5.296354940202745,37.52567930167214,31.47859672613461,134.1616762191899,4.78138421074636,30.622784750420724,2
7.368392972856852,43.631662925633925,16.526261137598937,85.47565152218363,2.190245503595426,22.24777483084731,2
7.1900634857906995,50.32073326026957,60.58545917897755,227.11484890223105,5.51551902579741,27.962788881397916,3
8.81066185966501,67.99197475958813,23.454111038034785,207.96647991653498,2.5384312745700184,30.140948314654686,2
8.383024670432713,68.30344301437245,76.77568937495937,144.80054055515586,1.3952055057717496,7.683814781510719,2
5.471487623614805,45.3827177760413,32.66001436806692,125.58433937633286,1.4455390233931231,27.3400706641833,2
7.730447561763447,19.827810912405802,71.99897022342783,119.52796854970602,2.0663593014782125,35.89053394382037,2
5.073569925358292,54.923678885919344,19.469933972199133,20.717338759276004,3.555850991884075,29.663871296200853,2
7.543898151411275,31.633677253431976,55.382403793993795,167.69100373012057,2.0850300374383157,21.312295011153758,2
5.725078701859839,20.20127590719555,47.49589409476975,189.0161795151422,1.7692839365235422,10.861951547863608,2
4.965120164936623,24.72256878532567,52.566193383327274,156.89510580548844,4.334712077301609,30.079503789831875,2
6.920068014046107,56.52762015691121,54.52034060014391,145.68317827001238,0.5,43.7610717539531,3
3.5,77.22074721865614,32.53382286578242,156.66917542432924,2.3551775453465247,31.618690189025912,2
3.873536638392158,50.77789032472488,20.367342369955026,107.33870096212117,0.9986427783972855,36.57718917129359,1
6.233762174338575,54.22761309291929,39.23623404491173,125.02223863148343,1.6971683424842676,34.33016739439527,3
6.623662649952264,73.6578987775585,43.34545386377701,141.6833485883921,3.365624885383629,21.0692113539256,3
5.946021844762717,19.110901818328916,32.92233068266743,184.8338287382448,2.6921510324474323,25.904879965308282,2
4.130845551923602,60.40352843200543,44.163309552397926,218.94291866475558,2.5566510532943494,33.685231934970204,3
5.273162236792242,49.76820431362358,44.9443829676211,138.5426078513522,4.784263318446397,9.202798496008455,3
7.086813990856091,61.32114917664134,26.34960330184201,97.7607231217292,2.9795727603803694,31.517430491753387,2
7.3726726559425435,40.33032183192368,45.92456922535698,151.7823395381715,5.709085310410368,37.589178216756196,3
6.475665323606088,33.64125419147035,35.99181964458032,250.57455562944608,4.068287667001147,24.4864073573318,3
8.235250671555484,52.81017808571211,29.500286496949435,102.10967824331328,1.5499354177015365,33.14019785568526,1
7.0960955351888515,82.98382646668924,51.810627073359896,194.29203735664063,5.901137955427282,19.456283063865087,4
5.378816519062681,67.21820209082925,28.345131824596834,216.79802780603026,3.4171580167365176,25.382343228464922,3
6.079246919882574,39.84614459639817,33.149986151429104,131.9992570087257,5.807621788859819,22.268876577121233,3
4.395700764188218,23.180559280374403,41.080762752799835,114.96377111404797,2.6008566854508612,29.59812691166792,2
6.337791514412875,16.358654326044288,60.61467430981358,178.74783414166262,3.40834762111189,23.954743912649217,3
8.168150928832008,76.32198903700963,42.89176116586447,167.66083864020825,3.648171247987611,8.238206090525832,3
7.527935127066452,30.89835423728345,47.924324987120016,184.73870856604435,2.7478293386734207,17.818725599411103,2
8.603013988878683,43.48973174010127,35.535361960052555,253.68547157449024,4.9078799933803285,44.4250859235749,3
6.04567213430151,76.42422252155153,38.82265563435489,158.3523276688282,5.8988730127564635,30.67535182758469,3
8.519149691771386,17.721970890420167,39.26684149720609,90.38875755219489,0.5,5.0,1
6.210043660328045,79.84529018950118,44.39959354025537,153.3320001084212,4.222227562487267,37.07818751884238,3
8.70737762385484,44.92719092214996,35.5604864042761,162.07783971026905,1.6582442852232222,13.471786441116931,2
6.467214878836814,27.028333695225225,60.09999828214314,213.35843185441246,0.5,33.933748097275014,3
7.560847060706415,45.05298145702174,34.40250642246787,140.16178022861484,3.7755273846962893,37.922341745522665,3
8.712668546464784,35.54806437197045,14.39138297191949,129.54660831523077,3.778910246249818,26.01690023754448,2
6.209858557128191,58.816395978114315,81.14194906555029,81.44030019167049,4.020190762592826,15.031071109416686,3
6.827583481316261,37.03735132224445,35.08946963584372,177.3706396032065,3.5565418168552867,17.84836193447615,3
8.433295137809454,11.767155781619138,59.69754680637021,317.4103592769487,4.312537834925513,31.292581392963356,2
6.300495254104905,45.58874931182021,61.07186262939638,138.87045079980305,2.0954267979836336,13.645156650409909,3
4.518661576240758,22.86909895426922,54.178214683755726,172.59774772609745,3.3950015837323777,19.18106851024303,2
9.0,54.08639767976639,37.029591706038964,122.60835733425185,4.047249402642854,30.128939818892956,2
5.795353303494295,26.257393354333516,44.300272298115146,85.93575400020798,5.029434183839064,18.488252699025317,2
6.738134076406315,40.239743936558284,20.882346860426093,171.71179696002653,3.065768209128201,39.207813824373176,3
8.23401000417669,53.651756084286724,69.85221660727414,151.4094141718596,2.6793066520537354,14.619205612018959,2
5.587259144403197,45.75082549931461,27.222910027259953,30.722292846708825,2.917141658223502,5.0,2
4.988198130166804,55.0086056600209,36.19148555888687,230.50143578700596,1.2096103418308668,17.21779232185998,2
6.88060594516225,63.60574331435514,41.48479730560376,170.7982188168558,4.154436428581938,28.101234130895268,3
3.8103854031314155,26.84132600537388,38.3884036774456,153.6947775051802,0.8140246398024411,33.63329912201505,1
6.06814088469812,48.71204918750584,30.14690076559909,128.90115679538457,3.586446154556044,20.916113994646633,3
6.867557996473109,5.0,60.91508578082032,170.2647055246546,3.1268613333891815,22.227698306731725,3
6.095072154762254,54.94666603365047,54.254189252324196,172.56979762080175,0.6735411518741605,24.691136111899613,3
4.1848235852213795,43.98371739250315,44.8307080648854,170.0660686863356,0.7590808474023056,42.41912243596983,2
8.891266934306017,30.331004730440576,34.00670416004875,203.39965222517446,1.7194627905303568,28.787589527446414,2
6.655307230923763,56.31438844593048,55.96413807766706,214.7635616916673,2.4840870337570955,20.072268374514582,3
8.646728176642611,73.45395154370135,33.03297050833652,250.2796531809198,5.220718922477122,45.517650982022,3
6.109945624729333,40.47964504802114,63.55587760506724,108.15789087756391,2.8338972505068014,25.11208238384342,3
5.179982027463854,31.103710195165597,41.66831373225141,121.32892431163913,3.819730403507874,5.0,2
6.903771380382739,53.300505248774236,58.44672290459073,168.0591083520819,4.899908065917159,11.131732393348756,3
6.176319310507671,23.287866667072787,38.29269510724625,111.04545706311075,4.609750936728896,30.582367416387417,3
4.733357813012963,36.792372589289215,41.07299773061417,119.09924638138897,2.9894104306940292,7.227727753624965,2
8.704676388181245,74.44804323301005,58.381315921879995,173.7614790753315,1.941712086679921,29.980510846126784,2
5.5665946656590055,51.24358459624575,72.90887727706667,195.0421177489925,3.748281839541529,17.200320389438744,3
3.7396004228066473,12.410660721076674,63.40550226257322,213.79639763894318,1.97164227219477,36.77716132005728,2
8.492249080935999,14.060167054411977,53.15701929066775,140.36927931211997,5.722206978783722,26.6751286654443,2
5.743552976281065,53.24171385293551,48.83925149436395,173.15764817689853,4.301697749152859,8.629775908045708,3
5.588264161076563,67.24781151835376,32.39576964610561,162.1378867946885,3.3130444561255086,34.142230459945026,3
3.8519186194550388,17.647570827476997,44.42844611658149,150.8828722589993,3.7690076490928273,38.63597551834299,2
9.0,58.99425214993017,26.304262240049024,109.19954173959913,3.2674297342703964,12.231666903239258,2
4.565779119185469,76.60687014979437,45.63673200527161,102.83944553987394,2.447505555129565,16.972113188818785,2
6.5876742210584744,87.75717975917277,46.6007599104036,183.3337389977978,3.747914892359376,30.023841826262903,4
7.868930483810661,56.62445519719753,10.587322877977126,108.35903100578989,2.635662149524219,31.81714894868252,2
7.1325753995046455,60.13605189104948,40.581079137875605,61.15405875864866,5.905032648656335,48.532456386655625,3
6.410518532011713,7.336311447437119,46.223123486336576,148.4119338354906,1.9609448995972574,33.9090855321155,2
3.9475012125688758,91.99505095991978,38.744352142914664,222.76201510748746,3.7631961378948624,49.007840563011534,3
5.285412746349074,38.490195738077574,45.37073258284856,20.0,1.825910260448734,25.194109739323565,1
6.781700507063783,31.330576831499172,19.87416634965529,135.5834863423244,1.8102537996999317,28.836266676600157,2
5.319238895019506,44.89587731120751,28.362035416596118,183.76074326631164,0.5,19.31871198821427,2
6.805039189998151,80.23346828370862,55.52407244745899,58.825178339259935,3.617212657159649,19.773970754249344,3
7.522615113222713,94.16092095087096,40.00857498468665,139.3333541899459,2.2013011334321115,26.47100330582414,3
7.943754328700153,52.508173589516886,45.098184719723626,93.0271377723729,4.625084278224478,19.174958335893642,2
4.660730963280975,69.9616834520731,31.80218258937132,99.6410942996557,3.619943088925281,5.0,2
9.0,50.86408097371008,40.292410349152846,129.879089614899,3.2223369870439504,18.331993186178476,2
7.651219016831195,29.24409053963632,5.469817297972021,93.84260549339149,0.88425183902363,35.76694125400196,1
6.497428769496404,79.53487341576582,52.690179076311495,89.68496484240939,3.8773579573019017,25.72809020223298,3
8.13430487461496,37.55745039287222,67.11899258428706,147.0384124228998,2.006780772120825,25.784094808867874,2
9.0,80.71061546743765,24.02473676178039,261.3569530267843,0.850741955772933,17.365550710942962,2
4.341919848414696,75.97082659538168,25.89501718735648,187.8871658723928,3.645770219293227,28.32950344725713,3
6.162106036262969,62.280725279144164,46.613198473562235,200.52663835191777,1.112561069213834,41.58658272441191,3
3.5,86.57949512508706,62.10818935760119,189.86312192094223,0.5,39.007063750375075,2
6.788977298972037,94.64692066371477,39.96854023925583,115.12431936603915,4.94570168220476,28.658689101034145,3
7.048091362887711,46.49513274071377,21.560229687812438,165.541611455808,2.158901995716001,16.46275956041011,2
6.441256826835861,33.82411763167137,36.8707414504319,204.8847130471167,0.5,42.671980630380745,2
5.518199643502535,12.714603254870553,24.55101879532311,191.41687338908957,1.5561122839853887,35.592426912616155,2
3.5,94.89364510860511,29.967305606968353,159.72755036841926,1.9184226043924841,10.191559730157788,2
7.060300525117653,41.20635982163101,35.43938351270025,176.00232470969468,4.716340935440966,7.432057975899195,3
8.683151725872987,72.7007371420348,26.06013117637559,273.1436982584576,0.5055483598760424,10.745685502602495,2
5.613472316399852,35.17489264981034,28.331414137381522,191.9721608578173,0.9916405773760131,20.06331678447494,2
7.1600898935347175,80.7653128182407,41.11801000333365,134.24203214011757,4.470604492328601,34.01782820121971,3
4.147783529869924,35.997648163691736,43.22553718205845,146.29814968677016,2.3254008066322314,33.77951467378603,2
7.185819595538771,26.165617327653138,18.640294992685494,97.29243017042765,3.3419291070170214,28.407198451812974,2
5.9099265533830145,45.82987138092499,45.945725837640055,267.35179739731484,2.2636120048982176,23.595459208107993,3
5.356373074095629,39.364485980767256,34.27099205302903,230.19348627217718,6.030855235232981,48.71308044014583,3
5.359454538175804,61.92599570922425,50.80392285328914,154.1606518136057,1.0654572661194057,25.339880378072138,3
5.909582626950485,48.97210145614953,51.7074628103179,259.0410059383388,3.4231735009173634,24.130146661521533,3
7.073649973538803,62.55404789103843,31.83188228567427,181.62000224774886,5.254434880886123,19.924214271114693,3
4.5317551982067235,44.17957053829412,49.212215410565996,128.4576791192091,2.4375209845901007,47.11993307745713,2
5.904327002648221,36.6978525796239,27.44565940451755,195.3226270259899,1.8693389168862171,32.20899910211434,2
6.437792333001278,38.328789042078526,59.85643094252935,169.93217358983256,4.150654546225712,14.655119964821148,3
4.851441163202211,90.89877596062053,28.01295698715303,191.89283891381996,4.506097215414567,13.470368612984336,3
9.0,54.50341864453872,45.2912441293827,81.54540701718915,1.800144472513046,8.19962629968574,2
5.219756779907987,10.32475581093911,37.1858628303358,109.48429214013652,5.193294890858155,24.032303744002416,2
5.495844629549764,39.59581973091838,24.74658228643598,224.42354150615876,3.0768316382218326,10.015228667171224,2
5.032538075266253,51.93732064951751,53.51373642677964,234.6568745782028,3.7631419441924003,13.323972042975766,3
9.0,86.90799362500758,30.788022866998134,220.75563634840273,5.232421785809269,35.68341348394016,3
7.329357842899222,70.57397431779799,14.498917525325403,260.93234517934286,4.153170338682599,33.9099631303137,3
5.095111990634537,31.565643270361697,5.0,178.86841491069316,2.999626236872739,39.91401978818313,2
8.159347338289953,98.36711507144902,26.87432958358044,175.35416814152154,1.9926118402236084,10.29679727547663,2
6.801048041433317,49.376792703970445,60.638626289484606,104.33965493880937,7.062758476023523,14.976798665034845,3
6.885880131667252,74.9265962214989,58.866077012554896,120.97342795768475,1.816475732920082,18.714353870021387,3
5.983284186871321,26.899830052001946,29.22102396478702,50.586953884522416,3.477193640970407,41.40084957693345,2
5.37587601956454,5.0,34.38317627947931,133.92569938161466,3.764984081051444,25.628821184480245,2
7.006649148581902,21.831370192632782,33.02630386665965,47.073695558337604,3.835964202927415,43.22025458463344,2
5.682369155006614,5.0,19.99851781825647,204.0483085431847,6.192025397859752,31.274442125576023,2
9.0,92.24178654505818,25.767521925649852,169.41994342752264,3.071355592633398,23.87578636449791,2
4.596063342135343,54.29065837772832,54.71724279101177,48.691537680195495,2.8574010962045486,30.73837941357062,2
8.804235159282417,31.507119631039373,47.55831807069101,140.5068153918259,5.328417086411312,7.706189939413672,2
6.333021726803299,59.05248059960242,44.096332877948335,248.382781117425,2.796173780899963,5.0,3
6.9486286010316585,53.78668072360332,19.97280082508712,143.7166924582128,4.314036507028653,27.592577106556764,3
7.749736649944152,62.41866791227983,41.51054821050967,100.08145281810039,3.2915847578949586,25.144020437085153,2
5.554626057493346,74.19062802272538,5.442325457679672,60.72488653473796,4.38146237423574,44.336175346125486,2
7.796372577047955,44.201576939499695,52.64204036890799,62.217669377805564,4.088172415630053,11.210502724548748,2
3.5,32.403213877980264,43.87862351105713,176.77899839280008,2.395331850897329,28.724524520475192,2
5.420015700167092,66.55550428743835,19.821513218502545,128.30636888376276,0.5,31.952785664185498,2
5.113905788988402,66.04665555768932,64.2463833623506,132.45029292002806,0.5,28.428127772933927,2
4.619740981442358,52.0147161624269,13.05753011247128,128.51266682780152,0.5,35.98946004911103,1
6.177567742881573,93.55108377361546,47.954592733744036,142.9880025267628,2.8632050291081237,18.6762775603394,3
7.078624952272542,41.24355754276696,48.32757653467993,88.6418500648476,0.5,33.32231638918445,2
7.553989997748959,32.00284056729463,21.40494340971279,165.80524968446892,2.760014519438427,30.615251108205065,2
6.861315135800611,58.36182855013203,39.43223963784825,78.86468781216529,3.2006510206064887,36.65854257784208,2
5.50145980265968,36.501242861730034,15.447582367707053,112.20787709793731,4.284339666895877,19.88836429583583,2
7.053524656737751,59.91033048289791,5.0,200.5413848832562,3.7565695089902835,13.137966524481985,3
6.686428542276276,33.339834883211196,23.98185659602512,168.81024998625944,4.352827602311718,18.714437699397592,3
7.904084251904024,41.99515434136229,30.750625866070045,184.28409231006913,3.620857686353088,14.369417035700074,3
7.665405054397275,87.81680840078332,49.66384271216187,257.5194196408943,2.514687689912378,19.350220163760326,3
6.545714620880943,41.888252865046425,41.011121275912295,147.01729948477512,2.8410255841288854,21.657166916864607,3
5.154120490758115,34.02296911965408,41.40318189079219,151.07301300124888,1.722534056603621,15.886085371371522,2
5.520574766251879,73.41357577413001,24.783675650746225,136.78395220748297,3.3421297925084374,25.077735787986025,3
5.6753159605429495,28.979160994266127,32.0498304393792,127.82929263039264,0.6237066744351947,13.209829090831082,2
6.027100499125616,36.14113539705864,26.051100851962584,99.47045863031067,4.599053181009461,24.267995767168884,2
6.90207564138463,61.53122241017989,21.625389894552875,154.20324055979262,1.5651091700522288,20.04777756290163,3
7.5727615851920875,68.76822847746584,31.094508595191144,167.75243032980782,3.230767982516977,23.78768973872809,3
6.423321960476933,74.4095278216215,41.11768577644501,170.5385169596448,3.4822175029613818,28.93357973433201,3
6.524187181850708,35.05556335559031,31.410422208636952,153.2181913433539,4.744084379481566,20.817689318961854,3
6.714959457500005,61.9201734597224,35.147459958625404,196.3085402409991,0.5,17.220374290117647,3
5.7261420303014905,40.677836009116405,50.42372216367085,151.47183453711935,2.511811195645968,18.454714293347728,3
5.1119116135355664,37.886887329787356,32.48868371963945,129.5349055883019,3.8247717535199897,35.23123276070069,2
3.866843154033935,74.0642556458457,19.990500535181628,103.65059090127411,5.626775269518193,37.763150281760744,2
5.457275962884691,39.00891208280828,48.451802824018586,72.55123942110356,2.9417584091483326,19.851010071200434,2
7.209718179901681,55.5640919204196,43.98774472762427,223.02075889682425,2.108481437985777,23.454668736354854,3
5.445632842940649,53.11158938461278,44.92989247258472,115.04726872563346,6.040483134300073,7.956013320153701,2
6.14328944386109,28.58491247322995,49.38757986303565,103.71664283563535,4.203841007782179,23.180593892320836,3
7.199646931118475,69.32185710712642,46.84962290961918,129.12308858365134,5.0604499077677705,10.48444500718871,3
7.281034244634003,61.20561787357907,40.43093038706956,136.08056067331017,1.1856889084505622,20.11662553319984,3
4.880700721750942,10.27418776259158,75.87178994278139,231.92562179513868,3.7816936561794163,35.77372413929221,2
7.995589034680462,55.548422224746865,20.725468805470683,133.59264484544144,1.3750121086304397,9.981003711391928,2
8.191025134033229,34.54053131666758,31.203740822671627,281.66917827008217,1.0424339952856243,15.979892394781706,2
4.80522521417216,71.94150612825256,54.510015470172505,153.18486023265913,3.87282009500944,16.02902573056626,3
5.2642446955382685,21.092003264384836,42.13879438143361,252.85141244856288,3.977771098377523,8.31146564808914,3
8.286636024719288,42.870460627409116,51.368845510168576,194.69646407153607,2.2769821228110474,33.62705477254947,3
6.2797197181170485,57.240491019769316,42.54634644305307,168.0518709922381,5.148055842836258,27.77238033801074,3
3.5,51.0868058828375,60.61084826739972,228.89240666187436,2.446470326490892,43.08854215041456,3
4.4004777429009705,65.25916513427943,24.887337165501314,206.11148969701497,2.5950284791437883,15.046816006623649,2
6.125945562241278,19.631560279814217,60.13689834110065,181.73395420930444,2.945941837508457,7.27848627813729,3
4.755436024573097,83.03828673734756,57.56494739806399,265.8797004885846,2.6355858350215424,34.4131881880201,3
5.8798643440453375,60.50289317576543,21.8456632865443,125.08036440231885,4.915893191025923,21.3916217536831,3
6.5485943205253685,77.19436426001792,49.459981148315094,100.2543162019134,1.4374449967739187,20.33375922450441,3
8.693381906052092,67.48480338466483,39.354401016451156,116.1884629094023,1.868485213854798,39.78026409548902,2
6.064319125658317,49.76779771089913,30.90126971321404,237.61365950417775,1.2128886796843041,26.69762362447004,3
8.108812699359138,24.316035781776787,11.670712154234206,222.5380010543048,5.825275609492975,34.04195814076249,2
8.643140243055155,38.72893637502598,24.837794933240247,123.73690502598073,2.513221019490916,18.77352648322259,2
8.651464504028114,81.79126665725155,50.62168210276884,32.2674356203067,1.8472251495303482,17.748553507295156,2
6.9271318900783525,77.70875563312765,52.207619038908355,139.7077481810639,2.569038468200503,21.34626816212996,3
3.5550662782415388,37.608000397926205,36.839342791357424,99.33678457043641,4.273584151863611,31.703666080328652,2
7.191237298105798,5.0,52.25477714714926,125.3032014255273,3.9956482079743783,25.50900088789949,3
8.07259983172031,45.746205313897626,54.17890116841206,97.27954761270408,2.1372315675035316,29.679609748999106,2
6.378399341846874,44.24594223741767,42.319599379395214,69.52309615104882,2.4006207399134603,5.0,2
9.0,45.004547759192334,29.164995642246936,244.16021841654506,0.8167943233617283,6.180316734074676,2
7.789750342201186,60.57078403662803,46.61581169223467,115.81658980282909,3.2080849817384016,5.0,2
7.352410065729177,67.52425158643327,47.30477061488295,220.63339016295834,4.923476153932635,21.207061457140043,3
8.129571066808756,69.80599094199049,50.109165855254645,138.93145450765715,2.127334256987245,11.023401254737806,3
7.000054776891317,58.91418280270734,52.98104905003359,93.4597897723778,3.953719545609739,41.89654763516981,3
3.5,13.984585961547282,19.567531421181677,175.45341949645015,2.126830508278049,24.78615033679174,1
5.751291572794452,43.17600534613409,32.35106131951387,130.44715715335354,1.3565264266134354,27.166884529023424,2
8.29575204087178,96.0817956709838,11.520679814682705,139.64494471683764,4.02041970419171,14.102078836061,2
5.288612989852556,57.484334696049565,51.20494057533021,157.2452967169884,6.5214740813822285,13.790119092398346,3
6.164791242144592,57.356391368877304,36.815328280293755,109.38935821256555,3.8151354139314355,40.51238636876177,3
4.932745529145393,57.189718795477155,46.46221106046123,68.94318229398205,2.3792157197100847,42.82412324594716,2
9.0,58.3075924501198,17.864818777147626,147.43651926328312,2.4759510601753196,29.15822012491502,2
9.0,5.0,61.014712745395755,198.1958851316918,5.863778084147475,5.0,2
5.174196657288906,45.20951366177863,22.084912530710877,104.92043705441223,3.4604700297542292,20.745218693762155,2
6.720947000583626,49.24214336410621,51.61844956573688,157.69811331328177,1.851125969070059,28.13267486492349,3
5.479258928353929,75.62990798506824,41.76925256338812,225.27535742745982,2.906662404940377,22.72033729946208,3
7.422416958547068,50.95345789244592,37.158358337107316,145.5117556363076,3.322710694292323,5.0,3
7.264524615863493,17.069772267961177,35.94759840081739,154.30471858979294,3.7038205523990135,43.495155760421206,2
7.7175583574198985,58.60178312343504,30.42905486025805,152.7606176800193,5.2680582211410485,16.645060469551467,3
6.997877671561831,33.92350703514509,59.42794265351153,115.882778705347,4.9138477411435675,11.588508726508877,3
9.0,25.664287178371644,40.18919251528364,100.3322740783312,3.297358164720025,24.691238040181187,2
4.958114352483891,33.31681906566838,20.9616770447017,100.53688153394629,2.9377571813611745,36.84253464560505,1
3.934094968345229,60.85008459329031,34.240596969477394,168.40915985036366,3.593978614153143,30.13016457878714,3
5.910364698947808,75.17522479520137,41.925085408044076,187.8936180966372,2.0876497615374756,11.843593468215749,3
4.148017601659599,59.658598903551734,53.46707922167988,190.2541119218926,4.470014015466772,10.194063911148364,3
4.2613065949910105,62.640464472340426,30.93070419224189,131.07285731222686,2.694792302104069,5.0,2
4.9980280187030495,59.460905456760024,31.933351662931784,204.66542704653233,3.7363519636756095,22.08395388679324,3
5.116716641852559,52.02654353720936,40.35148190721108,165.36819097552132,5.569880355534004,20.269090656067966,3
5.06807284707491,63.93861269925515,53.101372299209885,153.53711108955096,3.82920970579033,30.13870604646475,3
7.277328425668117,5.0,19.468681966059556,20.0,3.3460547490385237,18.144897572206524,1
5.740716408371996,52.221767026096664,47.58031946487618,109.12951941968083,2.2239188142677255,34.7370749435613,2
6.23072813769128,29.101499307554967,33.03906204807016,73.94510488813621,2.8828889137267786,31.546841886257845,2
7.841349161751403,73.25805145088279,35.1335112737727,181.35367535320546,1.2959241031504858,17.71118354496114,3
5.350516212827861,47.05689389566279,70.02363617694624,154.75166659650162,3.7998002201348324,28.911745945727795,3
6.103181151942917,50.6189617653566,37.052961631727115,96.40068068074456,0.5,38.289720912464894,2
7.048639979139374,19.89856251492393,51.3204062546287,165.21812792338307,4.45260984828104,15.392940500881743,3
3.5876482990696683,70.33661778025703,50.783707558050224,78.82538168968263,4.097525338974396,22.866721283139327,2
3.5,62.54656240547619,22.2996412885224,97.81184508662079,3.147272888269801,22.67211807723037,2
7.019175993196584,61.13895764681006,12.319085121656439,114.48893345675299,2.200474658679257,21.422849628616216,2
7.238021420850348,33.73954295662355,52.31473138625366,177.00681609224324,2.975610116474585,33.01896309751518,3
9.0,34.5272031012374,23.74680711327222,219.97208396019516,0.5,33.810825786274634,1
6.737142313800215,54.47198908891811,15.037255681434594,120.69957758280326,4.235700904896676,29.066731911490212,3
7.729609575887142,36.11003179503898,55.392433222662966,216.12293208041388,2.754263191109361,28.5893510746936,3
6.206791034621039,58.69785925354677,24.708598993366106,152.37017753057302,5.272846762447536,19.377915779516727,3
6.9458408323776295,6.781747944665561,28.412237864734088,161.80690804626116,3.587985427686817,28.305279590123128,2
9.0,40.249108871868145,69.61559732633943,146.8097721136278,3.347150655494352,12.148303558284809,2
3.5,85.93506930852982,15.103969579276434,140.13431233069673,3.6014222071621047,49.78542012033887,2
7.120424386357521,58.7897165599153,21.15570937889612,171.96500183694624,1.5367341205492224,38.50266395664749,2
9.0,53.33587329061985,33.10452786289119,187.01605930910222,2.323509199429922,34.565367094814,2
6.923051328814013,89.70453071342713,36.39614740248367,105.76943481820733,3.1994234004160003,29.083373789066503,3
8.975859444849272,5.0,26.5938207682352,140.5349765215247,2.5461535999201357,29.091820168287803,1
5.556181775705836,33.693777704237846,22.620173540156255,233.46375486116324,2.1352312920654124,8.098787923853688,2
6.45192875875443,41.976536565052214,62.649914866478966,158.85943271592618,2.576405519553119,12.413884669027595,3
6.550287053582881,67.1670246601078,43.944791861570735,164.33469272145743,3.066194873089303,13.660302582392159,3
3.5,67.51312726456473,48.77753116313782,208.36342694837134,6.478113400607855,25.583507126993336,3
4.7477332582247,32.67986582034747,37.94162235162196,124.9377750357669,2.5119129674851894,22.18479141862439,2
4.854687380924021,69.95908644285099,44.34182423288705,148.3019689049374,1.9838557818699316,33.11328352527211,2
7.733099117048791,41.93370465356585,53.99352491664386,190.84224482992897,2.770906512114572,15.344523135201332,3
7.808229658526082,74.23279251298334,25.05551478181998,211.94511156391712,5.25239234774867,35.26613389680285,3
6.9860546640598,29.347146037558844,43.972539947769725,31.742835324729327,5.359637580210242,16.796197159033554,2
7.736154345283559,47.53376801867679,50.44063470111837,113.16656045523133,5.9236471135320485,20.82036363025401,3
6.253775880917339,40.19665369246879,63.1719601957639,100.08173468253625,3.0914632548398586,33.95444756458684,3
8.302897504309314,71.12060743131428,69.21836469702642,143.80874483039761,3.9623884043962168,30.046545869049275,3
6.513182663948108,39.54437566867658,41.04789695472642,103.8663611703266,1.4249632879546932,12.485440112391355,2
6.586796071140134,49.15102941976488,57.07958424530701,183.20527497549543,2.4698388403661493,35.64060623127044,3
6.101611050106383,60.136227953260985,5.0,158.62051705244505,1.3273728340043673,25.88986299320101,2
7.526675716454642,60.90516966052239,63.284243640650715,194.45950846770822,3.7098881356804383,5.0,3
5.86820177508063,67.73905214946343,29.111745074187944,197.6503978686784,3.0576191443033722,16.573180918198528,3
7.964647065797102,54.222495536893334,36.383538265181635,183.95430092079243,3.3392844899184424,20.903734772466073,3
4.80177628892599,41.63502169440338,46.61656726550532,133.21047244449878,1.7306837723185442,13.306615726920242,2
4.851625617907709,43.00602509282499,37.698364490267295,155.21387693783115,4.276030987034485,38.42712643385247,2
7.531140132689757,50.51344630415224,42.946800693522015,126.9563047340099,0.5,21.252411510607942,2
6.367183678125481,54.991849521487666,63.81539452339215,81.76323430151045,2.6219577267483247,29.60182981145111,3
5.819162875770307,47.05656704303127,34.23669931981043,197.68939235438577,2.8400331161820658,27.065876631924734,3
7.83508659871319,50.38406841931094,23.6961427524917,145.79676863653515,0.5,32.05745380169759,2
5.589107878870873,19.654922788557894,67.20195785947827,74.86940179376937,3.5761925975512616,41.73050641565003,2
6.1996981185494455,63.34710568909357,47.90146325507016,176.84747855438005,2.740103813843479,31.757005504053282,3
8.59884192510674,53.6222457777886,68.83358462970196,138.80255411886262,3.8416753437179896,42.42614176185563,3
8.808713518715976,70.03740827082177,52.95444865868356,47.00980136895605,5.999742893301933,32.02251919230705,2
8.85859731540549,50.0032101481417,20.14608411979845,81.31353637676607,3.486935811375414,26.315319439378083,2
6.0768113345991335,15.232048429564273,49.68077007635322,114.96944206694519,4.458991956734496,28.21456104173861,2
8.346054357476705,42.8310762138665,25.24077901176168,160.5256029221943,5.071429634877044,5.0,2
5.076570758346983,46.001401537631665,40.111477036595005,189.40099925252804,3.7380406444172785,20.448445395518384,3
5.139645687916909,64.85806610867198,38.864283945883635,187.6884465348778,1.7011866265331954,23.564174446696903,3
3.5,8.5945291097321,15.735042930504157,180.14314774651513,0.5397490031374779,29.380543022223762,1
9.0,50.8235903389787,27.8078426565732,148.28188141540105,3.5615671492561107,24.744903806452513,2
5.204030226385883,60.27350431586612,73.0778095023865,236.11161552991086,2.3996132662460994,28.338759810280205,3
6.31020113037941,36.77024229436961,43.575661072617464,184.9935621999943,4.925401601380987,11.768100551146182,3
5.134513487107574,51.492560196336946,37.366057980055714,161.10526846211448,2.2873152585318275,9.18657127756789,2
7.542747872495211,37.45926981700311,67.19335329911388,178.329405286518,2.978539408348094,13.168678236977495,2
5.9365495089239895,35.40854133559219,34.05647034896247,130.04824984221986,1.261483954985251,40.711944408497445,2
4.542774664350576,41.83160299737366,38.628694570463196,147.1378199482523,2.4842509925372482,12.321011419709691,2
7.162493846279091,35.78616015065978,54.862042841842744,45.90229802242192,1.5857474998485657,17.11394995601544,2
4.349404962784657,63.67236623872665,33.98896302075475,130.6626168761199,1.7227094303613588,26.051534782868256,2
5.243891412026763,35.30096246329244,28.802188909712484,237.99440078833868,2.920778628274545,9.083770565073173,2
3.5,31.941799859041453,6.19365376958924,157.41876386435482,2.089623048750002,16.27655172626828,1
4.36406283170359,85.35857333679067,25.952525299258582,155.3369888680806,6.943857303192617,31.76781796367429,2
6.767793754580717,69.2148002364807,25.809583810155804,199.93020475746403,4.2538412267105254,20.61957599843023,3
3.553195942845613,12.769732786815993,42.37850043202915,167.89127078111886,4.6269598691687595,41.83486232734603,2
4.278281413067426,34.70463420294933,30.84312601408336,110.67580978717027,2.8336605041415903,8.01443931409651,2
6.496446625800788,54.84925943445422,72.37028516285794,151.18287560951617,3.1586282680236746,21.543968100856365,3
5.684589655860421,56.47510134462987,24.13556604647791,93.23904376607427,2.3556105815152457,20.62221895515228,2
9.0,20.19014268526213,61.00970030286108,159.18060853101417,6.9365713506980216,24.91065845642934,2
9.0,73.17130985644644,43.296294326913234,108.11250237980295,2.8367042720987956,12.732364025545483,2
5.19811630587327,66.50448838363252,52.101610535685836,196.41473060168718,2.09437350114772,19.195221218231968,3
7.335706427605222,59.63803264080677,51.19029392103805,124.48796891143358,1.8689936690270295,32.89123430654066,3
7.623923835319177,77.13456981424243,6.726467045313754,108.76480454327276,3.5030250404207193,22.30598689120401,2
5.603781712963395,59.045799851418366,39.82670981535164,144.35840058442608,5.131533064111812,14.30272094793228,3
4.256687695252694,58.971617585036945,36.06657794149252,168.26959095648567,4.630439257848221,45.80050259899399,2
6.481552326037914,81.15358543644484,23.00532857963099,89.63340015800792,1.865511918650944,25.490998106670435,2
6.240731487778834,72.02439161455418,46.89439055823802,123.93667013382067,1.8285849780792711,31.133439566185206,3
5.846353254544071,33.16985082176937,65.74810473816207,155.25811528467014,4.869402763422301,32.641443125351486,3
7.163475302246728,62.663903573438304,5.0,216.91842747682637,6.152072060401563,24.292421772155908,3
5.373905589491602,36.714642700828364,31.982954862374186,23.564211785311244,2.7824962385133674,17.10256362119316,2
4.772003678631285,60.08309101900556,21.313507538295656,180.7581601841619,4.809935112547424,26.991976759074483,3
6.663624455524748,59.53227014039629,41.0766673935654,130.82172177969463,0.8008678415559785,17.99888369848306,2
7.078955138853313,22.33065375088028,35.11568075275006,125.26948265521659,1.7347132485407828,28.71568796614694,2
4.73503258414992,47.563087773779294,30.91484180864233,115.94365199321209,1.4856026361126293,23.357596600073038,2
7.892135916486621,55.30514047160804,50.34260242493588,131.80522081828718,3.618320692721806,35.29415009673684,3
3.844278293335883,41.27419618011686,64.54271951585648,181.04086004559971,2.7315359669420616,13.584995409900994,3
5.632829811926535,56.294198847815196,79.91977977636753,123.16067644223625,3.357138967016996,32.18516923109895,3
6.112987195703586,66.11795554002137,28.905564272971183,232.92960079068115,4.828673983275446,31.13780268430649,3
5.5456644310221055,49.38813871538489,12.686866722728961,181.19333921462024,2.020250724282298,22.609767102017738,2
5.652409289673211,54.49198953416519,48.3879465111751,159.89860625764354,3.140989659919302,32.3019554406996,3
9.0,77.6684815711195,64.15727102984805,141.69719410916883,0.9931016713881395,29.18892868422754,2
5.223673866441652,59.46393166450452,52.205349505610926,209.4927101914051,4.745678573612789,31.67151779369048,3
9.0,54.01648579348947,64.09520559295467,216.80098433791576,4.644620570494801,31.035161101307025,3
7.1556901695965776,30.838412407172786,36.61769994096821,91.93089263728777,3.542832221149191,25.501203723431658,2
6.638082705967988,63.420520227776976,30.856383403403076,114.9050947300455,3.1799041532680663,19.037957025962676,3
7.214360530081499,56.602998987838774,41.73153861101969,181.73151031960137,2.2362780981552226,18.922447901003043,3
9.0,75.67478867402816,35.041702189496675,196.83404722220112,0.9066762079497854,22.853535795523683,2
5.009610494102828,50.937570866066224,49.94641032010516,134.98297258453658,3.458312911891762,33.43143352312498,2
4.819373121595416,13.674669997320088,54.54651667005237,112.87775701437485,4.134301215991631,31.322488819271015,2
5.367700705142118,15.997582623434766,55.721254968578286,153.93063129832723,6.0290574165798665,35.059814772731706,2
6.5482147204468415,64.71361527519467,47.65889006206585,223.83467153729922,2.4096757263789295,36.06278220434033,3
3.91134331278114,38.59612804603694,43.68733490012949,152.0517130026071,3.4052724273156834,22.83006651751279,2
6.533508858977912,58.735355022209944,51.91640033876273,86.80296150874344,4.6716063246019175,44.62421676771704,3
9.0,52.28465289004712,10.55512138520918,155.47916137887103,4.716799318291227,23.960199512232982,2
6.727111085937167,46.66320664612159,43.15856128500913,189.13740356149268,2.0662935648316783,20.061035382550898,3
6.060971811537085,48.072774288235536,40.78717085755677,144.9311344325121,2.5812609101119244,28.333329801939968,3
5.572759326974559,32.69220989909546,43.196205939573325,212.90834062419552,2.2122740208605522,29.837119709608473,3
7.847767556827346,49.684446222006585,38.68564680618653,193.29245177587427,1.6472331471970696,17.584399605950065,2
5.261250840142928,38.31013134411202,46.47783240192424,146.91205381518225,5.207504119534869,23.413479976318868,2
9.0,42.554869597485904,31.38095617698977,152.15720098202308,3.094070713474374,20.530285785798405,2
9.0,43.52701910581678,56.94285144180445,57.91201474083881,2.8886318059021345,26.415429076941095,2
6.885126197992681,45.46613460202561,47.104746661202114,210.51133624560816,3.3715622437390596,32.95859013672978,3
6.482727367885032,68.44346913014172,42.26028786825791,133.52413256648447,3.0806429477632222,22.34090723382965,3
8.045989712362339,47.40418341590613,29.5372514404582,130.00216303618257,2.6685339391354903,30.72714988532271,2
8.142197753340987,70.47404673180196,52.22975327811858,122.50731967362914,1.8576639952997807,11.111524165695757,2
5.2910124034108765,80.75709902652963,43.09989547741736,172.8348781245048,5.347920687145398,33.897858247748324,3
5.710167300294947,67.09889302112299,28.667749096946253,93.56534996186704,2.1445916056581877,20.46569643075134,2
4.516478847975057,60.68937070137022,39.150076863801424,100.7913609143728,1.6042319002387586,20.287385206784105,2
7.113597407501086,56.536644189670405,49.436239288618594,147.37374491503235,2.8791665236199546,29.003398933532456,3
7.499941825185336,67.3071741810014,48.27360308229738,118.6743334207566,6.236272826154453,29.529014315625304,3
4.47511154320809,51.78721477192479,47.305134517122326,166.7616786686541,1.7676400434823865,23.876920200541452,2
5.817201642775761,69.69139691914397,41.38797087611616,120.50553603169087,4.064422828092934,16.11201294004267,3
4.479119123627976,62.28211610579368,55.38729299952845,229.75181321877935,2.630502592624672,20.20431072682507,3
5.151800284634244,42.80319078439224,58.56694755717415,184.6728753392202,3.3672108721904577,25.95242417208068,3
7.3265255903394495,67.91701760205612,51.05983923513311,184.04431061894743,4.383271327442369,29.898411432545196,4
5.399776899982581,51.82960011955137,31.188230877164393,119.75191230893459,0.5,16.770509156462566,2
6.048761065951552,47.87735984775368,24.129074240642236,270.2839837219724,1.6554883368121247,18.59857919154819,3
4.059032408079027,40.47601679202026,31.840903495426097,128.04944928628362,4.362019192390578,27.629436355586243,2
6.780485314586996,53.32037695749145,69.30485121965086,114.30948613549418,3.146176626122013,24.167720735388492,3
6.4335900202330265,69.92925230825966,44.225438707410305,185.3371298477674,3.3178119606816447,26.464982830999908,3
5.406561124950256,67.77880011186075,71.89662741289578,159.76140664701654,4.067075425568265,5.0,3
6.216478553476289,57.06787594917913,38.197024846188455,109.08078453794111,1.6655977636460757,22.050877323307553,2
6.7704423207551665,61.99287281450071,36.117794942606174,259.792358104429,4.582608806740981,33.532694724924376,4
5.277697776635984,75.43393583045116,38.88915195033889,198.7799749096419,4.229675586960825,18.84125029580039,3
4.285606183997331,47.00067417658278,38.61738879920045,150.20026506339696,3.3574758108875558,29.865255776910026,2
9.0,27.691599929395878,28.395236321984136,270.05550655416306,3.7021975993012295,12.91255355554873,2
5.550090942934591,76.02259704357145,22.767275977499846,190.53900721441263,4.747460666485541,9.372149307955448,3
6.354859845219666,39.40443495938563,47.520049407712946,149.40495151035535,2.109241411898765,29.178175792779697,3
8.01625960253047,36.19323753312191,55.823510763960456,264.07188225884636,3.9920355276918307,24.45535047873714,3
9.0,14.076044893308975,76.67471950999602,182.94923667371032,5.616535853572151,21.641130491056686,2
4.633270325166702,61.42566106328593,33.49430639963467,180.7622631160185,3.9609393742329884,33.46466416826078,3
7.174740820589765,17.57094750895557,34.71016769703888,130.6826186419749,2.6664101585119804,21.881592490732352,2
5.4386715720588406,34.99482384616526,28.43156058323474,152.47067428498235,6.477308535558548,18.673807514474213,2
5.691814543134933,61.764735890301175,56.88591144060351,129.46535020678925,3.3462217536157404,17.59179993598321,3
5.419681968489815,64.43842504816745,52.22481182194397,221.98678730207263,5.097887399519621,15.476548192275754,3
4.811517548299123,36.96591703563533,26.845981271882103,69.52929282912685,2.367702879478902,29.666477065753373,1
6.438062957323008,47.316933460151894,26.46702869540585,218.2935216532424,4.601703746858556,21.879019382193338,3
4.2882459694276465,32.54810947187694,54.287721378938464,106.13287356510283,2.180362428688384,36.425209425434204,2
7.920211349767806,39.03206424377635,45.74794226812612,147.1039398418244,3.4850763573818275,5.0,2
6.582504404050062,55.32430520305814,51.37583069516716,135.2391806087885,2.0898898363405736,34.22840271527491,3
7.1336524593521595,39.96706642407085,26.758472824916307,123.99237567523966,5.851733964295567,28.596296154333935,2
5.8007170820806655,45.11569919648662,11.8341270413469,184.48920740677465,2.6683030017169207,24.091758824246384,2
5.949194098682377,20.70586636764866,26.87552474979745,149.74053933355955,1.338101809566553,12.085867337214381,2
6.931345857750992,72.65912329612274,50.316500950168404,116.6150619925557,3.1426777828533563,8.401226794930384,3
4.7539240513912615,60.201331863421316,71.66586967952337,157.6997765088897,3.805642187911949,32.510906237346866,3
5.963014348379996,65.85810743674404,33.55804015708588,115.19566366667453,2.960098533941488,27.421466071705105,3
5.210579729182319,75.80850649233724,74.13783822815299,123.1112250499289,1.7800196572096885,27.232187320684368,3
5.164146784113479,33.49574248908567,52.44729651237532,75.13684554805972,4.555975210934968,23.975291590548427,2
3.5,42.832110339439524,19.104515474367606,127.48455032576184,4.888770043922697,33.498076329361396,2
8.50898988422,12.103312648355782,43.21050756716548,174.7102263197267,0.5280639767303064,19.14128156365551,1
5.470191870269346,112.80845820204475,52.95961417617791,151.85624589790186,1.6844595692090494,21.63594853406807,3
8.245064082745325,47.008293693652476,5.0,240.75318344865713,2.7608585300512023,23.234044077416478,2
8.103188482091438,70.77455799829823,49.66676736870073,280.6408736860653,2.2036114542613627,22.863401139365866,3
4.5710004402252595,25.236777113290824,57.59081769734669,126.78908018396385,3.7889318747219094,38.3657249126579,2
4.867383146490731,69.92776851286018,45.983021861967146,108.33411211478557,5.759215810681759,12.455620613927357,2
9.0,87.1518175329933,39.07418183977865,206.4908273179472,2.4286297357407314,5.4542948189714515,3
9.0,48.79438501944037,37.4061012549789,166.76041210162728,5.365083301655995,10.459737632637548,2
6.4527222300078435,29.782370068207975,36.530165084622666,206.79371385074865,0.797500715539031,31.836509511914322,2
6.886059659626024,47.22407198108928,22.360302943493362,169.94153656022547,3.683722218777369,23.992253764808826,3
5.553730395579217,5.464769500855475,29.68714252142549,140.28210766621126,2.107932769868407,9.012794628694188,2
7.14852907130051,49.242265979563165,33.751089315217605,140.56574758906106,3.716084895981396,25.996650303494196,3
5.424227148916293,66.41934278625992,41.70241519338613,171.63883891830253,0.5,21.760146235337615,2
3.5,49.28484711252972,31.647778635144004,139.444305214257,1.071914280895406,30.594945961874526,2
4.517666320233424,44.31720890622065,26.96306136253105,210.97506215989347,3.7129687717651882,32.94266403444796,2
6.531639121775881,60.551362322240664,51.39656288688768,84.88313802494021,2.05499864150529,50.18158955015521,3
4.803399146746118,62.080496938991054,45.559209579217836,210.70718180305482,2.5153235910807448,13.178491798655333,3
6.399083802629698,16.80188874989635,31.911556948156495,56.32996260419817,5.754427762241035,6.37239840601303,2
4.888008440850705,51.77645924557577,47.59417707231381,157.2551143180611,3.206357203753283,30.891175435861204,2
5.32646911624701,98.71970248458487,33.20263159471097,133.44786346882256,4.352274771422451,34.86712637023462,3
7.779747959619788,23.29967508703952,40.9459754423218,74.18221481744095,1.8610917755932619,12.24305615045656,1
6.871220821460157,48.29162334333867,54.625660820843,46.99902916606314,0.9881944606465121,12.252711807019537,2
6.485503368029979,88.83492244103405,30.943883602506048,95.12426649474156,2.8788970184371854,28.443662870102905,3
7.8184459596059765,72.08350313087351,22.413825882493857,152.28421632801698,0.7642958949980203,42.14482819100292,2
7.220912890021021,39.73206638447877,37.822981254679874,119.89079356101408,1.9521155951374882,16.233912499100324,2
8.669844936877052,54.12270759245207,19.54802475721807,97.9525549414411,3.356631327747097,25.87066795345739,2
5.81021110652729,49.957766400303534,35.83827235973537,217.61405414611926,2.833108654407374,6.008552732518275,3
5.855547532208737,35.03856391356665,35.790437810298144,88.3907661035719,3.501779078242683,23.01414458930268,2
4.548336100412982,48.51495785013835,5.0,183.95586657747234,3.9004775940031227,23.86352250681946,2
5.8565289239413705,44.40067734386942,47.95952745616765,105.55014958088977,1.2064129262908414,39.67540445404174,2
7.947154841453669,52.25497876153499,37.25965349978019,93.85970334207192,1.5870985928543497,17.933222062610238,2
8.4499810583932,35.03233638617933,57.72844679157903,119.80806865385544,0.5,31.86410393825526,1
7.940457752130002,24.46763599510678,43.23297969691124,180.99580236020557,2.4442150385356802,17.282381008188796,2
3.8087122001758456,49.17438453215259,51.03412855473322,81.426712170096,4.105133936425846,25.903322611711623,2
8.124717818991101,84.3023643635756,57.85058129810565,164.37276302533508,5.23691529540973,45.773211873650574,3
3.742222065091894,51.64405852525593,38.02424375843881,101.96200011643069,3.285722803624756,42.93101429321642,2
7.847175986183521,43.368124421369096,39.987652167041475,110.96165648769741,5.059843295314035,44.605679382237305,2
5.948323210143418,65.08171610076997,16.396851649146523,170.03207945205324,3.5757405356639764,28.975722079613973,3
7.5537999709007835,46.833607748092426,58.593066178513624,258.6741414972239,3.1611741307515273,22.8973753641113,3
4.501327478158151,87.3606584991822,37.81453900417668,104.44915050062005,2.0830636851222284,27.849256816273638,2
8.25675144905922,49.921749814098426,24.914041744780278,185.99402918285006,0.5,29.66048272506196,2
4.302537880842666,64.00994126316327,51.09583729731141,134.364381138352,4.834784230829394,28.893147230893153,3
5.497317633720233,34.907912352134545,7.303282120536224,126.26282726016017,2.9201625374376015,17.886134590459353,2
5.0028580583464475,60.06178506673325,33.560886656902326,203.5688004875077,5.082444787200774,17.484402170971105,3
3.8685727207662515,55.501869538875084,53.624665618177616,107.82385945700548,1.575550321716488,19.03742084863055,2
6.641791351382703,48.86987750681584,33.43417222051142,92.29433866026224,6.643230315108521,35.70315426986568,3
9.0,39.964844776605595,29.23117073577128,173.0087897609543,2.62681911800058,36.790371266471325,2
9.0,37.23939668695251,33.757678043305745,229.73918982433736,1.9617165093857434,56.834339182751634,2
6.645733680629371,55.64705327959305,9.851061032971394,187.4997352645576,2.678216930431521,29.25645771599148,3
8.175021912601284,62.57878219392947,50.7321764767455,79.64913096317333,3.2556846337233822,17.11570873265105,2
6.848141956892806,47.456744074117374,38.156709370346306,119.23334780155412,2.8951469908859613,20.211099195080486,3
7.248324792152319,55.74535858241585,35.91513085007857,198.97991207884044,2.227004386310544,23.424978297429835,3
5.986777023309141,49.24170643734461,35.96997075386438,229.05551089543002,0.5,40.06248622959621,2
6.792615388133903,51.97052049810776,40.211196976968765,161.43556626372109,1.79350863131424,32.32938817798593,3
7.306218056909643,45.9911003464555,49.801560560081,121.04137329461034,4.611653504213806,11.53191393335799,3
5.632310406685503,50.359451587366166,39.21904688201126,232.30094196843095,1.6804159492906923,24.4315642118454,3
6.383758550160518,103.96080913634853,19.575451777302817,146.27032074224158,0.5,10.285234680547905,2
6.412354821503768,56.232685976148495,48.632741823161005,119.70957129228198,1.416750378347544,30.924779469548923,2
7.739604975995787,62.90593916862086,47.4785453650634,111.25337309124836,2.867030568241296,17.93192205536198,2
4.90095174255848,58.76047210656194,43.082904973246904,90.24908265055724,1.8611682491523802,18.8876591780128,2
6.422686687088523,44.74366353405881,56.12861960441978,291.67902147282996,2.580244381936205,6.212686786742818,3
9.0,75.87978426583336,40.45568014619438,221.0478932730295,1.802320193031294,32.568184050789576,2
8.246090228878906,44.176724591473175,56.670641334838834,117.18533419748611,4.514615844593216,37.08666715382928,2
8.523768573333058,71.10109097885103,61.10816532217595,236.5912963360958,3.736274266197875,18.07057737511996,3
6.536647760267051,43.315860038671026,48.73469328286724,176.66510867015757,6.326939349792825,23.37985044127008,3
6.981496345529035,30.80054961711918,28.780995671830944,173.7054000659574,2.427418055095273,20.206930714637053,2
8.003354250054388,57.30792416472386,38.03821422246339,114.10414849419857,2.5726812371411025,22.817401135901637,2
8.840383294296396,27.90663287795787,58.58284051087561,124.29364109270271,4.775253035312925,16.803446167840804,2
3.57259563067567,60.71280450033218,17.535582008957398,147.87879827083796,3.5865125777943794,13.997487000230148,2
4.526838039425232,26.11682687817367,34.120694977320866,51.72255027799386,1.587739979696351,38.68619712525166,1
8.46416615210397,43.619839390542936,34.85552745329884,125.65899283004653,3.834631978235432,5.0,2
6.084665966346795,21.36540606950517,27.021840994693996,150.22448156167135,3.5947933459695296,30.04114269014796,3
5.492418816112884,106.48334018805458,53.093184248781796,215.47594532336186,0.5,27.83332224633948,3
4.618758519506594,16.920808807673716,45.65222606561166,119.17262269657144,2.023033950130684,41.539189406905976,1
5.667474947683836,50.196274807928084,29.33412465099262,190.60690555572364,3.2854802850894265,22.636141304816253,3
4.396446074864263,72.86608548660027,49.082693803537595,46.97530899644158,5.16941956086607,21.286970913397774,2
9.0,70.7277181717405,37.623756479976734,208.35150877363674,4.046997666440429,16.915389129333384,3
6.46634592202914,67.02684244346274,26.64708140166486,104.98265164441179,2.153933078802008,28.555636891734327,3
6.413074187355924,43.65543223557049,29.306223846356993,156.513648453738,1.9376971432363512,17.91768440704481,2
7.382115012751748,77.02177892674004,46.540766121639095,170.31715595896094,4.196599865864593,13.712145730604595,3
7.9435177538998545,68.26782181604365,54.08514817782758,160.50897786779296,0.5,17.629160902249424,2
7.918832234831958,54.24599235320953,32.69847650567821,144.66101206730173,1.7886280147003861,15.531868343658244,2
8.110432915861358,54.81161515453184,48.16662000503518,87.92418573133551,5.113962003562695,14.940433074322527,2
5.553731673813715,43.92154704769255,63.72631236366224,105.52295408552536,3.445226218849569,25.853088646419383,3
6.053199792564708,31.80695948333923,21.116941654446208,199.8215971610802,1.8620082716581061,23.054634043877886,2
7.653547483163413,74.74301950957432,45.335048092579356,120.13112706032932,1.196874861749504,30.495926935056342,2
5.7089164075405705,76.24415987203064,52.459835369431126,144.83522033182538,4.259602001983722,26.472298763813605,3
6.492340051959163,32.31781717940157,38.57275275101754,75.3956871454709,3.1167170198895113,12.97278284222646,2
7.098145646637222,46.924296697076166,58.57424816283471,192.92866807624628,2.6719343104122255,5.0,3
7.677777623465564,47.13153567082142,72.98255557391926,84.02584799299551,3.560970835983288,14.438415321382099,3
3.8334785564446983,49.3468819251938,45.15033022579455,195.79814043010535,3.246897074470346,32.63766464006733,2
7.572118474833418,51.28589757175163,36.496154015830015,96.86441196782823,3.1318587110681806,32.411098759063705,2
6.1494139132224115,68.9372292329236,54.65474211492935,200.72540151638873,1.0137194716156734,34.84677519520216,3
7.561186566296572,35.05565383026513,52.63103290566852,150.5096457653163,1.4603622700091214,33.37939962946776,2
7.665397538532243,33.0730601697468,5.0,122.06213017764549,4.122420654141623,35.871455443778146,2
8.911872591678737,74.7323948428595,39.958966658633294,230.02008777240619,3.8387271505173555,29.063163841495907,3
8.530180471431805,40.747105162374034,34.08100799891329,146.55725035908836,3.5731798886679744,43.02940984264057,2
8.519857493915444,24.739292928458674,45.95058537270875,131.90938533720103,2.1202310057331206,27.9365058106355,2
8.665505478749358,40.2974011580026,37.09512579559315,195.45589637990048,4.147784893146971,44.99263817785064,3
6.937068477223919,43.39894529511999,38.72235861593497,75.9771444240002,2.4438827826192338,18.736114252842732,2
6.548277630555259,81.0992545545153,27.051808608083775,23.641719799170332,4.95230019162341,18.480605740352217,3
7.809225624767501,68.49652424753475,51.01793827636731,207.89899868184384,1.8797655158929092,23.076174491799616,3
7.598121427149533,72.95041233264485,64.82563332203098,108.18489606739841,2.2120685454698,24.625205461862404,3
6.03640064489261,66.39947284693572,27.284920761774476,193.23112126932494,2.7728268017816977,21.787559790731596,3
7.107235113212402,68.92487343230628,19.044174652795398,152.30811858890104,4.270950720861348,30.39667877963111,3
6.4473552998231085,36.23835746839364,40.30004829741196,91.80052679362609,2.9473828939199884,23.976793833184594,2
5.219100637309916,46.02795689293031,39.57016508447104,180.36412098370982,3.056523523024347,18.928247250486006,3
8.435691112064525,30.201693739529023,57.5639917918054,129.49149048844612,2.4126131744293637,21.039717809334114,2
6.582798863795134,45.790239389259334,21.562075714322017,96.13298318467442,3.4021379799616533,37.176231750834376,2
9.0,63.68209981869482,31.93067237463854,97.43518139016237,2.893904258858918,28.17165844483375,2
4.0617615947002506,52.69166569624494,7.784451410997207,63.35806229141359,1.8235464241279216,8.237231084243419,1
5.6648318407349505,76.22961637920591,60.62475454317734,170.15124410913688,3.1909372238225693,40.10624419336162,3
6.5489582550363075,27.171684155455615,43.75816942485045,103.22996277774037,3.2262131529375324,29.335086097109194,2
8.206071646443371,60.004767013964795,33.04850629028805,148.26389361475725,6.524700973190887,31.391307908408095,3
7.099204058903277,25.033943962613638,20.165927821132353,140.91387527438135,2.083460881469532,34.29071434444059,2
6.965709131271127,51.88352938347285,21.542859127341238,102.92216594101646,1.740936386146691,34.80732111991786,2
4.809104311168779,64.80666845112958,46.214003496870866,73.85501429305896,3.418551390890449,15.80886408797482,2
4.764587904155793,45.70994866351562,23.388624315989347,276.6855414565065,1.510745374243303,14.297852122429243,2
6.983756990434857,61.022532081739115,41.56008134722854,147.57337370108758,1.390424778189265,48.96401189724168,3
4.4538410092724625,30.80535330334132,70.64417291702546,241.16914763801486,0.8446519651862783,18.01922250854764,2
5.702183374566007,16.72620043607234,34.786185655827694,208.2468391863395,1.8381396522113471,28.78653470104697,2
7.251375993628786,61.14059244975606,25.57833334038432,133.94173492547958,1.8751683810871818,41.314649667929075,2
5.026513591584836,84.88020468151466,45.73010808179144,159.04823186699045,1.075106739488994,20.564940424519804,2
8.90803394354271,30.07910119660216,21.61312388827409,157.59578909835741,2.6245743954815497,21.398775596693497,2
8.335904516356836,74.44388360213591,65.79976795494105,242.210034446622,0.5,34.26464086647793,2
4.1428700024925496,50.86846817632822,61.05429502792502,191.49168458217065,3.7376486719675417,27.12873872243485,3
5.1014431352270195,23.28616956613848,37.53742571569534,109.63636269868645,2.1648090322239284,29.95112454765912,2
3.5,27.36989397295675,26.5406022786367,167.58094182773624,2.38532448376163,24.195734236853898,2
5.3261129561778,50.315695467213004,33.61345190836959,190.21571707101265,3.8803125155404525,19.736338569509062,3
7.6495827148585995,41.91075424151793,35.56501581871858,91.23404755474627,3.5576158640759963,21.670588888979495,2
5.879157586587715,23.741740464835217,45.75350697560597,174.7074672402676,2.0551409359443173,36.93975914087994,2
7.191195865423952,16.1192143754919,55.59448493951674,217.27444781025602,3.6776861334872364,22.043812109135676,3
4.216498522577384,33.06561344146988,24.452310538621152,107.12636741874269,5.323341912408124,29.28723672387241,2
7.696962881872858,53.87618016662236,55.16364348014117,114.03407162077454,1.4817246283101624,15.311995974122249,2
5.667336158107475,49.87198494793724,49.26528419216947,208.02362526736698,4.130662067034644,45.402791429151534,3
6.518254523424358,39.975240849998436,32.38315763790091,132.28818435467537,1.3303413934583341,28.188748103547052,2
6.360688247910421,54.037743885829656,23.699321564844844,100.89957932904505,4.763139093520214,28.3961206362337,3
4.592677218661574,70.80053439725376,41.743490759388514,194.11365215170377,1.932109414328709,34.26278726916388,2
4.770373502390326,57.88253020868296,24.106172744468736,178.842711836292,1.8748166993183912,20.191042278314473,2
7.951691703505139,47.57382657220839,55.35521273743909,154.7196953748039,4.723815211790954,36.93748126590254,3
7.098488236252543,68.56144013321378,23.14175841801693,206.2291314224352,4.082362418633647,9.83694982444126,3
8.07507356233014,30.8029939556741,48.21559289744716,209.78176215972778,1.9813611488800662,18.85579538176533,2
6.986987353253777,45.501609208892965,38.79075452777377,145.858854558861,3.1910531081599123,16.987722508437272,3
6.714485952213825,45.97824128799264,31.59062673437198,248.71631937763516,1.9350721492701541,6.19402191275325,3
3.91098407199985,25.260934831143093,38.45752740521064,229.1694976713499,0.6108933622888904,19.713149478577428,2
6.094449954858245,41.602516754312845,56.19974754451303,50.785077505469545,3.28392767719123,24.48048379151703,3
6.458923519394384,8.500806382093941,22.116138865093152,98.49412882834093,2.465366748289782,14.1008148105842,2
9.0,88.24356095325908,33.81765167212275,37.23540901788806,1.5812496656177455,12.65676793705852,2
7.530434948148016,31.25172423127374,28.72384652969218,133.76425026376228,4.957072619418545,25.410751808954167,2
8.804091772564293,81.72228262842623,39.42074299676928,89.43909008499682,1.631969731747963,24.200084871058692,2
7.396306558842093,50.76169011438985,29.729786612310185,109.28408006301626,3.2159679373208063,22.342556050016697,2
5.433045159575781,61.297282643119175,13.478781364200785,204.5284073391436,4.619867355718483,12.338682557100483,3
6.675686324224777,40.22400403298137,24.172936796014568,62.25854701324599,2.615916977194608,21.054630321913145,2
6.854335469396349,54.15859383923349,64.56632527807167,156.48678705154063,1.898736823828899,18.33725631007181,3
5.091266645343977,63.00979279976872,43.70092316929409,156.1838221240207,3.4466224567046924,25.858785377582528,3
5.923418935110618,63.29104828788364,43.185430807121165,145.88053562239278,3.6835495853735623,19.41167707330181,3
6.191349509484242,65.49546780148714,35.76081414987043,156.53893409898868,4.314841045036965,24.612460541216294,3
8.908429748847677,42.63334579921647,39.22561863836246,38.385914479211934,5.806814177240264,11.891823911919985,2
3.5,40.3928065501729,33.5528211575293,109.5222742101154,2.3140634775638382,11.031531509354313,2
8.308727631074065,18.116473494647927,47.90392796561598,227.15004326286947,3.2937810082767403,30.575399980066127,2
5.094807147560926,60.46438022353873,41.512132813890595,90.15644572451595,1.096139525530056,32.65352416287848,2
4.441881219095579,71.64757422646886,22.430976847620773,233.33054067820996,3.9995654993209957,21.072758701742327,3
8.269913195057697,82.31963359835859,43.80586754656289,79.65887941107968,3.2755749640436487,25.276361277077378,2
7.597847103851572,56.10345269161016,5.0,73.64796837938394,2.731965901812003,20.50286804584273,1
8.381778053571786,34.67040454182862,46.207887995166786,102.41105913679519,2.072909231119585,35.972257331197,2
7.701052921318365,16.05807713421089,18.85964714745218,206.45414841434592,2.4773593719781712,22.968990327185836,2
9.0,70.83333466166701,38.55917370744886,122.69395851253111,3.3544995147190617,20.011243471302542,2
7.338085755416728,14.074468664449292,22.080585952057163,167.27034942195715,1.550744418315508,34.662988530697845,2
6.265283935815262,43.187918445124666,40.042347992996454,153.6818461008602,2.5393206327370543,17.259196933111237,3
7.014389565982014,45.513863441127086,48.67417778914333,147.27689086348403,3.0250170651979014,26.566163365065975,3
8.365203692518946,48.61089724297961,62.5424062787437,213.7059046303787,0.6905698106814944,14.515300106551445,2
5.330937012109825,50.7160520007168,16.879635174827822,188.57589704935197,1.4230539822401045,31.64549619941435,2
5.522167126202929,52.7629511273515,54.63209433506702,92.8548401418812,2.009993195970874,33.15418859544492,3
6.0365599781031385,5.0,41.96729058066207,136.22146082041678,5.35234759910597,12.113062016749991,3
3.5,50.293118197402535,33.23999270763064,237.17199100154158,1.753912285912345,10.553582080272914,2
6.707117612626321,5.408488517762457,51.397847575891895,165.97808945839677,2.916312569933872,27.88541703513716,3
3.670806944073461,64.6443614618199,36.461127233721896,74.60770179543401,1.4391543797092703,44.40818989228657,2
6.5795889693989285,38.89749688392776,50.76295774601019,78.14805488116049,1.8353952117786656,33.83971072393813,2
7.797934634202875,6.859265495532995,25.115954303080077,194.5072654283112,0.8384874426784577,22.876651994143877,1
5.784685309034247,33.71590645229249,30.505044515555614,185.12186585880318,4.005453532010517,16.456987258574976,3
9.0,38.59849321630692,54.15400079191899,103.93172124313341,1.0116806138474361,12.838784404732515,2
4.309248650872268,73.8139923511001,62.28100785355633,187.38150894871734,4.3605165197170015,32.17074358614414,3
8.28689102244775,53.9327548350049,39.47452151270726,229.96960683596245,3.701845794082466,34.22774118691034,3
7.512705584610381,56.88889888701161,5.0,222.89294198303006,2.88689722940011,18.688406048079337,2
3.9259501275339663,73.62443268441203,37.01426076087318,230.21390184112283,4.41003884308976,22.53271822289715,3
9.0,48.07711424151021,40.48639176733645,177.77443875314023,7.654801914171145,25.469563381147033,2
6.404382071744051,65.08375922064806,36.50839934960242,141.11700904350562,3.716288461689589,43.12846458861496,3
5.1837739667665526,63.67722227863984,45.04507842498297,129.8759959766582,1.3199090670038132,25.651531585430945,2
4.389369207823975,24.270610128611754,32.84635108604017,149.13065556935783,5.23352648956888,15.190481450779574,2
6.169972958510489,79.45967155259659,52.58306291017041,106.1988347771567,3.2791671847884514,13.433576960343622,3
6.30888969141506,21.59396439858611,22.499300909034368,132.03506377404847,6.166685101711077,15.887757267969913,3
6.6539682928094965,68.34733298955696,58.55273061031211,213.75598741488005,2.24092466708491,37.64022009297565,4
6.05330576566406,19.65853926188735,63.25118235941639,69.54644957812533,4.9229160340358336,30.131403990789575,2
7.44983796517264,62.02473576303346,26.304103929095387,72.96651371542909,2.9997648440290967,21.54506346661639,2
5.918555251005131,87.23829756300346,26.29600261595406,191.52653022092142,6.985092524196237,5.0,3
3.5975538241392933,45.740426868995776,46.160429706662924,132.49135376582626,2.5775988667571443,16.473678616751272,2
6.275957756525538,44.872887142937074,22.19169385385666,53.7178487720833,7.502502956685473,28.43969427108262,2
3.5,62.208799986336984,32.6109569334652,146.93329218297797,3.6597390792731535,28.521676145033094,3
7.030655946337085,43.41207088074914,56.53790434684022,139.79392075931963,4.270447137172745,28.434590735046232,3
5.031049654576047,86.36557407485643,51.064101467154444,128.4457761754333,5.5504986659040965,11.526952108389734,3
6.745040532373701,53.84384498917392,69.70294512534385,184.2853013240742,1.8183685647918515,26.770013905585547,3
8.471112472286906,43.59660983558548,42.56176221400312,83.34022156042015,4.453645269040131,15.240895069440166,2
5.0768769570979995,39.19428944208634,30.83742996582722,150.64927074297972,2.5608699886937973,25.018910275021963,2
8.091884387768177,31.34103059653959,40.768652674795305,139.45137526937813,3.226678318981396,17.32225717039016,2
5.84991564997077,37.444900264850205,37.741174908870484,151.89126139558522,3.124591886115882,35.70431936666122,2
9.0,42.986532126828074,37.95164336195297,63.39069209316398,3.858616104647714,28.374469639909172,2
5.95227108020268,40.2472185300284,39.642944378564,123.86755559299957,3.795276490877998,23.567673161032058,3
5.239260521739963,36.83649451725792,26.023499367306453,150.98845955186138,2.1372076199767984,38.80377662957428,2
7.530857675592933,91.9768246070488,44.233266324559644,177.05798181489482,3.1872812564923536,21.275074873814837,3
5.846315405564546,29.398098470210204,18.870050983621134,242.31982527062496,0.5,10.849270012862142,2
5.237825728806487,52.9326517529235,29.247600881378283,190.29741943695103,4.4852604971766725,35.558735355976694,3
5.783240223944313,61.85042019521744,38.21681855290274,173.05776003167077,5.540912555521677,27.52209858681816,3
6.433090201725498,62.602159911674654,6.106700310166126,213.57373961401885,3.285942073023075,21.8132281864677,3
8.513270196867282,48.82785848435056,51.53487304517376,134.8088776728383,0.5909666797908666,18.562547165646652,2
3.598868381810634,45.185948563053806,9.202682352287422,227.69640818174275,4.114421454340703,30.1078354317417,2
6.534620988425631,59.03094982479013,50.043815363472675,205.96363950310575,1.854345725099669,33.136350443375,3
7.437355391981065,55.33043299956401,20.607860651077566,127.7061104678769,3.273474517091919,17.33285081214125,2
6.790172862487694,44.820823304649736,33.92621963944751,246.19775878666456,4.028263691094569,30.653402036916596,3
8.4647977541503,18.762428565511385,47.78695970424144,172.34676574533393,3.819675569277983,27.506061011683737,2
6.388482005362214,40.64152555333505,72.97209279219223,259.6484488030869,4.621282874790064,16.70580555973861,4
6.223172836721083,27.068996725850845,41.74677966561024,165.1591127141653,3.2195709595943094,25.0385843003173,3
7.388494320520015,36.65680899867347,10.26060507700738,121.90350702446821,3.2600424149355502,19.533474193065594,2
6.648970722427024,50.66446477033919,54.30542698953661,111.62316783232967,4.10518556166549,37.403382044116086,3
5.9143868925792935,57.174722879932325,36.521223927114725,132.21282726335303,2.8929111456620435,18.510827272003244,3
7.27421605937957,85.60905502584812,41.04859981688235,121.4352528985167,1.9681463715827958,40.088737961295315,3
5.521207560175032,39.25187242192372,48.36794544831422,213.5694278479347,3.6780276372343312,26.314114306623622,3
5.583234271971009,65.49251270550302,6.619330646414291,148.55128777248743,1.3067055334321753,7.544869465348917,2
5.70800896735158,56.11920048875673,40.09805271602794,69.29886637187954,2.8786647792177087,5.0,2
8.52960374024961,75.91995341279579,33.854591650709565,160.65021579358444,0.9333348114040083,22.913928563090966,2
3.5,61.52457439191252,58.327523590082784,156.2756521555143,2.1677810507934554,38.33626187108339,3
7.093398252144413,29.830371454273674,50.906706450081145,126.56961894154946,2.2299886848927946,37.306198444383114,3
6.551407721300333,15.539079414175376,15.594971158276792,163.37960109921355,1.5236758857362998,26.663130785935888,2
3.9786943111428195,56.225233993350095,58.93938778523572,147.79452834355513,4.650797831167787,17.629314307347464,3
6.964590168704003,39.430980041992186,46.74287632240317,181.68826836882832,4.526987399698454,20.827012562006438,3
7.213627987747298,30.393725080988055,16.791376038201726,178.74894693416104,4.971019114168907,27.073499438799264,2
7.3844588470361,24.64844590933845,40.836296552391595,168.2451428199536,2.7182336657365114,35.873064836307925,2
3.5,53.21950995174311,55.522391707837826,85.05720481149676,2.349588017218133,30.69199776663738,2
8.549584117781658,80.15415398626729,21.78934191139909,255.95083640711556,4.205377207882205,34.68284566197322,3
5.393394942972739,41.82655308587917,60.663660037681254,72.20071483338447,3.1926193426648486,31.436746571920402,2
7.529851620129764,61.805406221506445,17.310568388087113,143.5645411592455,3.1852761935487455,34.38884906947331,2
7.6116106710234295,47.95467299564815,28.13159235029523,95.27833243255986,0.5,5.0,1
5.18495437157106,24.21235821793214,25.856937469154623,169.81690808300627,4.134771904727218,16.074421987948604,2
7.490689928527326,64.69622687020835,60.654005973829925,156.9202862403654,3.9359624736938486,13.951872120308078,3
5.921760138631463,28.106159119452574,32.63475795176205,141.56169576898955,2.991875365335517,13.001432262386654,2
3.5,50.432532611871295,22.55774496008503,225.8886391968926,4.223771661696091,25.05570193854027,2
8.251612888291668,43.1695916998939,46.67816318371093,205.42479585885582,3.9025529842058444,10.527205902795904,3
5.33743255547564,67.86154869131383,49.91771485889078,133.64423284542346,1.9549723727303254,15.562337177998362,2
5.218259805892918,28.836980150586268,50.01304142191197,190.2067320958127,2.6703206235932107,24.01294485185652,3
5.895401197944917,57.8173981560392,35.92991252160986,228.2340128919227,1.4883222074924527,8.963912120238799,3
6.908355087991082,33.20405185302598,43.81801451555422,205.06725197714815,5.193358479862737,20.138318975831485,3
6.414094383766846,39.777895753424296,30.246503706560716,143.1890707266248,4.465770717871641,31.388430227542134,3
7.322100387060756,5.0,65.12202516903596,70.48495492852417,1.7791239917269333,12.74582487760814,2
4.490765950207011,91.84197143235818,57.16307737986897,166.23239524599302,3.928313274742336,32.96298761221679,3
5.386420444353898,61.011138656524636,56.244352435610125,183.4305167696995,3.4178885022555234,16.938263936183763,3
6.326004391517699,34.65305028123671,51.911739018603186,111.51915498582393,1.971070611751099,27.716492367252904,2
9.0,27.506886233340122,47.795999589925025,151.12726335290208,3.1864905129427052,13.937966909353062,2
6.329281192379363,40.087024942413194,21.33456273775318,145.85560956169874,4.287577046151776,29.533597278047267,3
8.127833395492447,64.33759069638903,49.499518543834725,219.38553179026215,4.409879291195335,21.96417215949939,3
6.557832753176476,12.15830148830149,41.7139784509498,242.6908087795045,6.497975544103765,29.661969547055737,3
5.7745120438436475,47.168311614113236,58.95046127426379,208.76072351503507,3.1414337297576487,19.548003213058657,3
6.129913363828339,85.41283744925346,52.111287735736425,145.7222158411945,2.6433165988330356,30.56062023614818,3
6.2473704319566785,27.321073280643915,48.25570705229532,207.38581234739084,3.8432103958167554,33.46899721314168,3
7.405468608441108,51.6077007752731,14.736628037047659,182.43941029151347,2.7255561913984825,26.197250286558184,2
8.561916901364832,94.06619630515516,38.66499195087294,146.25502118091296,2.122643339575682,20.204582598494145,2
7.039521271529481,62.643032593815455,31.631616101445154,254.61951445016496,1.6113251462003217,22.6630522197578,3
8.280616518112634,52.5184764097091,43.78548886274611,113.09907800587496,0.5,12.357352252169115,1
5.052815393555472,60.13272909818006,33.766775928360346,180.19544878047714,4.102259145311259,27.02918458807746,3
5.878054236778954,41.98269329980595,35.86081335860041,191.97803227769617,0.5430394018924605,31.229632750710223,2
5.4135461986885,75.9926257060688,46.88550857360056,135.62505802381332,1.6802198350584727,40.66269044495701,2
6.971666886312279,42.01339954199576,33.517928296468355,177.95690939396707,3.4386653867925374,38.08310564460529,3
5.961562422230879,10.816367825280459,41.82387309361019,197.27486251105725,2.517739808133972,15.226796548832606,2
7.594659405551293,42.1739379211908,17.208821636885403,162.23172102639572,6.22394587376739,27.12107472526081,2
5.103497432551338,30.66530940246593,27.51397784859912,173.62477816713908,0.7361400403792078,23.670136497436243,1
6.564546459981922,44.376119756051416,49.840653508044404,155.27155614745104,6.358081643850031,37.179962225578834,3
7.530286866518384,44.81831881838738,21.547118249552884,189.8760055763355,5.0708769135758684,17.908273394412483,3
3.5,73.94846399609816,58.685876164044956,138.5510665403097,4.363644577647456,33.780809711262265,3
9.0,63.90585453328771,54.61599032951981,134.41011083035727,5.158968264716313,15.129676343752152,3
6.075272172680187,55.26530975150793,35.9765509699032,151.02800769245755,3.6069179980740604,23.940187461035162,3
3.5,49.9410917733481,84.98101158253698,209.18344370991548,0.5,16.154886790055578,2
6.737140847865179,28.822839822840113,58.6465536677244,62.631842566450786,3.772277521673889,5.349592265290092,3
6.550165201959726,6.376495246686453,25.760807399413977,104.53153416445915,0.7789869122144881,15.955827709177846,1
6.37715843064126,52.26320022785566,51.19261080550072,263.7885024142721,2.2074565814763125,22.424875993683933,3
7.98678666939,65.89282407147317,40.987945994796355,163.759420838715,2.8828768534263927,39.2616930636663,3
7.621167457140584,47.833322335108214,28.349318637108833,129.6481976518649,1.6334062231435398,14.126482922432405,2
6.946814286535767,39.30291354426599,23.95136285250687,189.74259177441436,4.419066705546709,18.942700190566377,3
7.175233450919971,59.290043304284254,54.923400023325684,110.74864998989872,2.679363634501242,10.596508850172263,3
6.343462325842871,48.33335598751306,31.030818030637995,44.86055439025063,3.6139623465066997,36.55279103322787,3
9.0,83.71488383947923,38.471854674444224,167.73999738736944,2.985880256459454,20.395379294522233,2
4.281205972463351,74.65456684136569,26.184611076602074,113.46080829775856,3.1892687395102075,21.61633330991269,2
6.709477511323845,69.19016114046659,28.777630940521135,155.069488906495,1.6696990733597228,21.52265436100117,3
6.59753694678317,65.15468228419807,38.09606199892792,166.47003949192347,1.2389378321973936,5.494288928697969,3
7.7199206090968895,24.196651710970862,45.82273439086227,157.10580847828885,2.76934699446167,10.333943643386176,2
5.234219183862651,63.259874041051994,5.0,64.55022939440087,1.5508285845776795,15.482177873853173,1
3.884491096405196,57.526519152931506,40.253796987501254,151.31404212937042,5.0903335574363595,31.160167192144613,2
6.73523452414729,62.12849456782327,28.808184811224468,172.23009706822035,0.9353473743121783,5.0,2
6.921845738327907,59.85218973626105,61.03543980175337,79.99703683878775,6.505503466566033,30.413067324633626,3
8.734399114171474,59.05525175696131,84.14128969008155,74.04132205767331,3.4530376912909264,28.43098437067682,2
4.59445693051237,104.0173293909919,34.61081447569427,96.54877070728017,3.10399035735082,6.851103854625869,2
8.23204065007508,48.47628660096162,14.166571589302084,187.33823693801182,2.189600626170111,21.830278922470775,2
9.0,68.72674761658661,41.7531545487785,50.08421267562146,3.98538154852897,36.63860444414444,2
5.933352668716284,40.580203794719935,36.91856005760192,191.4886925572177,2.6935874839184644,14.294786954258809,3
4.563586670760164,65.81283167775344,69.57025973501936,169.6027874145115,3.4507112917019245,19.480233061112603,3
5.889538450439943,68.78639780464911,64.99884015063314,137.12490247340426,4.262734750559683,52.6105596651758,3
6.521007451057071,57.28852154270696,52.98062455894846,75.96851687997936,4.003964203790471,28.2589787530611,3
7.345681812510372,83.38493884753001,31.199588781810128,110.17662275543908,4.859791801421553,22.42006049081281,3
5.612907905242929,32.31447927279165,50.16649849271205,189.0952026005317,3.806761610491172,20.229413785548928,3
8.832797801221012,40.25558116663556,43.97509538602456,212.83626009216803,1.573098467681079,28.730596216917192,2
4.8282015274879075,54.24760172046979,43.61984804949086,98.43185911793682,0.5,31.849082832221658,1
3.8911922717408,67.61613706968444,16.626552271481945,207.09317551418894,3.316550593936425,5.0,2
8.160065636430977,53.588590425898666,55.926930076804695,184.29376163540644,3.3381947316835574,5.0,3
3.5,75.71518073021132,41.61712492466852,149.65814011176076,5.8888947226658495,15.019528268578373,3
6.193805346690926,36.766202580673614,38.487379786831376,113.1072435179799,2.826239074603578,23.461566031533376,2
9.0,27.188430210228912,30.997652574867587,120.9304989360005,3.561738454671368,25.755692643586716,2
6.481934670560102,56.16256673073009,28.095752505199336,241.146130807715,4.165764608648509,7.965414463286045,3
4.818848523955626,48.45639447772607,44.75887871918473,158.9220907106529,3.770112181481264,22.952163462844272,2
6.413903804319809,60.8572744071644,13.762557972128768,216.49341710054543,4.265915687725942,24.28161101097637,3
6.4237988170707,49.45195418266992,51.842481394750635,162.07789916440706,1.772686037811212,16.501525899971103,3
6.740974910529674,43.19960418753086,24.18841844506472,127.36510372042835,1.5354504993488272,19.655096456112112,2
7.493394473239429,48.50124856552553,9.11978970692062,179.2045090217568,2.579158754164995,17.734991497649915,2
4.941333247448391,50.5769778958637,67.3284297388903,257.89175360399463,0.5,29.64300306421891,2
9.0,43.90037400303339,27.12869425981632,117.79416697569516,2.9406306145980508,25.068695241108113,2
6.8676714265589265,45.93735907353144,29.167612577174566,195.6934451723676,2.0106253613876826,13.577163308747608,3
7.590191069602706,41.928133260261795,57.018074965121116,159.52544911438133,3.483320000441602,34.55046749024827,3
5.557775900366536,67.13330239738814,67.81646350774962,77.52409918138437,2.6023968164951423,11.327073701569967,3
8.4295732054933,53.88042009011598,17.004976320948547,76.40630785800417,1.4768507810480465,7.8709132560158,1
6.114421386780403,95.13504944337532,25.65747909623996,127.40081265307269,4.966285294513597,22.548492884717643,3
6.916328770240297,53.21409102556924,26.75981766759105,167.37442920704595,3.1237786563119743,22.497803706537397,3
5.100340884219336,38.98285059342676,54.02202494043482,193.91864848442566,4.294288262137917,25.72787022158534,3
5.00460256039681,103.41350749726129,64.586981918943,71.45434730093827,3.275271691131138,13.186789909033816,2
7.532307959679324,58.27252755428671,23.796211576328815,182.63487600785686,3.695992696810577,33.93080465316402,3
5.834589754688921,69.80249573785633,61.2211800695233,144.08098722348976,0.9585064130228336,42.147378468810295,3
5.219265368743434,61.84205966404983,29.364488327069466,150.16568907662742,4.917155255934439,24.783516178812132,3
5.535224986959454,62.46022058595497,45.041843544183585,179.4305923016423,4.318022475564443,28.16010410686477,3
7.548429607576132,60.71308102704948,20.928194508582735,237.3052660058662,2.9717395489912914,5.0,3
5.556443208194583,27.958308704478693,38.17104379627003,165.18209002030488,3.432003140809894,20.651100516525602,2
6.323517602596754,57.35058095122824,38.333309288909255,82.16315086454797,4.503908790339382,18.040035051020226,3
6.522541625430645,23.502773922995218,35.272625405270894,140.64537435353878,2.4419996938343074,16.41895307603641,3
3.6239766709845513,46.512743271749315,45.77456471979546,192.60670115732407,0.6253793780032222,18.424991835376787,2
4.293310391939723,35.48765086873426,24.89453702721211,194.25216984582732,2.4701040384250197,19.42284894423418,2
7.0044168338713435,57.14940371697448,26.744150527197377,183.29121870451536,3.22858423823211,10.450670350409254,3
5.394455958270955,56.682524946764694,46.56808217424033,124.49844223304656,2.95134031188995,20.127320358889733,2
8.085087366920629,59.62291781530374,60.130529964635926,81.60873511913529,4.976349235993153,14.583185672954102,2
7.950210656375816,55.74593145498174,39.65779458928115,179.47538779119645,1.560146416621047,32.8833335264417,2
7.5787529995331555,37.86349316427202,47.555061601932586,89.28815702010343,1.7500640542998291,28.303296990842476,2
9.0,44.779930212966406,51.371200154460105,184.65055082125917,1.4129302474836187,28.31700013297238,2
6.3753660083852255,68.40792322508969,52.45757782950237,184.6644679347317,3.643111642586226,34.76786386591852,4
7.473322888855758,71.35713354588799,25.697129112450423,126.61535316344848,0.7109493703892489,16.73720871285407,2
5.623398535105953,27.064338027469013,28.34484654692644,144.3768355007924,4.115634597049967,27.69789023911201,2
9.0,19.38144734974707,29.648881090846977,159.93389335597766,1.6006732180358043,35.70219785267611,1
9.0,35.46221233590576,68.92950701340946,119.25926633394454,1.8403464603682247,16.03838944175881,2
6.517820651776688,70.90415164064501,47.62289408757856,80.91599829449734,5.65533788998685,5.0,3
7.079879344857789,74.2976806036607,46.949735805775255,148.0390361476548,4.848869593043519,18.093074307826097,3
8.538946399047209,31.505762391976567,45.49353629775608,153.25163052399222,3.178819976635353,34.565208265685484,2
6.27929074277884,56.14618707472677,20.188098945707516,218.05236818265263,1.0334427741859606,15.469302904254409,3
5.515063893800443,86.68862666280175,69.07285706165558,110.90039641860704,6.021633684976287,20.349007968580796,3
7.810984626510324,58.306229544806676,47.18781296180441,203.42480868905557,2.705517671346198,17.203049287196997,3
6.617658869125505,78.43006570466187,50.84740168982429,92.6465260536782,3.3713714647023347,23.096463741066277,3
6.774491674467891,69.97453140166196,13.51718066626297,82.76989001506148,4.367900653667187,14.51497707218801,3
5.2485929853980515,31.796025875441785,51.69465778542277,134.95687776453624,0.5,10.16875744383996,2
3.9234917774549056,46.20037153005844,34.6568132480856,102.95454946951389,2.0399440022525877,20.591530957996827,2
6.854213614818652,50.69508956583696,20.158255379106443,82.06920963107781,2.8978878899494256,22.295912129220085,2
7.8574430622413,52.0826677604268,25.69354501192304,247.2165157907387,3.196079567567172,36.16481354420736,2
6.161289876385937,68.32657906877142,21.026586873199506,127.41761818220289,1.0445897368955022,25.662621748963133,3
8.6546442793383,58.17369524550817,20.773237073280846,265.5651793378124,3.4895064919714107,13.282849106973199,2
5.444125511876683,5.0,40.908217305463154,100.2633100550712,3.050610605907824,17.68318080807487,2
4.917943317551121,23.74319453814548,34.19855816902523,64.57267166835008,5.500976473538892,32.134928020672575,2
6.399154539205803,6.252381700479141,45.01104043242081,214.5644859464162,4.50043618350856,20.76183704975076,3
6.376111136973064,53.507304813106686,65.13963806602007,113.66716838698756,2.5961163190869927,14.06893107564983,3
7.654953097002834,54.80975298935522,38.05744429558994,156.94328990994097,2.7058957695729955,25.823290181253647,2
5.337555763904023,55.66449917221437,6.326660590623597,82.21832574935586,4.521745155484332,17.101118270244946,2
8.552141355222346,30.821434645707676,36.370626826782754,148.09434290349782,3.4254364329756686,29.781448255372375,2
9.0,63.48288010239978,57.90091654596807,81.41869650714538,0.9432998839706555,28.62966143429034,2
6.441283959547487,64.32524992937059,38.710907912547555,146.30463011445178,6.140686252935418,13.526197584797536,3
8.374565630276479,24.897018655896844,62.93995980537553,126.30337302557601,1.5151969606270481,42.849685555575064,2
4.91525439406211,20.679235971022557,46.79412389706728,161.5133865193052,6.7184543150991205,23.770511554071764,2
8.112832311772873,49.997366275461246,12.425953984039165,181.2845685554406,3.6419323831194648,5.0,2
8.070914612839193,85.83564547226717,41.64373375657538,162.05399995996103,2.0468380654910936,28.805547574483175,2
7.795155920284818,83.99485484397285,44.45501941397093,172.55232710810745,0.5,5.0,2
6.476655366694559,61.26808720896105,56.20533701910466,144.5483662300238,4.165146703872549,35.39830019808007,4
3.5,35.40006656839847,67.29454857417352,128.23406492171813,0.674534121571198,25.570624239217214,2
5.5374092845218055,67.7368531897717,53.61588279563048,173.5059341394784,3.535941837552328,23.538180765782318,3
5.5611259734730965,40.95151470381917,46.60719696080825,144.42760920609075,5.9004490537835785,24.15350238507951,3
5.0326175929092845,34.64985926652379,50.14282407367519,146.3345108942928,1.2934817021548277,30.01744345453627,2
6.683364506820599,7.1206633675601125,37.479897903256486,169.8872482723431,4.107083118109508,19.348448554332286,3
5.871554831718148,52.04764396695306,18.05683244788856,98.33922009887411,1.7826005777131682,24.05108446874067,2
5.263081985352467,37.4026530172525,40.6224412933429,221.4805547047216,4.699724305153354,25.333731689196632,3
4.9117997776282705,51.92860759057009,45.47935491188358,137.53217097218686,3.0987340199322073,5.0,2
5.426730521772157,5.0,21.945135611321156,156.20908079850355,2.9714049032196677,30.093030578808666,2
8.182248817774893,53.39653345167375,59.89932459249913,147.7740276034711,4.810932467212831,31.781026259677756,3
5.508462418058759,5.0,55.081165232236465,182.637157695106,3.9379386617253407,28.674306034327863,3
5.7275919403500914,71.75880506537104,19.423578770681964,166.95908354854197,1.7929664422132565,27.96717070424242,2
5.814953577465131,60.43782468270169,60.487484331848115,147.50380265652524,5.68067013263145,40.114521721018306,3
7.0084902707141294,44.426704571508246,35.37528446185229,222.4377058068436,0.6962602739707147,23.70946100028198,2
7.184374232792799,61.25439720164158,28.32262652322477,20.0,3.413545643471436,24.05368679797757,2
3.5,30.438514746728952,56.18916539119789,212.13371902334734,1.7657029636660535,17.62850106563896,2
8.032452820741412,51.44751031229785,39.23418380859913,196.01077025954797,0.7691629386632024,5.012620801266259,2
8.65455205136563,65.89548076920671,68.48777981255304,58.209168359877694,1.2987284853004177,28.729381480270877,2
4.924720193957496,5.0,27.206679341698734,196.4641608858626,2.926140720239054,18.708107303948253,2
5.041552632897748,41.05551280644953,14.02513714041018,202.92337227797694,3.524590146222852,5.0,2
5.824619918332592,49.547117397272515,35.793425782507875,178.08817449405282,4.588397746799128,23.39811860886287,3
5.365993970815093,46.074127645084666,51.83833748590709,72.04562781592911,5.214054764090513,23.118597164566882,2
6.835890310919909,79.1420365245481,26.092855216966854,184.13263587821126,3.4165307206560547,21.848323272254667,3
3.5802120704617035,27.52197750154231,20.048494258001814,200.3598428000964,2.3352100816937877,25.50668883081154,2
4.8231085879448905,37.57681513109542,43.43391104054131,121.38967526095638,4.558525960506884,8.540333933962007,2
8.808795800262361,11.682619473831032,18.044691847487254,172.05669279930282,2.078037773636618,34.07149317665678,1
5.107670048977973,80.2057330254629,44.60039049420121,132.33960522402742,0.6065782064529763,28.485320869999537,2
8.365142417154388,45.074197147824,34.890654231577344,194.2688495258421,4.408517268664007,36.577706060942845,3
7.0330072933852055,41.23182223926586,47.4169973252856,134.32466573861282,4.985867777720239,18.60398148915923,3
3.786098428117613,48.95034635378572,19.24256794113097,120.99412685769937,1.7672825278893995,28.451872650738352,2
7.4529937928243095,62.72471656860648,59.47244727165855,148.03517286651405,5.941234745248499,5.463493960073301,3
6.32349904671072,56.947268070322494,37.254482725094654,82.91739397583213,3.8745784782538077,15.815848905501259,3
5.81679941562539,102.95768427114174,51.452840018572346,143.07090083838193,3.650942966947339,10.428541738913552,3
6.867435639758006,59.07871776807549,54.39813191927334,168.10463686791192,2.224970851798595,26.748787588060488,3
7.211950228350188,40.69509141661838,22.638325714510664,193.49796346831755,4.525933152365344,13.105643702832424,3
7.561387732961929,38.77286524952106,53.233862644121146,162.44783693190996,0.7134328092858211,19.77642269027985,2
8.267379271322003,42.14482095166382,18.623998372835118,78.36991814568012,2.4903143316349428,24.110438960535635,1
7.112203869167534,19.96326150740324,19.44793385860161,217.61355691148813,1.9002551460566646,20.075513532975194,2
4.436548866820457,50.79728414983172,69.45998853982651,221.80792531871197,1.0366008747789186,10.98844907262489,2
5.789531813523213,65.66936212417835,56.67780053194937,155.62836276353912,4.294481182973485,40.61107295575107,3
9.0,37.732727987535284,71.10496263150633,112.40291894256725,3.5117077148863487,25.303947357860608,2
7.586736590572592,33.85239887431777,34.44678954088134,123.41910317692273,4.207037257791237,40.70100642751962,2
9.0,80.31890292588467,41.53642996117013,139.82388011409574,2.582549986614721,13.83195873915768,2
8.593151123298778,21.470336867576698,47.91032120128545,163.93342280988298,4.477619327959623,20.39303617873383,2
6.862703107333623,8.643632470453973,39.81706650109158,134.77573592451301,3.1157126344727946,25.020812749058503,2
6.9521106046716765,26.94196112705235,28.807959689561432,107.08062330494121,2.291780499041328,39.47490915459935,2
6.4451299401847315,19.19134565751407,26.558729531799266,201.15049421082188,2.0416668516534413,40.63032962198385,2
3.893293076230251,57.72452128209164,43.20793349243424,162.86429440370503,0.5,19.809324433788735,2
6.527070878702337,42.78590999100853,23.997102375065424,97.38139887820257,4.746556955125405,16.854416533507194,3
8.316011828813295,45.6062590995232,23.57704761449721,164.56552281428952,4.576357753402137,24.096352021487952,2
5.600540007768195,73.05868353949546,45.90358016731889,158.09354143895408,7.391053347327272,36.15401988556998,3
7.117929498592714,36.17330277674447,38.57260972771577,114.09735440278044,2.498070443014328,25.508740007904187,2
7.7773865688397965,65.50178823491281,54.05809405872528,209.75248798054935,1.9998095965873088,27.332958726116427,3
5.135479341031287,80.22645598406406,33.62632884875737,156.74446032136578,0.5,36.061278708083705,2
5.823045703484503,40.886750039726785,31.281160750366965,139.1689178958916,4.439949515698608,34.44819198649736,3
4.973132764284261,64.74045711112628,46.353300940532066,145.82591259622893,4.094739651818492,34.8347575265621,3
5.26675158996589,45.1636417494204,27.819626881692592,172.1958397927413,5.327669878947654,31.22042268748309,2
4.568592074520408,68.48196257681579,30.12808411664972,146.3908292734948,1.6250369708671408,38.5209666013759,2
5.14932730793296,18.570216248474537,30.723184144308778,145.97281634805626,4.074548346697763,12.849509789438882,2
8.629183521196758,17.089755097493075,36.854468405566706,203.29825341626895,2.21693913548202,47.49262666325244,2
5.126784456364561,42.17464570184919,66.58654814943854,79.07978362563672,5.015574290921274,35.60359165732801,2
6.689688828591035,32.221503818804585,19.348167625642642,87.42234302025193,3.804322682238424,23.39691650789555,2
5.745696869493566,39.66581781140229,59.43261373176188,188.84816799959685,0.666458953488791,36.09714739261891,2
8.268298905555408,45.6094683510572,51.066801344348754,270.7924893541817,2.803204440483084,21.5255359574707,3
8.466743444905426,64.40027063672504,63.50468271054989,193.82477250760257,0.5,29.748255276220483,2
7.79610497320842,41.8467884286813,87.0502907248341,243.21043980363623,1.2550774315975988,30.91974871864409,3
6.959201829654133,33.52277378753827,61.47179531181783,128.2814193142136,1.345803771759497,33.62151638187986,3
6.153410694738652,42.96973246482202,53.88500421861792,118.14594108310911,2.038587826103586,20.40325356487871,3
4.7121879437131255,34.61709440386765,20.31255472562474,172.82665866230258,2.6059713239930336,33.833834339091055,2
9.0,31.319889958745712,22.206666077334358,197.68244799135152,3.246874642614116,20.58098156002356,2
5.36049047337117,17.73966372846062,45.40285276547832,84.42245493588226,3.1718185511914876,32.30973808253535,2
7.495469520549262,51.389562324421576,14.528857781206533,139.33908135850834,2.9642102558997347,24.82121107689224,2
8.089348358935096,38.62588586805893,49.23158876936829,148.64914161779734,3.49857814207214,6.76040215040895,2
5.667079254642006,69.32557478469343,7.97617163858483,116.0564892157313,1.125308037988682,17.632406132233864,2
8.057018790973943,21.05207815882119,57.283500783469236,121.88890867271282,3.1097680717572267,33.48122598812032,2
7.646319805008283,39.158328899042424,35.17449532099602,192.15346505295966,5.15168853977752,21.963495631374798,3
9.0,86.25814441317497,41.89895418205283,173.4842240545412,2.751295759704123,37.135478458075326,2
5.7959803003599335,31.20780965804301,28.774415553692762,189.9225710929727,3.742009148349699,12.86707322011148,3
4.571203974080428,45.26933495807752,11.522103846661416,166.84373451863868,3.602437067540018,31.961376784108086,2
5.741765366833233,25.683120343492632,58.520429187913926,106.33716615737309,4.293402645903875,24.524677049607778,3
6.8132803138014975,23.031449744380378,60.03552092432071,171.15515259195857,3.430708349606071,22.532147766241263,3
6.5873190906275845,80.94621966175356,34.727683521944535,102.39535488112458,4.268047843048997,13.216943296056682,3
5.909843155588174,53.42078985274294,49.928943471010115,134.4123330482829,3.760937068766165,27.100203440786995,3
3.6362038115341355,52.67357676475247,34.13662869684394,98.18756725908875,3.9859275130411245,14.911031498092054,2
7.20572449419366,16.073675297675557,44.32734766399369,119.45561039645665,3.663191463417558,18.639390974512974,2
9.0,57.17482776216606,51.38708798380165,154.52394236772577,1.4898159782559615,23.59332121588927,2
7.1963768571845055,73.14843891987651,48.326273868608105,127.12546977523392,1.2438534799610936,21.342747256228634,3
7.41370327858027,72.98954121657059,60.11454420114018,105.84187949877608,2.4701588122436062,35.277898181657335,3
7.358667959232653,63.366664592123215,47.78321013558003,206.889873579104,5.327460792264524,5.0,3
7.0955700048236,27.41028844809192,40.42126925557893,144.02041413110703,2.7425204341090224,23.216244784238842,2
7.897498950302142,56.26246834385984,28.57871548183867,123.60359767835378,3.4643392271379954,21.372213952623056,2
7.093060521778499,63.35169920953216,32.82241929514119,95.88004446490119,0.5,24.914889809029034,2
6.030984245520086,14.11112829822197,52.15077095087524,56.40025574284256,3.2906128510021593,19.55725229059299,2
5.306016634986869,27.574408170364304,17.47260221628822,138.89764931344394,3.1288620276249457,35.23881134977163,2
6.126539517078987,67.76314643486883,56.58710955119194,81.08906482400144,0.5,22.422871683393804,3
6.971194244675999,67.52091553343857,35.782844109782005,185.60182296804766,3.436333412956182,26.32946268455517,3
6.02587555831554,19.02833932757215,27.720911433881653,151.47455972992643,0.523529165017151,33.92255811506093,2
6.971508024697146,65.90042918538344,23.51913734827799,227.91803895690677,1.9119762526318855,25.520025378540055,3
7.158725200550626,51.906067983072354,50.115516784725806,161.15371366185659,4.491708019912416,12.30790474427498,3
7.7497691469052725,65.62017909214303,39.78037969295023,113.66711013701752,3.236177290256598,20.734156692151895,2
8.42419245325847,37.30957353132117,63.8314783484473,55.99961988157753,2.327324863545355,23.758828891485614,2
6.617011127718286,62.90366992961804,21.053865242111183,190.32719318708783,2.1988872009791938,8.534378164999481,3
4.538335152278509,66.8765754897125,31.327545654072054,85.05258697323049,2.3730116495502456,17.881907179400024,2
5.982343854771215,42.973301290885765,38.6166826280888,129.59277386551193,3.241333431736198,24.317332795229536,3
6.566093851109899,50.35505092346572,28.72214884045099,233.70441232774567,1.1990357139062078,45.12203939736586,3
3.746346865734365,37.02956740990693,40.09177996212704,180.54916745243634,4.686626202219996,28.711019603293508,2
8.582996780153723,83.03277897371758,44.792511496232784,169.49327272674702,1.2786544816836791,26.5773907308439,2
6.7135668687656995,47.59456121348468,47.2672635869461,197.21612215600544,0.5,41.90627969006272,3
7.072029251870427,31.55951349645636,62.59250696326691,195.35249094527637,4.486729697920605,30.878480909293224,3
8.5482896937894,35.68348172250499,20.447913568276295,229.0473215977085,2.3446180139107975,32.28894936385296,2
5.554785754786479,52.535412022842266,45.06640479902966,119.89103247655656,3.1056893859886534,20.93104217668813,2
7.361062896326045,65.06662343556424,30.2958577061775,131.16579232846175,3.9819465255142523,12.345255071507118,3
6.335203815347096,23.283463096989564,46.45020070035377,103.88076854691563,1.9208445781581711,27.616475504975504,2
6.223869699476121,86.95320005884898,46.46998279529571,148.36511818080135,3.2057186285301174,43.22199071288496,3
5.341711418293431,56.17350588111233,25.19620925151503,143.3883635414903,3.972322472382805,40.13032037770793,2
8.99840482052979,59.32911945938825,26.482714860488684,62.2523881332213,5.464852328812463,31.578407990469987,2
5.936749939886644,48.056209123531275,47.674645952043626,117.30496214527267,2.233411661251811,18.133954819750105,2
7.549196370343553,50.38517934702251,40.351067661161956,221.95582670994833,2.305579199461749,9.493659855097485,3
3.6874889187920954,47.03433724145194,36.705672389025935,162.21042974435426,3.8449899289879923,16.77752717749222,2
8.26998279453468,70.3559193807192,49.869802446624604,185.76993090433564,3.3128894460882576,27.1771159951343,3
8.078316733935587,49.841428250932594,50.97577713793198,143.97276660746593,2.7944463607577545,20.289888253587126,2
6.646151165445954,65.3410043698542,32.05554830947446,55.64532379010791,5.389034973762879,35.020556845683785,3
6.159586300793113,41.32304953294856,27.2192029353625,143.56820390852303,0.5,10.1081192665492,2
7.100000008420349,53.912810566246314,21.07121534743537,202.08482787604896,0.8673818243132074,23.712414359249667,2
9.0,33.92159311521158,40.50181180302228,90.71581043780454,0.5,17.333114467693825,1
3.8551449516447724,74.33056465099074,18.65259584277153,187.35194633718186,4.802519941499962,34.912875604445794,3
7.673041081361191,33.325055185617686,41.49142687343551,64.90841653536617,3.7720849818306776,30.42610972690557,2
5.132574046769146,43.50041111477348,58.25255187136659,151.00956191161654,0.9438823741997826,16.689944396433717,2
6.470122405550403,43.700791750905104,34.69810344570574,177.22592250733146,2.81544991297616,33.542097212224434,3
6.128179821382005,42.920972246524634,31.956935791897543,134.3943737865304,2.958486609991547,8.772365480145258,3
5.857522613303367,64.44991538885874,69.96767160440717,273.6235770226675,0.5,7.135050366410713,3
6.484302306420906,43.666844705267124,62.64552728781469,125.34047814556988,3.2824156919185716,16.148298382008782,3
4.798743282083314,77.87849061082146,28.531031941668786,121.0791881160899,1.2336809068000383,5.170989546909755,2
8.04377065419195,33.63049827739664,42.085197715884625,160.22460209275022,4.060002820336505,23.8743660012951,2
3.808784733202099,53.38754939885414,44.93017363522124,112.25134320813956,1.2795881313303006,24.19211948935526,2
7.309646769242513,34.484280213748,43.05490634089267,77.93312030923443,3.328739730781544,20.9449630856276,2
6.010196221198143,58.41945565062933,67.22010171569181,95.11651125388916,4.941855349184777,30.389156935760493,3
4.74361265928882,49.6810054604646,41.3084483862913,187.89933797739477,4.46184012151984,17.76608280618597,3
6.803575055898043,46.89875910603043,43.558523134465254,134.75302205623225,3.760747325575725,12.023640019851133,3
4.164573369940284,73.76949933007047,50.329934427196235,235.1010475250963,2.87799663533738,17.02768236096327,3
6.559570732579452,36.91316257889793,57.848795740715005,127.93818774637325,0.7498436443697307,12.796239907292833,2
4.365684638282668,61.73030315236,54.053487914561586,185.52551773661492,2.341356239550787,18.882436412023196,3
7.191908126476747,34.620801746504156,48.07127179467459,175.54209897309352,2.660990746090639,30.960173304445163,2
5.113463999554437,52.253704003207474,16.619502919091374,127.19245964099895,2.553266484775117,7.435817695380273,2
5.823508974456036,26.088493435531092,32.67793413912361,106.05955354170453,0.6997166365205452,21.60310987532933,2
6.940924081914743,36.749657073865194,52.29131810807906,63.409815053702616,3.6516521172358054,34.576182306939515,3
5.341186832236646,48.3571390885427,43.75598045918959,177.65603898400462,1.2286264915120706,35.71710470512777,2
6.413054000497546,86.29298334646155,52.39192950734428,209.91298662750725,5.319163415408481,18.179743186301735,4
4.22925424813272,52.01607740919548,68.30749092506872,70.50346641228829,3.2220317779780423,47.13223887419304,2
7.446313405394234,83.09336631733413,22.345551924110133,131.47775325016627,4.468893942021679,14.483913816348108,3
9.0,54.40646583381836,57.068652622068754,116.65408349036257,4.437889710518013,22.71529854097795,2
9.0,42.258315110501215,35.04454806259553,177.5684575160104,6.116897462407247,13.297122939258223,2
6.636752219999659,80.78713045201387,54.03024728912098,133.5673656023666,3.272821507858579,29.33085890165428,3
7.68230621119578,58.740352441468374,39.38168884947824,216.14902852089082,2.4149081252850872,53.012207250903884,3
3.8290614906387663,37.14556812234573,71.90506808339492,130.7803404516575,2.4438222128326252,43.4374103016662,2
8.754101489458382,59.41142918800595,41.95130404392607,88.18082702320478,5.244153962009703,33.46393767533152,2
7.664342757086159,44.148105001847796,30.392286634660294,126.55973373945939,1.019646876116049,18.925095651099824,2
5.7740998325731505,10.219316076574081,46.298119341876514,132.06926999206235,1.6828131327102271,23.32067021283637,2
8.355771200433514,68.71946318531235,44.85914171077405,176.3049972747331,3.355487641097195,36.16046386201141,2
6.1182858850319874,71.89868111283857,57.07145641165671,131.32404723172579,2.7708038189662565,32.495062692410364,3
5.812962225478165,86.75884059984551,46.72079197907388,172.00482567001887,4.451466686557511,25.829173897511968,3
7.213002388141237,58.442873843905254,77.12596958753954,110.47578639554908,0.9919601437808678,26.419124088535018,2
4.904968250254522,45.02553151834935,38.32893796896592,135.2661660102672,2.8995809885502015,35.55700820396321,2
8.032437146599921,66.69978854757171,38.50570075329289,110.74828616437392,2.719482386222011,38.03380272143549,2
4.9160152821097345,66.99640730637813,30.941709249204187,107.66792051619308,1.39163404400127,9.99262118281222,2
4.92491781526522,82.76562366272844,41.28502507531265,213.74167786420062,4.317990180949369,27.270297197834914,3
5.1354653173874985,49.10744753867116,43.465886816244314,114.24352142703657,2.8623235655578716,30.781732293132315,2
7.639250056274183,46.68842054864811,44.21815794933816,132.61976089261174,2.7988880837290813,19.678437773020534,2
5.574836957720438,35.68911160482945,41.00781513240999,202.2302229974715,1.7629448140973465,37.79020726071556,2
4.478006323449247,60.74924173450403,30.85268174909052,187.5000698135765,2.4452016258219187,22.114792639767526,3
5.591480000096303,19.034766635383296,26.775023078764672,232.06036083307674,1.4675586166191512,38.06790082331963,2
6.45193644397927,65.5217474572513,34.372394127466656,174.14009322520891,4.29564957804664,21.316576491165034,3
4.728541274503422,61.756702437315795,57.1230649035267,119.98003051569711,4.549223995132959,27.593746708929643,3
4.772478336448485,61.70140404916744,60.35199528237219,252.85723244779496,5.5200922872033775,27.372617827636912,3
9.0,52.764504730036805,38.845531953393476,179.1040372277634,3.6510800653821773,41.62626700790986,2
5.20915189427917,80.6595649506217,25.87625550298863,142.26523305991668,2.4911721100303215,32.40997033429439,2
6.01543644684049,67.43986930853727,38.78239584524813,152.873277485026,2.2965551653564695,20.423546991631355,3
5.949144498801071,37.85845617248601,71.37498152905118,158.96407897253573,3.735972065610479,22.277453866556527,3
5.867964788344337,38.21641900604706,54.98451752974931,138.15940626053376,3.301295331841371,22.23830759859895,3
7.432020109953653,32.40652373170727,48.26114037298821,81.20721990414164,2.738687780487182,25.184974203391544,2
7.922214425708074,61.02566665551175,54.44027375578854,231.33605261232907,2.60688213468629,15.554489111217324,3
6.041068352702612,29.997221575200864,63.10849917011969,148.90829619126146,4.7567856311587375,24.186684310115606,3
4.645282570111476,71.66784287166705,22.707006976793206,159.17482563513215,2.3522289842744373,38.68074735378377,2
8.411660341773356,76.45946616691086,34.11940196954316,253.90720296972398,5.020013890254063,38.236500643748684,3
6.356988363204976,32.419674620990975,32.06917550744777,115.83573683912074,3.2732042910003076,9.35149362412379,2
9.0,46.28902930814293,48.80671595606475,182.77426623570523,2.448178775126071,7.768047694089134,2
3.5,50.33241962724827,42.40166335959396,110.38506582150083,1.822096132036363,19.068684441604265,2
6.79310483192498,67.67966320939335,51.34466936034112,166.05105812727192,2.7682129051008757,7.2089532190836785,3
9.0,82.18686751219754,32.39668975199166,160.0752873125679,3.7550485058273404,12.366124613250445,3
5.970103796842762,16.29015214262845,60.579280760187345,189.53005485701584,2.434480562409008,28.512089146671414,3
6.161759864998046,43.63638564946634,38.959994377760474,210.40843588451668,4.275503329470661,24.62116971866321,3
6.943267537385508,44.67966608879306,50.41818327937275,121.0239454400164,2.359561745357448,7.790615989809972,3
5.661806271672564,21.986602902269045,57.9310974838441,220.83374203619593,2.8128231264133015,36.7003296801372,3
6.031892101920901,40.29779961391877,56.72686473242453,224.37404692806564,1.0699583962627548,20.78039011030357,3
5.993277358712896,58.555378887012225,45.41242612602695,137.50073076532453,3.839215255206542,19.817221996458635,3
5.558868898360441,44.42642194320886,52.29020359573818,149.67087092984352,2.5992364596456525,35.16555816196785,3
8.34328482530084,19.107576627851728,66.1249099595843,125.28249400252805,5.368305761003835,29.108792811712565,2
7.191617048444653,107.48165396019827,47.70401850962044,134.7279393078181,4.057215025902425,24.57579248174067,3
6.875942348154953,55.32355730408361,29.0553039690763,89.82621723749659,3.126749660591469,20.054120124672412,2
7.712856510335175,52.2338826021335,48.74576096445828,188.87678861645952,4.837764031540361,30.69620785783102,3
6.1034662501948,28.041472738659074,39.440781729706146,47.485305373761406,3.6076632741331602,20.671874640055645,2
5.338694272470649,55.214123239425504,5.0,115.1452574618657,4.512390181282156,22.716322602740224,2
5.596063543078164,46.715724319170114,46.92997035554639,147.69189744652164,1.7064427505140851,13.235042744140394,2
6.502674561656914,12.229531745691872,41.749759750234105,214.98986652139695,3.6917832873616763,36.42560334271968,3
4.911182437440647,28.594891199711675,57.34626657246157,122.73777153490467,3.7540827909045147,40.525957478997555,2
5.749608475119986,65.8985203534789,28.748595137675405,171.3925835551289,0.682888402168154,27.11893221425158,2
5.725825037192848,88.88035300000882,17.414355064310385,145.95079427748846,5.2599381961345415,20.138516916189094,3
9.0,57.343308100860895,42.53021289115764,197.2559450236167,1.2595016134429273,34.354497436204966,2
3.5,72.06166556586734,45.702660814081696,168.77928744786854,1.051556453101346,30.886509259362526,2
6.23057041789155,46.8848938283358,41.40749418078353,191.51046940198611,0.5,20.56230436942151,3
9.0,48.26907678638794,40.310630255281055,122.4682542422705,3.710783909740197,36.5114337206071,2
6.682766696198681,71.8195805523893,23.969095686905103,99.2987552920832,0.5354018596279797,20.75543143994606,2
7.630126210131639,83.25554578358938,37.916242945376155,168.35641595266813,2.224620770464536,12.138726603806479,3
6.649739472649652,76.02193386931243,34.773912557433775,125.61359904803696,4.256802581209822,24.342080918526598,3
5.498999928175279,28.67273849230362,56.0906311115116,151.51619359249858,3.288079364539343,35.843440303282165,2
3.5,48.66082219369508,45.689880460459214,165.86374701320452,2.064454109081609,26.02768370148441,2
6.808183530554454,55.55049368952591,35.83004317382208,212.09537653273622,0.6139807337633023,13.27365321067248,3
5.336590093096413,44.80644072984942,65.85827314634149,189.32853216949997,2.838580671882747,20.968755980748668,3
5.299496890752044,57.75715086831192,35.96638485677486,115.94951636130148,4.282912895479582,36.96315015304336,2
5.751519116031332,66.41153623337894,48.36680085829245,92.74888811212216,4.051254670129039,27.73824500901815,3
9.0,70.05619503910282,37.49617999616076,235.36905523772236,5.680171253861279,24.811202673465655,3
9.0,83.71740304443045,64.46728772542006,70.86701640128275,2.019812140004541,23.69586882642742,2
6.825811906292602,43.41117790550331,41.302896637204164,127.37485761544745,1.024449459428662,35.79877190363142,3
5.802849164132408,22.71933670321372,41.74621341836011,182.26224101610583,3.4649264682666328,35.14667689745749,3
4.734160373823185,57.164691880289055,37.901944618409296,231.9380623475016,3.317131842810063,10.98821613069899,2
7.202810242319104,87.67622062369605,42.947678890018224,140.51692374379024,2.9927105808241246,34.399281556396815,3
9.0,40.46048280091882,57.99306757971864,151.36714971354468,1.8804029853537831,30.164228042166286,2
6.128989419462265,63.73693954127439,52.68765767027032,106.24862892012874,0.5,40.92985832676025,3
3.5,63.91491584945285,40.421142716742565,156.3308056067602,1.4900801067724796,24.308685034550546,2
7.505074507723286,53.82884094689218,65.51987659684981,92.49230103495603,3.8356026994426147,36.35232717789526,3
7.978099567175074,50.13849442087429,53.09478462013854,112.48575233906736,3.425945397601886,29.689329766780183,2
4.121231539421229,31.531415885572148,33.42728321203976,188.19452770692402,4.447896000879089,13.86102351654936,2
6.7647262754944295,5.0,19.29477469399093,128.32115915690372,3.517772863548693,35.20597660630864,2
7.176839024204148,27.762985866719422,33.77479297305145,195.8624461026535,4.104025863874952,33.09421275739652,3
6.390339046986592,42.19391701776601,46.20023167825379,142.32464366754448,4.147098031516129,18.500735846932113,3
5.313843621371969,71.94845374845414,48.9580055594714,81.55799535645927,3.030712755492749,27.895119065655148,2
8.023905835345335,47.93743875297249,60.38706524953028,208.41826378556505,3.0412481305992523,46.0775409089115,3
5.894930381046976,39.619485621637025,23.581810373215,84.23369574740558,0.5,20.169611322385254,1
4.2722207559501015,32.18029116093139,33.412669990797845,119.91062455696925,2.0151238749567932,32.26168580554294,2
3.5,63.13611657018961,22.335359951882303,140.01504590309284,2.0798959108935104,14.051200297254189,2
8.391274279998964,77.1671433286121,19.918011826308316,200.29143103296036,2.8367944077885126,19.29691144755537,2
7.424995964706677,71.26871443734919,30.58271881070022,123.67575886548784,1.6044917480353393,33.10563391433444,3
6.631960320693754,62.12299399516938,45.49918366441032,103.6641418764958,4.406346020637342,27.566812002901624,3
5.8395880447237944,20.4877450723412,51.57091652335474,158.1336535780198,1.6777350529882207,22.987624232923107,2
5.706502378695309,42.966515143124575,25.774688400674883,139.30171383866903,4.653648962425829,42.024965610999864,3
4.886395027337583,88.9460845777935,27.860861209191402,126.63047004804194,1.5582674471060718,15.781874164778893,2
5.852816533160173,72.4390098383045,13.30265237014849,160.82426782439228,2.094330306040273,23.540207827446885,2
3.5,19.249935635305498,43.215283124154936,89.8201892303434,1.9802814703851823,29.917725164927518,1
5.395904519797229,48.88818953601457,29.017916470438927,63.90797295171596,2.2556489859962854,16.284924083295138,2
6.033593725473359,57.26196865322078,64.94547067317771,256.93650536341283,4.7679569190623905,30.09230232571057,4
7.414820070785629,34.7568307394756,46.14713199474392,155.20930466807886,2.5093730581094857,35.746754475278536,2
6.440110304939954,5.0,37.42831384814837,158.70904409811348,2.5475163065880935,23.853979609158277,2
7.692384670813339,51.97648090032863,30.383313586833214,110.9005309661461,1.88730505775933,18.147405319533092,2
8.523702657670144,34.244834847591214,17.579946697086562,194.88494217470054,2.610309788877111,21.875598599589452,2
8.087255140736152,34.323165218306315,19.481923345818537,123.32573699270768,3.324672764240161,5.0,2
7.205764771067836,42.90639280138484,30.667885681417978,20.0,2.6772586902074615,35.061236640518516,2
6.517794018771176,47.32648170690376,29.51645676963543,121.64833297456842,2.77456248221897,27.645903320316428,3
5.028817987379661,49.81834411808627,25.012422357310086,135.9293461037775,4.524045590406767,23.235736864520113,2
7.609916077068974,32.32020202155997,45.656420911635166,141.49581978327436,3.410474178811521,8.3320975393089,2
9.0,45.595809407318455,47.713983886222884,140.0494168627709,1.2736727688921823,36.090393254528486,2
7.013159059475627,14.851532591944896,33.12051404047408,117.75426915118615,2.872102139051111,20.62403320173797,2
9.0,56.22078130736156,69.02728402397976,112.92394701483161,2.1924747278249272,30.652432124338674,2
4.211642437908374,5.0,13.799059502258618,135.10106666039846,3.7815389363120264,24.88606751291651,1
4.768754922830688,44.21019839132761,40.87245848458395,67.72619564820425,3.1544097110758993,8.851015815687035,2
7.782802261622393,68.38372307353907,36.72129693868112,52.12018530947289,4.695466215505482,37.68543104803955,2
6.896435315229876,28.81318625450347,31.73948677049115,154.90277449598193,1.88993807591254,35.78583577994432,2
8.470673264857712,64.328604073148,29.53505730980411,155.73674371324952,2.7113697565802855,32.6403357207198,2
6.476792538909891,73.11465424241784,39.895601756314626,193.97002900269985,1.4038287687845212,28.148471917518314,3
5.198036866207502,5.0,36.61708259017407,137.2217344814614,2.9372956001202177,13.025212474218238,2
6.179610136692436,46.97274192848515,34.12185209331161,90.31863934462356,0.6951284749698106,33.68964085070945,2
4.200974043614399,5.0,20.51920547515938,53.01765924010168,3.482226848775089,47.04998844121753,1
4.807113990354448,47.63583108858108,15.728322732842514,105.49019620215671,2.91681062200372,26.161357802233546,2
7.9586659968770155,49.85657578037346,35.67225287206652,171.12598720287596,3.2327771070718954,26.356883049294098,2
7.809181121704415,5.0,33.968558432552044,222.07244517044612,4.182201965541246,13.981608226978183,2
7.044506427209115,88.49676724159731,37.04444709584759,152.7042706385757,3.337203733943437,5.0,3
3.918383718559296,55.7203161526925,38.37067303165737,89.32050548319441,1.0848336954241269,21.408844040313443,2
5.962394636730667,33.019531358359295,32.162464871757734,106.0039698747465,2.166190836689558,39.81668168799454,2
4.662500167009924,79.30758854997038,36.813888642726916,107.56470379678412,2.8797276428546343,38.43758713693781,2
8.264799880681649,14.087735587153666,27.197075378447582,129.70056992175947,2.5078507949885624,24.345917216506187,1
5.624416799656098,25.416579329633656,62.859187137449254,206.0447712497435,2.691062940967699,29.3012929438191,3
4.871378433827676,5.0,28.00389777775047,209.9454725078391,5.432178762228052,12.816382441258586,2
6.544694247682137,86.02090393078669,34.435289358019894,141.38720526125567,3.1505331691301395,26.11226258475952,3
5.539768314748082,56.64692742944007,29.14316816329179,159.15350550567987,3.5733894248224765,19.755688571008562,3
8.72561586530556,63.1880357969699,28.891276896926456,110.12210535632671,0.5,25.546711542898873,1
5.397783653698713,56.020024678369516,40.3696234995692,64.50457778231467,4.119006978349301,22.253465602949632,2
4.401157611163053,61.47535522289169,38.46648685175482,239.41691767313728,7.277942819337604,22.074938600882824,3
3.5,51.56155427791979,33.10809414437185,33.87564747032303,5.018481204427683,34.96398937733666,2
6.453820246379877,55.41842685414883,35.747860126685325,58.207984116772366,2.3397147241317042,44.639227484048256,2
5.657104829213111,52.15206872445901,29.202796735100943,239.82029275798232,6.421586135458823,23.30544345173638,3
4.35664309023241,37.82816388861443,46.025884565892405,150.83077023352234,3.041244549893309,39.18630385886079,2
8.283839691883678,49.06750469570662,70.8278911388607,93.70425464559787,3.4598194147820993,12.584356975492117,2
7.500867721143862,55.471891465233554,26.877380841501726,184.13518155446556,2.598845676318276,24.07761397162256,2
6.4576731815941555,52.21098239104261,45.90944835601907,188.65266530229889,2.560021697692083,12.03806368185668,3
8.5464893662563,20.44455784493366,40.67423435531065,83.36571774261277,0.5,21.87636158220799,1
7.4938040500979195,23.100266627831815,50.02944637198885,123.35773117652128,4.181241047829685,32.156988564968245,3
5.265716147722351,71.65682867832783,50.451894407441074,193.81229318528602,2.5545026887911724,36.186341252836755,3
4.941169754013851,43.86011908233196,43.081190458279906,109.15471268147544,2.7179089681894313,17.214745388048478,2
7.726972316680792,61.69450694071881,39.4026913582735,164.10818693069163,3.4100064662077036,29.580665206732178,3
7.094550434701026,28.157601805552073,33.483247005273306,221.24060931831366,2.3781326485486334,37.29994347663442,3
6.7546216519559925,20.5370824670694,28.52559470337047,30.375758422944088,3.395740165804497,35.877275977484274,2
5.230253295696639,33.12806774936574,38.54731508572323,132.9375840335619,4.804590764168374,27.589570193114653,2
7.4119213505086305,45.54869858457174,20.731167528734794,163.08179992837444,3.6072200305425257,19.108157629971934,3
5.366751675299076,36.697194014311755,31.09216014823797,60.3975307028296,2.769754294732866,18.111643038790266,2
6.347020018109483,75.87867046211429,56.60280436708853,123.51943048737658,2.8147573441759905,16.57350013519224,3
8.67041621958047,53.59046603074923,41.47768331619537,202.22493220709066,3.3008903686166304,24.683885443303968,2
5.508748646284781,86.97877237123717,53.38996628403325,114.78424256280553,1.751774553509652,16.768445498204777,3
4.140516114390708,58.08816308142835,62.04465829987636,75.78367820571205,3.3117895519138774,31.78039368383788,2
4.921179212194835,5.0,37.344558161277746,206.54159115811305,4.026856338710902,27.283367003278144,2
7.991448240031435,71.12083212917109,43.10988751290462,172.2250846765216,3.1312741441661416,26.83016878359349,3
6.882096706070314,19.808967550600904,35.47231158770867,146.55718542476896,2.363800653099938,6.595244543527048,2
6.3066839319668695,54.61067334422678,27.810913592865905,145.0804086445989,2.569344720255113,25.27779908702159,3
5.736359292032645,34.506318846723104,25.70547611001393,201.41412355524707,3.9782532604648035,20.408816873402372,3
7.228039861329785,92.85422068928372,52.64725558894737,164.72641625046145,1.3497356931245146,46.66417624121166,3
5.226342723514665,78.79195854860271,43.12940920728472,182.2806073134271,1.7753142842305638,12.200524601700362,3
6.958498352963894,35.163587165964834,67.6990460812158,115.37168025964574,0.5896484793288637,22.945754188228303,2
5.403118146780565,47.452846637577764,54.58078019385837,54.13224955966275,3.050998049009705,28.830985133266893,2
5.153510922087419,54.89196139298435,29.031805156954483,181.09568501042276,4.2928315136118345,15.272872117222981,3
5.5437688477624825,67.26828143123221,52.605132703401566,205.0463960833091,4.9972227396862845,44.28252686791426,4
5.936888830274057,50.58303824650025,35.42386691346617,138.7719016163758,5.322998764792083,44.4878814452637,3
6.426755246099445,29.502102012382664,58.25289563693502,194.38782918967567,1.9642887867131726,16.415823369442506,3
6.853183692666671,35.64882721599894,32.7049918413547,133.23936034115414,3.375046448267475,19.081918053619,3
3.5,49.910364072464176,24.213610596359914,145.46504193407637,2.396531488223946,46.46812893784272,2
5.2885241633798525,74.68913957529382,28.063673844078856,237.62143941936364,5.47146592833768,38.952707822171774,3
5.912645033965941,58.556757210720875,28.830026463776296,135.42399731467847,4.955169450158708,21.306532732152967,3
8.757593057912494,34.53170146769968,27.396223530720036,132.47153037233028,3.252107158465891,29.314357941091952,2
4.879996087426802,62.9674555541958,31.4108758659234,56.501023839634286,2.070966380683114,11.132716393220585,2
6.744194927149869,42.260303222436804,52.85037805487856,184.5036579990496,0.5,46.96738267015573,3
8.742545464603756,67.80816010373682,66.94066312399276,114.50793172728464,0.8496002737250863,25.72861552144738,2
4.530547205079091,100.5402083665721,20.047157266697443,157.36125055063462,0.5,30.855864025478606,2
7.090962838796603,42.82347258112901,58.95269564249724,134.24804562836408,0.8306511451436993,15.649540678186376,2
5.29659224909822,66.03210319452742,32.83444426038357,127.71036422540286,5.818271426867893,13.639092057012016,3
5.743049386566148,35.09213335924541,45.218237968033506,144.11352550691782,1.057437879882413,29.510912849824148,2
5.2953337490700285,47.75472465617405,15.18780954140054,147.9573830220296,1.4085855077424714,44.16299074770125,2
5.402214037376171,50.59124573744202,47.860525260172835,208.80395298176126,1.6192138015259183,19.595215603328477,2
9.0,46.12632679911239,9.92031404775906,226.01059283462894,6.897817093464502,15.20897031516991,2
7.766683808107499,99.26027377550048,44.70902608465248,182.5357551220794,2.9063216583132827,28.051308802283,3
8.152606792679313,43.86813850643235,43.858840705440045,213.57779567354282,4.491306399156392,41.37193034305004,3
7.237990230254744,61.73703077569736,42.86511451443201,192.70737353733577,3.2630931172837885,18.6141110583981,3
4.0906148173970625,11.398262613531351,28.976347740506057,174.73070509679098,0.5,22.501071316768453,1
7.092436955484961,58.63993126739221,48.24290011644466,222.7571467646722,5.298959201474307,33.37124331216036,3
8.10939442176102,72.84109184704494,45.86622264125076,84.57626845373383,3.6016451270109657,34.44415482012269,2
5.219900788941333,39.44805314841898,36.8507082453832,115.77688993753817,2.8174305314771493,22.15556234790105,2
7.94799000074169,5.0,50.07775460762791,108.95492365719534,5.6401911965173905,35.96646233199907,2
7.556504314781119,49.2269646234535,38.56593780151742,134.9306041680271,2.480176593435343,30.287683535347963,2
9.0,50.34367700771056,47.93165738363143,184.29501790421472,2.783377252864823,25.16191128084933,2
5.873325481229572,64.48150101488608,38.11181008908865,94.24482739066258,2.4823459191071193,34.02456418978505,3
4.8535835265864105,90.21806070826868,43.250529866643106,175.1399598405553,4.614436927969508,32.64604785778309,3
5.957557835941182,42.39892698799387,48.62084411612893,120.64695407978812,4.220734398035303,14.529872576936837,3
8.653356489745434,32.87423752679439,34.031311395729475,132.64679734065285,3.4179282927928507,39.8351224740275,2
3.7573911787370555,26.661643972571134,21.49245120618707,160.0207831716928,1.4223486787312805,28.453994659974448,1
3.5,53.96157234063199,44.14118508322232,234.06240695307497,2.44464960828621,38.75613605590458,2
6.63409291839742,59.58708517637004,57.84087067919395,114.38264738729364,1.4218735991478988,25.51793671962983,3
5.836116060838766,39.08689211274831,44.48726459436169,145.9953303253282,4.740551732575711,27.476393317451954,3
6.511591839763527,65.57365491451579,44.77213472044559,96.08873872014723,0.6379089624410943,28.988866568074833,2
7.917967656853798,59.30768153638351,39.367358402550394,113.90261418276391,5.39155678224668,30.468495053827453,2
5.671145980821722,50.864633792897806,51.08677979159801,95.63292825377627,4.931479316098792,40.28199416277846,3
3.690491253604069,31.95170558511749,37.21096875793094,162.2392543983286,1.6222066640474615,29.664413798479504,2
9.0,40.36271369030554,33.191518283097075,171.26543847443895,2.37527360454021,24.720108242191607,2
5.004157568841836,5.0,56.579473793122986,184.35246733619135,1.9313543933486201,35.09533066727475,2
4.911444316981854,54.715741283960675,32.041925225609766,112.31751445468295,3.64535069654763,29.304189830695698,2
8.155580020583894,50.526825774948705,53.342064196776235,175.39715392725128,5.118672340030987,54.55533100876431,3
5.923266318437723,53.769579821789726,56.58903192936563,155.6550039124009,4.778428974508736,27.914179208451927,3
6.404915221947784,60.08638031129121,48.50225398093092,147.11237513743362,2.350604289876763,37.37664499466075,3
7.224185186090477,57.71642972864446,21.26146720641051,87.9288586246145,4.882210601616691,33.820821375336095,2
8.125374654664993,47.792336387079295,40.407323638337466,157.66267496590575,4.757733051691907,5.0,2
5.999808960227342,50.973360863255046,36.97000004412074,159.24783099555825,2.71674913686916,17.632117210808424,3
8.77992800887145,21.91367166607661,32.5600111699703,155.08642222711168,2.985812283115624,20.60575588190533,2
3.5,38.325587086211485,42.14127381019641,170.00253786386048,5.312571126970158,10.003486158571931,2
7.639680855429615,51.00942107366923,51.53809521246322,184.72978295347153,4.587542820369534,21.04743073854379,3
5.240708662973514,35.28292848175279,33.121710098032025,95.09883455211403,4.837175976763853,11.288146020183836,2
8.558406974911987,67.20301591745093,37.429259885894886,139.1651956785824,6.878076168075154,13.908350629561333,3
6.713066718245818,36.82735838089939,36.38411599252019,175.78838007821219,3.820900524468558,27.41582209582572,3
5.490642001985897,54.326108224966326,57.458065683164676,136.58025895624988,3.4884970813661837,44.19397997115917,3
7.494261639532449,52.33131313630672,36.1434907328412,197.97117785309223,5.03690619198849,11.377897153891173,3
7.839782520810878,64.92555187220819,21.483915133573817,154.50892483462826,5.981731367200508,12.845155678053267,3
7.462841184287957,68.01582348056604,16.398477415142292,52.253867943822456,2.0829091042262076,19.67260610274833,2
4.95545564055041,63.88065221935879,45.440943498489546,191.9714459598847,2.6972122182200584,23.52823171154799,3
5.773974314566873,7.879875972337331,28.58977390171147,144.1448386572335,1.4721440691793672,9.578663492310893,2
6.493890744317848,73.88296296026253,50.03086757908717,61.51445834373568,3.5141249616167514,18.009150586433673,3
6.438110521024909,80.54616448389196,20.03170017239303,137.3855069856601,4.333887905736109,17.085493493459325,3
7.624618213157522,40.35751431357061,31.916317500840883,86.58178106926934,1.5766840730481446,28.183626909114853,2
3.5,54.73293825345699,20.041467257197777,187.65656427970765,4.700693280332505,29.256287137032118,2
7.0014905818302555,32.18336639738436,46.519160733233846,148.20795099269174,2.3200096311437424,23.472389313129412,2
6.06502796834504,11.032429865356974,49.732713109369755,103.81273175991171,2.1978138692534106,21.222354093584794,2
5.242249075424072,35.22569468915228,45.079377364549,190.54240284814298,4.6949073798356515,17.902998253473953,3
5.386269833345601,39.197219210727795,23.710955193942358,172.92628329981244,2.062289162644689,25.515780820184347,2
6.178193503223055,42.90298537296369,28.81354383834001,138.2117631487321,0.8947522841653361,15.239142553364593,2
3.5,30.82171819988024,43.514709829173306,87.72012802318196,4.115485664863575,40.47238004694983,2
5.448065643812675,35.33149666365522,14.68387887813454,107.87631032317033,2.8024465546602775,10.020982274118065,1
5.18627776303056,49.77987356743185,36.38297583418146,107.12710451469806,4.797088249765535,18.43696222149558,2
7.299174813983936,34.595460337797164,62.75358030003822,187.32486016321943,4.249486006145204,33.68201453982589,3
5.29170997623422,60.87048665100056,37.30066676229438,65.95513571778865,0.5,21.01362686185851,2
6.177329299744265,63.63321302794879,17.671830414520727,147.63825917184585,4.973301635083379,31.719732217021196,3
8.813414941491953,97.60775492328979,30.88886128485797,137.48578046139568,5.849624929270432,42.17193842629922,3
7.991527279723135,72.51359864246925,30.539615114836366,201.77695088877084,4.550405263896348,33.331029352874765,3
7.853407099915179,54.86206116656829,72.10463169754843,161.63682788376602,4.610790635320554,12.979748341548715,3
5.750191354383722,37.594714066646425,64.98518620770844,176.76051425718344,2.6284918786383678,13.45771768116095,3
7.3145484189344785,55.87494703347998,50.96403151152367,123.73199981349907,2.2849569695481007,23.125995899644852,3
6.149153299319609,56.531919198327124,34.853861038879025,88.45009062473693,3.318667042539284,29.430477976204923,3
6.205860183984593,39.73373821988678,58.00944491469585,133.72620120617538,4.379858037030789,37.06135559997303,3
7.1145280156198245,65.67462793505756,22.99810541424312,188.8581192963216,4.342100412179472,17.15013247402892,3
5.604509617368601,22.038039706362493,56.14862972866389,188.7445315575884,2.3433260285922444,20.15095918239962,3
8.739504656664806,45.11200328924979,53.919603061300656,128.47062144421517,2.191261352256586,22.49349892873345,2
6.259804790603094,61.117169186348136,37.729813980260786,106.96280976757211,0.7647698304244397,22.292842759833245,2
7.427540849389498,44.24831704815806,57.08779470026158,97.16604375464067,3.9703798880332384,39.95645205078405,3
8.683400718885947,45.864911931414575,33.29168305804225,143.16866986367194,2.415328088936989,23.959529920029276,2
8.047480661862762,47.24428277615439,21.023716028526497,156.82755858596664,2.548432804329763,26.53053160089564,2
4.386621345964214,33.28797518624509,54.669475194998824,223.65957564878792,5.591812769666258,34.11483302456644,3
7.167343842514827,73.47801863148416,38.721356062908114,156.16653788094374,3.8975833601765837,40.91087883772741,3
7.776079091690971,29.6392465615437,49.02670904948002,180.68829969035693,3.4843480292537117,24.648041190083426,2
7.837794533241123,56.3631865481977,67.31329887339109,110.97660060478907,4.245295935713526,37.59191361088871,3
4.830057748828054,58.27295796564747,29.166188914055546,152.0850502464562,5.1309210111637205,43.2777077059649,2
5.514447144474014,31.027561975820664,37.84930742740037,157.0039227768433,0.5737788597524012,23.896602926220435,2
7.991837353612432,51.46208508761487,63.54451756866571,142.9734736077811,2.151557344577334,19.36361535533041,3
5.357359443976032,31.807356545105957,50.03097596282925,148.9090601565037,2.651797802134965,46.87067284768219,2
6.050455915003528,77.82084950111891,29.503258836931053,156.3109233810053,1.5324871015446901,36.21082149351284,3
8.863813714252954,27.22434126047574,25.67473444690782,174.0518406547158,2.6021676405090233,25.124907468840664,2
6.428301124422815,36.92205811536071,32.07879039844981,208.4559021706881,0.6732976479395409,31.499616297085026,2
5.409838793249236,25.515499832888388,28.923779427956823,36.7226104180145,4.383268890448566,14.55023825247308,2
5.1835739647056425,22.84602546264896,43.560221792342965,205.6868757069344,2.2237431138983528,36.09418819927238,2
6.999078994377782,81.82430581764586,41.176517607963994,64.45959418410115,3.3014345968292598,6.999696071684639,3
4.5002779872841865,60.85549347825124,44.18856631413027,165.43814105183762,3.076962929485789,35.7064213983987,2
6.1289960541553725,52.80586851401088,27.387807976603263,267.78144845442364,3.8361291016860433,17.782891319095388,3
6.999845802485033,36.86846073306157,38.93749138712117,147.8729855787109,0.5,8.461213999679444,2
8.448724730821501,68.15223622093536,9.164503390656751,159.0009569707321,3.675395581586952,5.0,2
7.501322120554994,33.51555121265094,42.1750947604205,134.48701430397662,2.5873624197310314,20.238474204687115,2
5.4289023230267315,65.87278588660206,57.63160967433798,183.36311736324686,3.610295890822041,32.11113825774958,3
8.26762897634558,32.549774467887275,18.628811359807294,168.11042763198708,1.2308201883924847,11.101081385412607,1
6.050727443678784,37.10984596248656,47.251423459711916,116.19763776104645,3.62051110550971,12.644274105576853,3
4.646445466925886,65.16564772235841,30.834784723591554,144.28234724075895,4.947767789586319,20.057795184813358,3
6.241937961101791,67.27654688311534,52.03751730540054,94.07817481113936,3.2846493896987536,33.07553014485575,3
8.657253801718554,61.949458677935226,42.37971176818418,144.05292893838424,1.9241387600520747,34.325294858465355,2
6.747860075097388,29.006517684864104,46.07056168990661,129.03139065416315,1.9897029106000301,26.398702657020493,2
6.51878279649468,41.06546268554342,40.972358481331604,156.82704757953584,3.86436195134286,34.833696334909085,3
8.95581746705428,53.13797482397027,59.92497709576529,114.50430514290304,3.8544664682896213,31.876107354110754,2
4.35296772941836,33.014380761798165,45.211157165426535,139.27841549569,3.534812974090129,20.83012704233144,2
4.571601328920842,77.41925520258586,29.418644289963233,150.4386387594072,2.9437124550086162,34.095121105888694,2
4.076230293549752,5.0,41.48072578481506,153.92088489783288,3.304439963026637,12.15822513641466,2
7.0589722797200825,34.425209692616946,34.46678435550926,163.7141857852921,2.9026363751944313,29.864863982101156,2
6.749739690672687,39.808669942603366,42.43599859779384,141.2916167359507,2.428678441100359,13.339856106242467,3
8.814104550919664,5.0,33.70345431449781,110.66531705341518,4.136215365230372,26.428005393890015,2
6.865212615705155,22.075417395276183,29.84783896680528,154.1036636324789,3.46517526171166,37.18567700529808,2
5.893764260781046,62.50579025084137,42.98908319122669,141.05710872021186,4.935812492883404,27.131981799151518,3
6.502692309317161,50.60567273105928,40.8368444292483,201.2322821053605,4.675298070276048,24.874223502576598,3
6.676561127691437,81.46272044085805,55.95933767568771,207.53707504551798,3.4162207985160666,27.260310994975036,4
3.9923580900077495,80.90452891769638,33.77566181300781,81.39597822814892,3.8930709497944695,31.633094920843952,2
9.0,58.66092757207893,10.287192287570392,180.85772742088756,1.5642191028961783,46.3400201865857,2
7.279806527152867,56.264764980014235,34.54193802305031,190.8872080544954,2.8836157830581275,31.524406704269765,3
6.8150124620338834,51.318622171578006,15.603538616251345,82.70843520679301,3.5139942451264568,19.974861709677317,3
7.42274597641787,5.0,46.23507961144864,178.9736409456357,0.6258959170889278,22.913470469768818,2
7.564116470879908,22.108809733478495,14.891531074768185,194.79774588831503,3.644133090478706,15.988733831907943,2
6.289169771746352,52.01351006197868,25.17443406378848,102.51766810607049,1.5611595381255963,12.607618524891544,2
5.5531382956389495,62.32051417495343,34.564983125877056,138.18291884394807,1.725624164207252,5.0,3
7.399176029482556,55.79339624276281,63.159259071417175,159.3159967910111,2.2057716642520635,20.383979084451994,3
7.078566260797179,32.15070064568685,23.906648264276235,178.5229030049639,2.9542400006390137,10.95562386133434,2
5.285164851365888,68.74812564938992,40.186074747198795,100.57802947761982,1.0079571644528094,25.97053328084864,2
8.628553417050895,79.64888057509273,48.69964865435888,207.8503348907806,4.284965211920742,19.905252486127964,3
6.9400280544844755,68.7597920058268,62.26090829831046,48.532593496719855,3.2661273590432724,14.144782466766124,3
7.594729043401446,69.79198659180942,51.666921275821146,216.187277446275,5.887468545840767,5.0,3
8.587881331519878,38.81548404089578,56.408604274486976,177.5133733894959,3.4501206832798745,21.506612126213735,2
6.532833231747253,71.51868245401599,52.96460588277312,118.9114244428598,3.8562077668544923,7.476159614341494,3
6.975428010476173,52.91517278655314,21.86315542905791,193.22029213535401,1.7192035983710527,32.06161848285115,3
7.715040857759175,60.231110570440094,45.3953815647557,97.61004781989351,1.2272845633300757,27.548975694283257,2
5.412708374299921,57.30863685649418,52.72991428258334,155.74680271969376,3.9287341836257506,22.73201589447447,3
6.581077494269001,47.57025789119178,25.6524956548897,161.92524369042977,1.3600650517398696,39.50747259655328,2
6.688322879976722,32.799950497553965,31.30360184913966,161.80674069795072,3.962774228328472,25.098265122421882,3
5.065912172474908,48.35726672891907,27.952115573094154,108.01412214423269,5.559786708317249,28.860821584982503,2
9.0,69.73523234965646,51.589344789520496,125.19614138212114,4.418653029365595,31.87464452190044,3
4.3890598347613965,41.17048389374181,38.96078319506302,156.33724330754077,3.855669924353061,19.831176482985327,2
4.5528441444692636,67.86694525216292,35.18731158497354,113.66281285167108,3.4042456647141304,19.88709223251005,2
8.471339863555368,64.74141341235344,20.774951250205184,163.57263971383043,2.424060061182426,25.41446920139586,2
7.5698993761948135,44.02125205960339,38.98908620209311,119.29370158867107,2.828158291480276,11.534749503771852,2
4.9610527737788335,77.77600207239153,31.486174675228767,200.00000130386218,2.151856989407866,42.853138458336545,3
7.410933522652539,42.88906657618588,43.65009347896243,228.13424752854678,1.0268936735492888,26.60778145308581,3
8.701775667495966,80.19093725225264,22.855492020318238,135.12679126713704,3.0531410138724,22.99058489234755,2
6.454605413604521,58.68253963081945,42.66859389259301,196.01293804850528,4.661833592332951,45.8552697237257,3
9.0,49.68268163092973,33.41573844251769,139.38477292117003,1.066802228893373,13.98507435501745,2
3.913907283697947,32.24397239324692,21.2605461139728,103.17844016293282,5.097744649204989,40.36150723738942,2
7.540735180788653,48.23479539729917,20.0907394318278,128.71411297224188,4.825776349292367,33.13293799780993,2
8.249792504331506,45.92480973011159,22.344694179659587,154.27848703781066,3.5954982360178436,36.17029488362799,2
7.83701585240787,24.83407229498189,36.904014138391865,60.652116778646416,3.6075680224115962,23.244501253995793,2
6.193466410031528,45.64769154564666,41.81493151545251,181.2828380722748,2.720630400734679,25.558653214443257,3
6.064337776983276,33.92393639805829,44.04735448565772,154.3010424468182,3.063024905002929,21.567066819239233,3
7.166217756630886,61.719835379575635,44.61329376592671,200.02719787345774,2.304621789553104,34.9634220813059,3
7.723631729978104,76.12560951456406,28.622151085311994,180.4068776885679,3.047457116368759,28.91735689643661,3
7.403710154423544,25.46168647409519,55.876043621427634,155.99741585819442,3.209739241706261,19.41514839358792,3
8.060086836190084,84.24615456733845,33.36661710987771,132.20825323252686,5.821866000527108,19.87441659704526,3
4.971695064399897,47.42897931229741,46.752246400895984,226.14308608514938,3.8484240665680485,24.851870266414302,3
6.158343531314548,30.499572301229716,37.53766849759275,258.4936343418017,2.685895397258883,21.677165570232848,3
5.0899761018143685,65.15509560416366,45.634318475545626,133.04252974700944,2.851639969844471,39.417728562587556,3
5.920830835870787,41.07091043489904,36.78507900782629,202.11467368512757,1.9301125975246283,33.08215016934733,3
8.022831337721458,48.36526647937011,45.904523148618495,114.66251705173488,2.177356313822,33.0611192970296,2
6.6619758810878436,41.91443511575842,39.88916695179515,120.61570231554698,4.366043537614373,27.339171984730523,3
9.0,33.665241362702,52.20760855976033,130.68775242507505,2.259049348754034,16.734941884406446,2
6.7901095507845755,64.47994064803808,27.719724351832028,184.23413438031747,2.0736960799280855,31.961075536701156,3
6.589537820869604,44.273971942116255,13.451629961641324,96.2543352830471,2.111231105954841,5.0,2
6.659274379160324,21.26696415641508,25.39963870848855,227.4982113502117,1.9062314217350127,26.74055200244034,2
5.5432869607100965,61.02120248431866,56.0337762285705,196.89361286865147,4.690777613015278,16.878810672475968,4
6.413245081433609,25.888352979524893,37.681617701683905,183.07576027144404,3.2140546137929773,16.108831395634574,3
8.19168204066747,26.934796546494827,41.38093443319843,135.30926669986556,2.5765280632477374,20.366658442308815,2
6.670956002191659,73.85212409954633,24.195450789304193,191.47437949283707,3.0439224597850583,24.160631443317406,3
5.309810405174793,26.07320201579576,40.983305877254175,20.0,3.3259357645870136,24.765843778671762,2
5.1123730692820475,5.0,24.657810338909556,172.04506817462496,1.879059718385172,32.902381527811215,1
5.824697162501235,62.45722969922991,26.863280874208677,158.0061033831373,0.9156065889536782,23.2611521993491,2
6.610795151616321,43.922731410377395,33.962744757641794,55.689221739105264,5.00775407720789,23.982664646662407,3
8.290379803214392,45.646897577237674,46.676458867632185,170.31264913660843,4.482035614884685,11.043872037634411,2
4.489267037950345,43.709992132996,48.27771370963765,179.54458629380363,3.5667038907954542,12.346118788037003,2
6.020260583166865,54.633398780374534,48.68567346906755,57.31336275829108,4.378790904993155,27.870690437124434,3
6.7164650291526184,34.94561516193864,16.17873827433439,90.66142911739595,5.8715460726463915,31.306683813991214,2
3.749441348555848,79.52229749131529,39.90003249414608,253.21945759254754,2.196894445265732,22.395281248030983,3
5.249602575550391,20.47539039381203,37.04827249925896,140.6823226948767,1.3199489137964067,34.32957966149372,2
5.48016719039572,58.89749833354246,17.017263758778167,198.78130297491936,3.992274931916471,10.92108079090539,3
5.3060444392242525,62.84242007753168,40.239756500832975,206.34009621448376,0.7997610450921453,28.985387227970715,2
6.787834317532472,34.80696478333244,36.24359173844858,169.69684069976338,3.0569589808097692,16.482223941105513,3
6.259160585747304,29.525311094443634,47.672885081768314,200.86206755946392,2.5523528754588645,15.692498314750624,3
5.667070846098445,70.34348428340313,41.21870614359704,44.35558209176409,4.010831676613145,17.3508407591519,3
7.141943939828953,30.1827849196657,31.760192045751204,138.47352941596714,2.276587803364158,24.192344311209478,2
9.0,37.86672118498866,53.886436756854664,20.0,4.799654666555224,29.388969295237892,2
8.958884775112628,67.74617924919492,6.6814974883731395,62.69531677163759,1.8796747417031554,28.62979209015348,1
3.615842341906496,50.694824670780484,39.036023073555846,122.69927515075264,4.0587009920580535,22.095178160624773,2
7.3656082757527095,14.05712664741791,13.551236020120964,116.73077805019095,2.0003794340078724,31.322673424230683,1
6.232965064904242,84.94118289107028,26.3171009319082,152.07051445712398,3.822681742837309,41.867413933500096,3
6.732733014298034,39.39978482440068,47.87220554514025,148.96747441985053,1.4780313199584443,23.8058879854896,2
5.902575449686177,41.94485420187166,20.887037793387957,156.6871214990616,2.963829235242873,25.947957737610434,2
6.676382944830803,55.115685046527304,18.64423271944098,158.73548243153397,4.983137385241243,18.882700216864098,3
6.727111094108028,62.50153594008145,75.72917475123437,166.64613623014856,3.1725078002126117,21.080414592327053,3
5.631572363976615,89.22208582582934,19.61066422869753,102.04776612940191,4.774615771676473,37.48347265348947,3
5.155448678262228,16.798637011886072,64.7578135463196,113.76038403180993,2.960588280108874,37.58658218423167,2
5.826956476070774,66.51904417851891,37.416967531311094,148.15609703526238,2.2424261095347844,22.989325209291337,3
6.851388896685148,64.86019388100154,32.12756317841537,148.9328524663538,3.2579737418436756,29.902516660877417,3
7.398494512526396,47.256701782517666,48.50179585882307,95.90363173518506,3.927594983824953,34.204572873590806,3
7.78002346601022,65.74547389632444,60.048911133167486,204.07796905065257,0.5,20.534829612489432,3
5.758714965399631,68.68548035273093,22.808980868375073,186.2400338775413,3.7834275665380184,11.940917488054978,3
6.925766850954105,22.36074430025991,32.346253154072045,107.01416573184358,1.590247240758001,31.89308949758022,2
7.943753887929947,84.9953301176166,52.703046020263784,139.58169935416572,1.2173433255589492,33.96387616129878,3
8.248392342716192,18.824754937237167,44.319914686405,250.47698253985578,3.8078650002426526,32.49278800142266,2
6.4117507188027165,27.293674375224537,56.52876745962074,158.02885189171408,5.0077543912192075,21.2585117589062,3
6.168602412590581,44.764246527518075,47.72667931647669,169.78429776000328,3.3246092772192277,40.23110871409003,3
6.7866863507545885,88.49881026374112,67.12336013723723,119.55322244344352,0.9668889722203522,27.842647584534596,3
4.775438790653892,43.83486740493227,42.678828982504754,134.34439457358292,1.9941592345664563,13.524104317529906,2
6.209585733446738,49.361322198983785,43.32716722496443,225.5662992891701,2.3725992377113263,9.039125405696097,3
7.616879597709695,78.64157207809127,44.82582058023698,155.6647213646268,3.294145410343104,22.0280578404518,3
7.462920694165552,43.993637148690546,37.86266722410163,146.45358905635592,2.8921802274955595,27.248115301025614,3
6.094598593454166,26.431265741386486,52.72130738201387,150.3820542968233,3.7428447051652585,22.120538169342826,3
6.82657730163075,41.65530329523371,43.55561835794539,277.2691394207592,4.4999592459644,44.93562398839428,3
5.263024489563969,77.41583667611555,51.82270013717716,151.99037515739423,3.517116867286432,29.039835262447337,3
7.555238222337537,51.417299941102726,54.1674978043624,108.49616503931993,4.347121038867155,15.268512637125427,3
6.383267845795291,88.6131651811252,46.42682022340491,117.23245491923808,2.5954345334629347,5.0,3
6.086072822455793,64.7586985252431,47.525744863512955,189.0378001194052,7.9438566898913265,27.350140491998264,4
5.95741424585992,37.10382127213033,24.84505318605199,78.57594366766116,3.8297708907543804,34.88954089694155,2
6.405659199650213,51.02152608930157,31.744696182702683,172.52914907321147,4.0260729471804595,43.63767208629828,3
5.828183532602062,32.93563763716241,52.65075179486097,113.80912361752786,5.636521215581754,22.975882537155666,3
7.487214554003845,36.631339387024596,61.3544677272777,57.06152217739961,3.1322682042881635,42.21999104758159,2
5.907074677975729,139.58168502051512,10.893546617374597,100.99638915432027,2.031737532899571,11.410723607816841,2
8.889446144041072,70.37249020067622,31.482052791228778,151.37669048393298,4.959651068878408,21.56091954013911,3
8.697815755222072,67.22195978013346,40.35430903621975,219.75836967464085,5.047714449901892,14.85602545842887,3
5.162684765218243,37.53639369383872,26.810883068789835,195.66647059733188,3.230259457586872,32.92100908750765,2
6.604556404143921,81.39168132562158,27.662205337274756,135.31548869146235,5.6394413067663045,11.989226201481777,3
5.524015067995707,71.98831203585874,47.123798106907074,198.60935349090465,2.8750712861323153,29.01749624584629,3
6.0100286552170825,87.63242578715543,63.7206395375715,132.16100853804727,4.398424423684721,12.581706285688789,4
9.0,86.66228296796899,9.522646655167886,76.67442076270554,5.273298595130507,42.577815530513796,2
6.038642874326301,20.41821423804956,37.44285776527455,151.05438178163382,3.147493523134223,21.25743962473209,3
7.040339055616143,27.803210214601854,46.949205126855816,74.70330024966077,3.6851971647543205,28.7796584915246,2
7.311981941012418,29.924243690727273,51.70320958300363,189.57041537425312,4.539022666580641,7.112273772676446,3
4.999055941275139,31.12118713335126,44.78691014603558,190.2940044503439,2.450722637681678,10.051977849128118,2
5.217356788386192,56.46904728520781,66.42103824904173,106.00150302348689,1.778772426722261,17.266035294847523,2
4.690966442887822,38.66393095808365,40.43359889988691,157.2798753412831,4.999472715266318,33.50518127769223,2
5.171043899153334,91.45197081525038,59.679891855881465,156.80246170957204,3.460148751993139,31.59090486193554,3
3.5,88.09359764163275,30.30448494481046,193.59816908836206,2.241615690003683,35.85389961099943,3
7.3168736011904425,49.87076811841921,40.86974419883275,87.74658730080759,3.1411751575211015,9.90269176815579,2
9.0,89.1065243229958,21.80927386301724,179.97437617840902,3.7627984439498148,30.068693732713246,2
6.72173110855479,79.76269254480404,53.51296660823491,84.1615374497245,0.6460509926565723,19.40102532232489,3
4.375596710989089,40.985868816454825,38.193357060382354,188.85943688364353,4.073989346376142,16.918956635176745,3
5.535835425650078,9.81569311948877,45.367315937798466,203.1348700666573,3.6126693057628625,19.62772335877787,3
5.8116847324625045,45.64063230078541,35.299470530723895,116.52043031800537,5.4826486216643655,23.83532205932935,3
4.9736228341799364,37.10755737843054,48.79642752488524,210.95644332707695,2.671513024262078,31.610444159677314,2
7.790273957592735,54.13011250291661,45.961509607836284,71.29835184906057,5.065676150262387,36.22805300888878,2
7.715390066563001,51.78456573749498,25.080228550431904,204.97917226052743,2.933031688002281,30.21072128341055,2
4.766822309273511,51.26035317798457,25.948488511254844,221.92281190813202,3.2087611329890833,31.33270736220866,2
7.587621566671261,60.47369482758329,39.58346904487972,167.29075970757657,3.4214268732869932,43.23049547979606,3
8.790218995365898,25.749561058326428,49.89360936109986,140.22371094853196,6.139879988142182,31.970730916065616,2
9.0,58.22720555139416,67.94343329670771,165.62099100499614,1.140764103558614,22.8616516850757,2
9.0,41.207676939659876,44.54486284998593,119.81208156344364,3.7426127682463024,30.81104734818073,2
5.147011025835203,53.99964399727374,55.1129710373281,281.23133395813716,3.0633471558858423,42.07645904228449,3
9.0,69.1481969046438,15.80723597853747,120.67343547828543,2.9571972582375414,16.29639334696764,2
5.968690417236818,25.512004535579408,70.19433774150974,215.87005848286594,3.874516138905434,20.69063041656663,3
5.611301816929228,44.37412694660861,49.08529316693789,112.9386291287929,4.659001606953383,39.50127749349284,3
6.990608562316768,47.629315319422716,39.2559323326183,229.84041397518246,3.797448129872833,22.095270825694985,3
5.6269079988604815,39.71462056858718,37.52955928813112,250.6164290877585,4.852807051494052,32.64289675174453,3
7.098566210969789,67.99658992265914,23.392003032115028,169.29954055096718,2.6235582110561886,37.890872569979855,3
4.519884218394047,35.59223282399057,27.680698064197436,164.3328634283575,2.9271716719634573,12.441795210272922,2
6.141871096904849,38.89199201115322,68.6565344820012,102.17104876077107,1.4986932713868282,20.91577389209593,2
8.428373351542518,35.80161734095871,25.164933425709812,96.21661952158577,5.974358535137306,37.04689284039352,2
6.4144080628532665,71.84110822877604,24.875983632004825,164.89573025828142,2.719931296385163,23.735734009922094,3
6.712393680109824,40.15111775175566,29.46669270886631,222.90962385905604,2.5541776851972062,5.0,3
7.2128879070759675,59.20090781767112,22.027288705580908,122.58987554254847,3.909994085440297,19.90030226957882,3
8.25599244397649,89.51410202460148,40.22959862268265,260.39646088970926,4.660619191084566,32.944624548454314,3
4.01716293171585,48.50363159298829,56.33365768997858,119.49270301850811,1.961878153323032,37.76493099605779,2
7.376786077756152,72.24121360066314,30.8426151059195,161.46959703749854,4.780031215841951,25.50845298614804,3
6.097791291137355,83.42708168186256,19.40013580358768,161.60082332018277,2.54504726670094,29.837816083099973,3
6.749956842967758,70.54383120080828,44.37791969521981,144.92328123822415,5.145929331341157,21.309398737973634,3
8.089925254643564,49.66397368044519,39.16338493480281,47.808624183688494,2.188636494474666,34.03184213538326,2
4.7087200228822335,62.842155179972266,55.04086825122437,119.0463449784552,4.10317098709259,39.25195557209827,3
4.981033337835366,24.25242813729309,33.182375510465945,159.98196461514362,3.0640647298716943,32.68199900254481,2
3.5968550604292906,34.39913683700096,36.097648305599876,145.2007452009893,1.310433234457586,23.818332534872663,2
5.676261587354335,37.90649636736162,37.757044531850966,181.81013297013914,0.8760533210502688,29.34111065241483,2
8.495648516568224,94.81224240348564,41.33506165830223,187.8417955995926,1.8855707090660894,34.52487901137117,2
6.319119217289796,33.74830971489466,34.111574839636155,137.9960769410545,4.488835337870747,25.277016878791834,3
4.489812656517821,33.450464974763406,31.680338379309866,101.87848138422768,0.5,33.005290161606844,1
5.7714818831374295,29.12158039502033,12.24433472677238,227.41588526917064,3.500918959838872,28.703089775637704,2
4.268207444764066,61.196235238615216,31.519191863198245,82.2268834742174,3.370335783770976,39.19357803012709,2
4.812220847403257,52.852427853377655,50.72834902122628,120.23463882839258,0.5,32.0013764606265,2
7.08322836539557,71.7351795405313,52.75368279053329,107.50200380130994,1.804657283967851,20.014426031601815,3
4.739190010540957,63.425193321547084,32.933304646130495,187.32288109010537,1.8018227164704483,39.044940098812276,2
8.168951457804953,22.39220306551865,59.492289972726425,215.85109872402955,3.0790372066586116,29.60055192243817,2
6.393319563754496,33.854444599792586,39.569438924494676,141.31533122445276,5.199503674106563,23.60264061207197,3
6.628392055916788,77.30657496551643,19.932304422760783,161.48883801674563,4.612442890946738,11.459963070074245,3
6.082440548588159,45.9340351084639,15.214239153186163,171.43859104945747,2.4595373273519354,27.31378929058169,3
7.659271757815585,73.75183636036026,58.27386883929589,240.20020492944303,1.7558737660291517,43.34888894409564,3
7.674739831665516,47.00638104169366,34.40494412108389,61.32132788934112,0.6624392515809374,5.0,1
7.002581527868257,30.646871434229574,21.789032153911315,187.21109495634641,2.4320872746776496,5.0,2
7.347183658861472,43.93478444666588,6.1108574284669785,168.82623739697516,1.6518191708108505,32.67339352777918,2
6.181865495119362,30.63900408900608,34.064258336872854,131.45802373770897,2.945778027441729,27.36172309397802,3
7.313304510363572,38.688944751951524,46.07126288494542,166.31133678601478,3.0026157946162044,31.723837158313632,2
5.99318333678929,54.01851413130492,29.53463283930693,187.0414487914959,2.286621101304143,19.736140715575928,3
6.503347433243603,60.23210180738041,24.201322597991926,179.15813562414016,2.318033729264616,5.0,3
6.088034375950554,18.19617353491404,31.75936347089909,257.92503029581496,1.9593077684471576,16.680149984143203,2
5.814172191021206,49.65263984981804,58.64788028717284,156.37407938968425,2.2312807551846,40.60005301725322,3
5.466332303417315,38.267685288804955,19.10527573487214,151.34525916451634,5.15387302605812,20.484107664721755,2
7.201535155788328,37.03170382082375,30.37448454366224,140.93506071651126,3.77671206275443,20.570713302204016,3
8.465908869220195,52.65369238266154,58.161366094263855,177.6489418572944,3.7970254131670735,5.0,3
8.25665295750434,38.990962546215755,47.412644341356305,148.3970869257026,4.517914361989993,6.955200153546333,2
4.615151996081847,77.64275989693348,42.68691720668434,150.66045725323835,4.3852838988029275,36.10167163913629,3
8.43380457711031,73.7612375250212,30.27330796875627,150.89149300031283,5.137146587959355,22.40571945029634,3
6.022762247573107,73.6365658788408,40.45757221750642,143.26957152549534,3.8826271642748136,34.91201885655524,3
7.401099522718387,40.101796090193965,31.932563973200487,119.56635989237961,3.307716661070462,17.463006284369577,2
5.140677001929183,30.750023301613552,27.109208033938735,170.90532690984554,2.1138430531795445,10.322179620103347,2
6.712969870811008,51.64059858776231,23.799137870473896,135.74762174916907,1.7637720123270735,22.39076419114826,2
6.970584774345361,46.99303267427466,51.76143394558748,180.6839751410222,4.323385892594668,19.27046880867202,4
4.27309281212052,37.8235367515327,39.093908016757965,155.53838144639985,2.8334175335931473,16.669098238840604,2
7.412400749516284,26.48531106666077,44.71770615704044,130.67125618354765,0.9601803734012715,16.929906167157696,2
8.518902511757473,49.16964061463857,42.27509778702105,228.24152025175323,0.5,23.650618973686967,2
6.238028081477558,41.918610994950534,46.61378241712539,144.88437072265117,6.221441728172222,20.084313715381263,3
8.540252196242019,63.76694074076039,36.179218150211625,181.1411507280903,1.5210956644937985,15.677316728377628,2
6.215459759821389,63.30212103042959,32.775138234181384,115.00085470039494,1.9706419240208475,43.04714373283295,3
7.774376796569926,72.01599610845435,27.770795059133164,48.723033443441025,4.842116884443484,29.579550248318988,2
3.5,24.814088962399236,18.790462998893297,121.65004161614765,1.187138050004724,26.584827541152013,1
9.0,58.021166153872656,23.169502440656252,43.12756468001031,3.7971150035932197,24.334545979651683,2
8.743187367864437,35.450685875326556,34.518734183496676,138.1568566590376,5.732965248073141,31.65614666495518,2
6.073061743619482,25.591715783778305,15.954407733467825,223.43235072695268,6.170745431611761,30.318234333634564,3
3.541866460034273,41.4279552610258,19.265711437959546,104.73574889616745,2.3288275732248715,14.657208449032213,2
6.932042552458234,71.37409960269235,55.63209838952766,44.69780712029059,2.9819446607611186,9.677298748725336,3
4.334111679389364,42.55363292859032,43.36269227280689,225.01284955062636,2.40542419046762,5.0,2
7.167280306336232,81.30909319918224,33.22244907694719,126.23226183378742,2.9730745579708064,42.91931111544612,3
7.117348578746423,60.97757031040667,74.0736168835684,149.2130808915656,4.94740735036479,20.54690061447941,3
5.087895246496963,42.11819042038846,15.276254219304569,189.41399845655386,0.9010312885951861,30.920595381683295,2
8.181450535421567,73.20096857812817,54.63416914692733,176.15863824945745,3.9719351940378607,27.02061268822284,3
7.70836205420926,58.90793544228571,38.32800875830876,187.52562098059346,2.7067535503661513,34.12558738328282,3
7.963735005932845,31.348812231065892,51.77570534369218,195.02144947727118,5.052751620042287,24.354621368842988,3
6.513286555503343,87.17605271161031,41.63430575906211,62.69426837052727,4.973129852113547,11.720309305707584,3
4.37671389962944,55.18957646172953,11.916324066321138,79.28261299299903,2.389302751318417,14.628831800003733,1
7.966808408316706,50.375923839709834,41.43190701338243,208.55848313144205,2.8338284223969414,21.4924177899638,3
6.094442901296313,32.88934660188768,45.03333781959397,110.91304284541566,4.339144115149706,9.147299211873708,3
4.4153297852109965,73.59076535215476,7.120220522133792,116.36770775182204,4.474981490920774,16.456726224082566,2
8.528059048961488,60.34550854722613,69.16072440702848,86.8578738917841,0.5,13.01177573136485,2
9.0,62.58476360590482,44.66811391259158,129.7526055326259,4.334325744228994,21.713132330501097,3
6.438127806531195,39.84937312948463,50.07981610204743,132.53419681577645,5.46972283831138,20.039678023301704,3
9.0,66.68201143820137,22.517059156355323,103.12696561574212,3.3834140491707383,26.19481752854602,2
6.636972092917024,68.23627187141604,50.35926283218427,97.34586275621277,4.425264633983352,33.544673443562324,3
5.929316143750473,36.62443522437755,56.342566893445834,165.9331546087853,4.918134190302322,22.573848142068247,3
5.5543123187217835,21.660197206380182,43.803523422067684,109.61653665557854,3.332390564062173,9.975901605875757,2
8.955623611989115,61.62746118677848,39.85942662218853,119.68438715108692,4.221346214813066,5.0,2
5.329784177918342,18.533061007885205,26.596178126523753,40.68608266129597,3.019029746044863,26.623178094754984,1
7.602903964962481,53.04031555675559,36.75689623325011,246.91001212655124,2.9217477725948946,18.345004680715707,3
5.661254247411188,41.055097904253856,32.31955728611079,197.09120147373503,2.0076878587067783,23.426386111361158,3
5.809539856138455,74.37330421577842,48.579934560890266,125.2596973336529,3.2595336704013143,28.29541155152203,3
8.04537454095435,42.14312218465585,27.25186112323896,105.04595321711398,5.830285252664254,39.431770138315414,2
5.929944730565969,72.14545944007608,48.46976082255336,150.54443986165626,1.6462576379131628,7.5249451310741655,3
5.89280693086956,39.71581111273947,27.415216559055153,149.1733205201173,3.9253093868770494,14.87542374547272,2
8.199207045762211,69.99982010119223,36.064711687599726,86.20167152426765,3.4814326161736644,24.147657060489017,2
8.896095939832435,91.20683087673663,49.24066595519225,22.47318855388201,5.2122416534933524,13.598064147332469,2
7.46703470492635,28.639057232675192,29.443049200209344,123.69620462416655,5.494339965324274,10.109440319844454,2
5.5178453365640765,55.84071443461816,49.75804733466403,71.83127345502433,1.6135837446696546,38.09577368682223,2
5.734087251053631,104.9756483182013,48.29491236507052,158.5689973361771,2.138676822140545,14.520429594889531,3
6.619872895610056,51.331776538058435,35.93573989934585,158.90407833303374,2.22062060625505,11.908147788433272,3
6.981395092888486,51.23576540459297,57.426748020336845,101.33936508290458,2.27370091848401,13.518505118191362,3
5.018201134790342,65.76997894702039,41.16676512965672,123.27078661722734,2.4023272699236875,35.859937950796386,3
7.5845569093697955,50.82161728189509,56.53414789878025,238.1520845989042,3.520596778755542,18.04618349951164,3
6.628269994459399,15.85548010858895,66.90197387315769,188.75642631354813,1.7229195377337492,11.143839457688511,3
3.926437522042806,72.64574749677877,36.38048467448033,127.3873614645548,1.9338127585437372,16.598380991502644,2
5.1066102763089045,9.941031722696145,49.67432476041095,264.59796634679896,1.8141145342299194,24.518293381244888,2
5.743806989522504,41.664166977233165,30.436481120156866,90.15312940141777,3.738936739049293,33.91770995606276,3
6.390713466738418,74.14851498313297,24.507783857377028,109.36526375917225,2.904347487493001,33.07768479226149,3
9.0,42.86915142714429,37.068105139203574,144.47429146460365,2.638047817234254,17.222309940445584,2
6.857256959209442,36.12607015071192,19.560995803758054,73.44964673118423,1.737180453245341,19.68875873662265,2
5.238842165152063,67.5852781033312,25.935883305290353,239.51545823139233,0.5939188924893779,46.02884070979089,2
6.8309462064607445,32.97770426331227,48.871488989816015,159.15760193546402,5.447300591014624,34.956845304815,3
5.971868378819178,25.555485608160925,32.29526476826742,110.50255715501027,2.566908468277826,22.482198090684008,2
6.987137359300313,55.490279749865664,50.65771130682792,172.38934757023807,7.065738666424551,5.0,3
7.370851530553422,46.34153403174818,44.491179070262305,157.30279241489455,4.159187086351476,20.411713415978483,3
8.313845970835906,25.12653771622316,67.76731093028673,134.76744579370768,5.743879249526359,11.73380637860763,2
6.463570256494961,62.7390507998974,47.86505928364069,89.57424165892598,4.490230919271166,16.373186142189418,3
8.958440791399749,59.28975211154467,56.71327105418972,78.18940372354464,3.2377742365304525,15.346681782270315,2
7.862033993804287,42.80489966788736,46.0282699469132,259.34004987216133,2.1035136629100304,22.68791837182924,3
5.438840682781718,44.17335987750107,44.67090251617109,82.36325574450014,1.5347401269052798,25.69759616567377,2
9.0,59.407854840183134,57.47099563169972,234.8982759675688,4.679476525478903,17.684191584146873,3
6.990491769905146,73.80722839504132,50.031961987978974,107.76204261920222,3.3975510735609933,12.22293689745947,3
5.2473132440416475,44.3441357978135,43.15095419436142,189.50162837701612,3.924751561175208,23.210687327160908,3
8.979369576845633,63.093769860162894,43.08481998894577,173.27165450403896,4.221935257423105,20.01721222893842,3
9.0,61.30400434169198,48.073439677456236,183.27093501482085,3.533961581588697,6.024608061883999,3
